account_id,customer_id,account_type,home_city,signup_date,account_risk,ring_id,is_mule,n_transactions,n_flagged,total_inr,max_txn_risk,max_behavioral,behavior_level,neighbour_risk,connected_accounts,reasons,explanation,avg_amount,amount_p10,amount_p90,avg_daily_txns,typical_hours,typical_locations,typical_devices,n_devices,typical_merchants,typical_categories,typical_channels,normal_beneficiaries,n_locations,n_merchants,n_beneficiaries,band,action
A0553,C10553,personal,Bengaluru,2026-07-09,99.0,FR-001,False,70,4,99818.48,98.2,56.0,LOW,98.2,A0548;A0551;A0552;A0554;A0555;A0556;A0557;A0558;A0559;A0560,"[{""code"": ""HIGH_RISK_TRANSACTION"", ""weight"": 0.982, ""evidence"": ""T030354 scored 98 (CRITICAL)"", ""layer"": ""transaction""}, {""code"": ""RING_MEMBER"", ""weight"": 0.982, ""evidence"": ""member of FR-001 (11 accounts, ring risk 98)"", ""layer"": ""network""}]","HIGH_RISK_TRANSACTION: T030354 scored 98 (CRITICAL); RING_MEMBER: member of FR-001 (11 accounts, ring risk 98)",1425.98,155.23,2256.0,1.19,10:00–20:59,Bengaluru,"D0659, D0658, D0692",3,"GreenLeaf Grocers, Dosa Corner, Urban Bites","grocery, restaurants, utilities","pos, app, online",A0548,1,25,1,CRITICAL,FREEZE + INVESTIGATE
A0552,C10552,personal,Coimbatore,2026-06-29,99.0,FR-001,False,88,4,178225.88,98.2,39.7,LOW,98.2,A0548;A0551;A0553;A0554;A0555;A0556;A0557;A0558;A0559;A0560,"[{""code"": ""HIGH_RISK_TRANSACTION"", ""weight"": 0.982, ""evidence"": ""T030377 scored 98 (CRITICAL)"", ""layer"": ""transaction""}, {""code"": ""RING_MEMBER"", ""weight"": 0.982, ""evidence"": ""member of FR-001 (11 accounts, ring risk 98)"", ""layer"": ""network""}]","HIGH_RISK_TRANSACTION: T030377 scored 98 (CRITICAL); RING_MEMBER: member of FR-001 (11 accounts, ring risk 98)",2025.29,216.52,5888.52,1.52,09:00–16:59,Coimbatore,"D0657, D0693",2,"Tiffin Box, Spice Route, HighwayPetro","restaurants, grocery, fuel","pos, app, online",A0548,1,29,1,CRITICAL,FREEZE + INVESTIGATE
A0208,C10208,personal,Pune,2022-11-05,99.0,,False,32,10,77060.99,100.0,53.3,MEDIUM,0.0,,"[{""code"": ""HIGH_RISK_TRANSACTION"", ""weight"": 1.0, ""evidence"": ""T021883 scored 100 (CRITICAL)"", ""layer"": ""transaction""}]",HIGH_RISK_TRANSACTION: T021883 scored 100 (CRITICAL),2408.16,5.07,3370.37,0.58,10:00–20:59,Pune,"D0701, D0247",2,"QuickPay Recharge, Spice Route, Dosa Corner","utilities, restaurants, fuel","pos, online, app",,1,17,0,CRITICAL,FREEZE + INVESTIGATE
A0568,C10568,personal,Coimbatore,2026-08-21,99.0,FR-002,False,25,25,57607.48,90.2,16.0,LOW,90.2,A0549;A0561;A0562;A0563;A0564;A0565;A0566;A0567,"[{""code"": ""HIGH_RISK_TRANSACTION"", ""weight"": 0.902, ""evidence"": ""T014650 scored 90 (CRITICAL)"", ""layer"": ""transaction""}, {""code"": ""RING_MEMBER"", ""weight"": 0.902, ""evidence"": ""member of FR-002 (9 accounts, ring risk 90)"", ""layer"": ""network""}, {""code"": ""CONTROLLED"", ""weight"": 0.6, ""evidence"": ""synthetic identity in FR-002 (new account on a shared device)"", ""layer"": ""network""}]","HIGH_RISK_TRANSACTION: T014650 scored 90 (CRITICAL); RING_MEMBER: member of FR-002 (9 accounts, ring risk 90); CONTROLLED: synthetic identity in FR-002 (new account on a shared device)",2304.3,160.69,4750.33,0.68,09:00–16:59,Coimbatore,D0671,1,"ShopSphere, GreenLeaf Grocers, QuickPay Recharge","online_marketplace, grocery, utilities","pos, app, online",A0549,1,14,1,CRITICAL,FREEZE + INVESTIGATE
A0549,C10549,personal,Chennai,2026-05-26,99.0,FR-002,True,22,22,118596.89,90.2,29.7,LOW,90.2,A0561;A0562;A0563;A0564;A0565;A0566;A0567;A0568,"[{""code"": ""HIGH_RISK_TRANSACTION"", ""weight"": 0.902, ""evidence"": ""T002554 scored 90 (CRITICAL)"", ""layer"": ""transaction""}, {""code"": ""RING_MEMBER"", ""weight"": 0.902, ""evidence"": ""member of FR-002 (9 accounts, ring risk 90)"", ""layer"": ""network""}, {""code"": ""MULE"", ""weight"": 0.7, ""evidence"": ""received ₹101,370 from 8 accounts and passed 98% straight to gift cards/crypto"", ""layer"": ""network""}]","HIGH_RISK_TRANSACTION: T002554 scored 90 (CRITICAL); RING_MEMBER: member of FR-002 (9 accounts, ring risk 90); MULE: received ₹101,370 from 8 accounts and passed 98% straight to gift cards/crypto",5390.77,756.05,12334.98,0.5,05:00–21:59,Chennai,D0653,1,"CoinSwift Exchange, ShopSphere, DailyMart","crypto_exchange, online_marketplace, grocery","online, app, pos",,1,10,0,CRITICAL,FREEZE + INVESTIGATE
A0550,C10550,personal,Kochi,2026-07-01,99.0,FR-004,True,14,14,151377.81,87.8,14.0,LOW,83.2,A0172;A0204;A0315;A0348;A0432,"[{""code"": ""HIGH_RISK_TRANSACTION"", ""weight"": 0.878, ""evidence"": ""T021992 scored 88 (CRITICAL)"", ""layer"": ""transaction""}, {""code"": ""RING_MEMBER"", ""weight"": 0.832, ""evidence"": ""member of FR-004 (6 accounts, ring risk 83)"", ""layer"": ""network""}, {""code"": ""MULE"", ""weight"": 0.7, ""evidence"": ""received ₹158,383 from 5 accounts and passed 93% straight to gift cards/crypto"", ""layer"": ""network""}]","HIGH_RISK_TRANSACTION: T021992 scored 88 (CRITICAL); RING_MEMBER: member of FR-004 (6 accounts, ring risk 83); MULE: received ₹158,383 from 5 accounts and passed 93% straight to gift cards/crypto",10812.7,161.88,30328.55,0.27,06:00–11:59,Kochi,D0654,1,"CoinSwift Exchange, Annapoorna Stores, Tiffin Box","crypto_exchange, grocery, restaurants","pos, app, online",,1,8,0,CRITICAL,FREEZE + INVESTIGATE
A0204,C10204,personal,Mumbai,2024-09-13,99.0,FR-004,False,77,4,310845.29,95.8,81.7,HIGH,83.2,A0172;A0315;A0348;A0432;A0550,"[{""code"": ""HIGH_RISK_TRANSACTION"", ""weight"": 0.958, ""evidence"": ""T034403 scored 96 (CRITICAL)"", ""layer"": ""transaction""}, {""code"": ""RING_MEMBER"", ""weight"": 0.832, ""evidence"": ""member of FR-004 (6 accounts, ring risk 83)"", ""layer"": ""network""}, {""code"": ""BEHAVIOR_DEVIATION"", ""weight"": 0.15, ""evidence"": ""behaviour deviated strongly from profile (max 82/100)"", ""layer"": ""behavioral""}]","HIGH_RISK_TRANSACTION: T034403 scored 96 (CRITICAL); RING_MEMBER: member of FR-004 (6 accounts, ring risk 83); BEHAVIOR_DEVIATION: behaviour deviated strongly from profile (max 82/100)",4036.95,587.05,6808.26,1.33,12:00–18:59,"Mumbai, London, GB","D0242, D0696",2,"ShopSphere, CartKart, DailyMart","online_marketplace, grocery, restaurants","pos, app, online",A0550,2,23,1,CRITICAL,FREEZE + INVESTIGATE
A0551,C10551,personal,Chennai,2026-07-14,99.0,FR-001,False,42,4,101706.3,98.2,63.9,MEDIUM,98.2,A0548;A0552;A0553;A0554;A0555;A0556;A0557;A0558;A0559;A0560,"[{""code"": ""HIGH_RISK_TRANSACTION"", ""weight"": 0.982, ""evidence"": ""T030360 scored 98 (CRITICAL)"", ""layer"": ""transaction""}, {""code"": ""RING_MEMBER"", ""weight"": 0.982, ""evidence"": ""member of FR-001 (11 accounts, ring risk 98)"", ""layer"": ""network""}, {""code"": ""BEHAVIOR_DEVIATION"", ""weight"": 0.15, ""evidence"": ""behaviour deviated strongly from profile (max 64/100)"", ""layer"": ""behavioral""}]","HIGH_RISK_TRANSACTION: T030360 scored 98 (CRITICAL); RING_MEMBER: member of FR-001 (11 accounts, ring risk 98); BEHAVIOR_DEVIATION: behaviour deviated strongly from profile (max 64/100)",2421.58,268.24,6102.3,0.74,07:00–15:59,Chennai,"D0656, D0655, D0692",3,"PowerGrid Pay, ShopSphere, DailyMart","utilities, online_marketplace, grocery","pos, online, app",A0548,1,23,1,CRITICAL,FREEZE + INVESTIGATE
A0254,C10254,personal,Hyderabad,2022-08-23,99.0,,False,78,5,531352.66,99.1,44.8,MEDIUM,0.0,,"[{""code"": ""HIGH_RISK_TRANSACTION"", ""weight"": 0.991, ""evidence"": ""T024089 scored 99 (CRITICAL)"", ""layer"": ""transaction""}]",HIGH_RISK_TRANSACTION: T024089 scored 99 (CRITICAL),6812.21,727.71,14249.49,1.34,14:00–20:59,Hyderabad,D0300,1,"GreenLeaf Grocers, BuyNest, Annapoorna Stores","grocery, restaurants, online_marketplace","pos, app, online","A0455, A0359, A0502",1,24,3,CRITICAL,FREEZE + INVESTIGATE
A0554,C10554,personal,Mumbai,2026-06-18,99.0,FR-001,False,23,4,112379.99,98.2,53.2,MEDIUM,98.2,A0548;A0551;A0552;A0553;A0555;A0556;A0557;A0558;A0559;A0560,"[{""code"": ""HIGH_RISK_TRANSACTION"", ""weight"": 0.982, ""evidence"": ""T030361 scored 98 (CRITICAL)"", ""layer"": ""transaction""}, {""code"": ""RING_MEMBER"", ""weight"": 0.982, ""evidence"": ""member of FR-001 (11 accounts, ring risk 98)"", ""layer"": ""network""}]","HIGH_RISK_TRANSACTION: T030361 scored 98 (CRITICAL); RING_MEMBER: member of FR-001 (11 accounts, ring risk 98)",4886.09,612.66,11921.01,0.42,10:00–20:59,Mumbai,"D0660, D0661, D0693",3,"DailyMart, ShopSphere, Annapoorna Stores","grocery, fuel, online_marketplace","pos, app, online",A0548,1,15,1,CRITICAL,FREEZE + INVESTIGATE
A0555,C10555,personal,Delhi,2026-07-03,99.0,FR-001,False,67,4,121609.55,98.2,59.3,LOW,98.2,A0548;A0551;A0552;A0553;A0554;A0556;A0557;A0558;A0559;A0560,"[{""code"": ""HIGH_RISK_TRANSACTION"", ""weight"": 0.982, ""evidence"": ""T030351 scored 98 (CRITICAL)"", ""layer"": ""transaction""}, {""code"": ""RING_MEMBER"", ""weight"": 0.982, ""evidence"": ""member of FR-001 (11 accounts, ring risk 98)"", ""layer"": ""network""}]","HIGH_RISK_TRANSACTION: T030351 scored 98 (CRITICAL); RING_MEMBER: member of FR-001 (11 accounts, ring risk 98)",1815.07,204.04,3902.11,1.14,09:00–16:59,Delhi,"D0663, D0662, D0692",3,"Annapoorna Stores, Urban Bites, FreshBasket","grocery, restaurants, utilities","pos, app, online",A0548,1,29,1,CRITICAL,FREEZE + INVESTIGATE
A0556,C10556,personal,Hyderabad,2026-07-17,99.0,FR-001,False,68,4,161523.29,98.2,61.9,LOW,98.2,A0548;A0551;A0552;A0553;A0554;A0555;A0557;A0558;A0559;A0560,"[{""code"": ""HIGH_RISK_TRANSACTION"", ""weight"": 0.982, ""evidence"": ""T030366 scored 98 (CRITICAL)"", ""layer"": ""transaction""}, {""code"": ""RING_MEMBER"", ""weight"": 0.982, ""evidence"": ""member of FR-001 (11 accounts, ring risk 98)"", ""layer"": ""network""}, {""code"": ""BEHAVIOR_DEVIATION"", ""weight"": 0.15, ""evidence"": ""behaviour deviated strongly from profile (max 62/100)"", ""layer"": ""behavioral""}]","HIGH_RISK_TRANSACTION: T030366 scored 98 (CRITICAL); RING_MEMBER: member of FR-001 (11 accounts, ring risk 98); BEHAVIOR_DEVIATION: behaviour deviated strongly from profile (max 62/100)",2375.34,328.15,4272.91,1.15,14:00–23:59,Hyderabad,"D0664, D0693",2,"HighwayPetro, CartKart, DailyMart","grocery, fuel, restaurants","pos, app, online",A0548,1,27,1,CRITICAL,FREEZE + INVESTIGATE
A0557,C10557,personal,Kochi,2026-06-26,99.0,FR-001,False,54,4,87763.88,98.2,36.2,LOW,98.2,A0548;A0551;A0552;A0553;A0554;A0555;A0556;A0558;A0559;A0560,"[{""code"": ""HIGH_RISK_TRANSACTION"", ""weight"": 0.982, ""evidence"": ""T030367 scored 98 (CRITICAL)"", ""layer"": ""transaction""}, {""code"": ""RING_MEMBER"", ""weight"": 0.982, ""evidence"": ""member of FR-001 (11 accounts, ring risk 98)"", ""layer"": ""network""}]","HIGH_RISK_TRANSACTION: T030367 scored 98 (CRITICAL); RING_MEMBER: member of FR-001 (11 accounts, ring risk 98)",1625.26,137.63,4462.08,0.92,10:00–19:59,Kochi,D0665,1,"Tiffin Box, Spice Route, Dosa Corner","restaurants, utilities, fuel","pos, app, online",A0548,1,21,1,CRITICAL,FREEZE + INVESTIGATE
A0558,C10558,personal,Pune,2026-06-19,99.0,FR-001,False,49,4,149922.1,98.2,45.4,MEDIUM,98.2,A0548;A0551;A0552;A0553;A0554;A0555;A0556;A0557;A0559;A0560,"[{""code"": ""HIGH_RISK_TRANSACTION"", ""weight"": 0.982, ""evidence"": ""T030358 scored 98 (CRITICAL)"", ""layer"": ""transaction""}, {""code"": ""RING_MEMBER"", ""weight"": 0.982, ""evidence"": ""member of FR-001 (11 accounts, ring risk 98)"", ""layer"": ""network""}]","HIGH_RISK_TRANSACTION: T030358 scored 98 (CRITICAL); RING_MEMBER: member of FR-001 (11 accounts, ring risk 98)",3059.63,398.75,6563.65,0.86,13:00–22:59,Pune,D0666,1,"QuickFill, Urban Bites, Tiffin Box","restaurants, grocery, fuel","pos, app, online",A0548,1,24,1,CRITICAL,FREEZE + INVESTIGATE
A0061,C10061,personal,Kochi,2025-02-21,99.0,,False,105,10,216874.56,100.0,65.0,MEDIUM,0.0,,"[{""code"": ""HIGH_RISK_TRANSACTION"", ""weight"": 1.0, ""evidence"": ""T025441 scored 100 (CRITICAL)"", ""layer"": ""transaction""}, {""code"": ""BEHAVIOR_DEVIATION"", ""weight"": 0.15, ""evidence"": ""behaviour deviated strongly from profile (max 65/100)"", ""layer"": ""behavioral""}]",HIGH_RISK_TRANSACTION: T025441 scored 100 (CRITICAL); BEHAVIOR_DEVIATION: behaviour deviated strongly from profile (max 65/100),2065.47,228.19,4000.0,1.78,07:00–17:59,Kochi,"D0071, D0699",2,"QuickPay Recharge, Tiffin Box, Spice Route","restaurants, grocery, utilities","pos, online, app",,1,24,0,CRITICAL,FREEZE + INVESTIGATE
A0559,C10559,personal,Chennai,2026-06-21,99.0,FR-001,False,65,4,147750.17,98.2,36.1,LOW,98.2,A0548;A0551;A0552;A0553;A0554;A0555;A0556;A0557;A0558;A0560,"[{""code"": ""HIGH_RISK_TRANSACTION"", ""weight"": 0.982, ""evidence"": ""T030363 scored 98 (CRITICAL)"", ""layer"": ""transaction""}, {""code"": ""RING_MEMBER"", ""weight"": 0.982, ""evidence"": ""member of FR-001 (11 accounts, ring risk 98)"", ""layer"": ""network""}]","HIGH_RISK_TRANSACTION: T030363 scored 98 (CRITICAL); RING_MEMBER: member of FR-001 (11 accounts, ring risk 98)",2273.08,358.47,5053.44,1.12,07:00–14:59,Chennai,"D0667, D0668",2,"GreenLeaf Grocers, DailyMart, BuyNest","grocery, online_marketplace, restaurants","pos, app, online",A0548,1,26,1,CRITICAL,FREEZE + INVESTIGATE
A0236,C10236,personal,Pune,2024-09-06,99.0,,False,72,5,336604.01,99.5,59.1,MEDIUM,0.0,,"[{""code"": ""HIGH_RISK_TRANSACTION"", ""weight"": 0.995, ""evidence"": ""T030428 scored 100 (CRITICAL)"", ""layer"": ""transaction""}]",HIGH_RISK_TRANSACTION: T030428 scored 100 (CRITICAL),4675.06,224.37,5873.38,1.26,15:00–22:59,Pune,D0279,1,"Urban Bites, Annapoorna Stores, DailyMart","grocery, restaurants, online_marketplace","pos, app, online","A0431, A0337",1,23,2,CRITICAL,FREEZE + INVESTIGATE
A0560,C10560,personal,Coimbatore,2026-07-07,99.0,FR-001,False,82,4,262740.98,98.2,18.3,LOW,98.2,A0548;A0551;A0552;A0553;A0554;A0555;A0556;A0557;A0558;A0559,"[{""code"": ""HIGH_RISK_TRANSACTION"", ""weight"": 0.982, ""evidence"": ""T030355 scored 98 (CRITICAL)"", ""layer"": ""transaction""}, {""code"": ""RING_MEMBER"", ""weight"": 0.982, ""evidence"": ""member of FR-001 (11 accounts, ring risk 98)"", ""layer"": ""network""}]","HIGH_RISK_TRANSACTION: T030355 scored 98 (CRITICAL); RING_MEMBER: member of FR-001 (11 accounts, ring risk 98)",3204.16,565.4,7462.26,1.44,10:00–18:59,Coimbatore,D0669,1,"Dosa Corner, FreshBasket, DailyMart","grocery, restaurants, utilities","pos, app, online",A0548,1,26,1,CRITICAL,FREEZE + INVESTIGATE
A0562,C10562,personal,Pune,2026-08-24,99.0,FR-002,False,21,21,59844.64,90.7,16.0,LOW,90.2,A0549;A0561;A0563;A0564;A0565;A0566;A0567;A0568,"[{""code"": ""HIGH_RISK_TRANSACTION"", ""weight"": 0.907, ""evidence"": ""T020507 scored 91 (CRITICAL)"", ""layer"": ""transaction""}, {""code"": ""RING_MEMBER"", ""weight"": 0.902, ""evidence"": ""member of FR-002 (9 accounts, ring risk 90)"", ""layer"": ""network""}, {""code"": ""CONTROLLED"", ""weight"": 0.6, ""evidence"": ""synthetic identity in FR-002 (new account on a shared device)"", ""layer"": ""network""}]","HIGH_RISK_TRANSACTION: T020507 scored 91 (CRITICAL); RING_MEMBER: member of FR-002 (9 accounts, ring risk 90); CONTROLLED: synthetic identity in FR-002 (new account on a shared device)",2849.74,357.9,6789.26,0.64,11:00–20:59,Pune,D0671,1,"CartKart, GreenLeaf Grocers, DailyMart","online_marketplace, grocery, restaurants","pos, app, online",A0549,1,13,1,CRITICAL,FREEZE + INVESTIGATE
A0201,C10201,personal,Hyderabad,2023-05-15,99.0,,False,83,9,147568.79,99.9,54.5,LOW,0.0,,"[{""code"": ""HIGH_RISK_TRANSACTION"", ""weight"": 0.999, ""evidence"": ""T018722 scored 100 (CRITICAL)"", ""layer"": ""transaction""}]",HIGH_RISK_TRANSACTION: T018722 scored 100 (CRITICAL),1777.94,70.68,3092.19,1.43,14:00–21:59,Hyderabad,"D0239, D0700",2,"QuickPay Recharge, DailyMart, BuyNest","utilities, grocery, fashion","pos, app, online",,1,23,0,CRITICAL,FREEZE + INVESTIGATE
A0348,C10348,personal,Kochi,2023-02-20,99.0,FR-004,False,44,4,143482.08,94.7,85.2,HIGH,83.2,A0172;A0204;A0315;A0432;A0550,"[{""code"": ""HIGH_RISK_TRANSACTION"", ""weight"": 0.947, ""evidence"": ""T033712 scored 95 (CRITICAL)"", ""layer"": ""transaction""}, {""code"": ""RING_MEMBER"", ""weight"": 0.832, ""evidence"": ""member of FR-004 (6 accounts, ring risk 83)"", ""layer"": ""network""}, {""code"": ""BEHAVIOR_DEVIATION"", ""weight"": 0.15, ""evidence"": ""behaviour deviated strongly from profile (max 85/100)"", ""layer"": ""behavioral""}]","HIGH_RISK_TRANSACTION: T033712 scored 95 (CRITICAL); RING_MEMBER: member of FR-004 (6 accounts, ring risk 83); BEHAVIOR_DEVIATION: behaviour deviated strongly from profile (max 85/100)",3260.96,288.07,5799.04,0.75,09:00–20:59,"Kochi, Frankfurt, DE","D0414, D0697, D0415",3,"FreshBasket, Tiffin Box, Annapoorna Stores","grocery, restaurants, fashion","pos, online, app",A0550,2,21,1,CRITICAL,FREEZE + INVESTIGATE
A0563,C10563,personal,Pune,2026-08-21,99.0,FR-002,False,15,15,51841.32,90.5,9.2,LOW,90.2,A0549;A0561;A0562;A0564;A0565;A0566;A0567;A0568,"[{""code"": ""HIGH_RISK_TRANSACTION"", ""weight"": 0.905, ""evidence"": ""T020070 scored 90 (CRITICAL)"", ""layer"": ""transaction""}, {""code"": ""RING_MEMBER"", ""weight"": 0.902, ""evidence"": ""member of FR-002 (9 accounts, ring risk 90)"", ""layer"": ""network""}, {""code"": ""CONTROLLED"", ""weight"": 0.6, ""evidence"": ""synthetic identity in FR-002 (new account on a shared device)"", ""layer"": ""network""}]","HIGH_RISK_TRANSACTION: T020070 scored 90 (CRITICAL); RING_MEMBER: member of FR-002 (9 accounts, ring risk 90); CONTROLLED: synthetic identity in FR-002 (new account on a shared device)",3456.09,396.79,10994.0,0.44,01:00–23:59,Pune,D0670,1,"BuyNest, DailyMart, CartKart","online_marketplace, grocery, fashion","pos, online, upi",A0549,1,8,1,CRITICAL,FREEZE + INVESTIGATE
A0564,C10564,personal,Kochi,2026-08-19,99.0,FR-002,False,19,19,56208.35,91.9,12.3,LOW,90.2,A0549;A0561;A0562;A0563;A0565;A0566;A0567;A0568,"[{""code"": ""HIGH_RISK_TRANSACTION"", ""weight"": 0.919, ""evidence"": ""T020589 scored 92 (CRITICAL)"", ""layer"": ""transaction""}, {""code"": ""RING_MEMBER"", ""weight"": 0.902, ""evidence"": ""member of FR-002 (9 accounts, ring risk 90)"", ""layer"": ""network""}, {""code"": ""CONTROLLED"", ""weight"": 0.6, ""evidence"": ""synthetic identity in FR-002 (new account on a shared device)"", ""layer"": ""network""}]","HIGH_RISK_TRANSACTION: T020589 scored 92 (CRITICAL); RING_MEMBER: member of FR-002 (9 accounts, ring risk 90); CONTROLLED: synthetic identity in FR-002 (new account on a shared device)",2958.33,461.57,5754.38,0.47,03:00–18:59,Kochi,D0671,1,"DailyMart, BuyNest, FreshBasket","grocery, online_marketplace, utilities","pos, app, online",A0549,1,9,1,CRITICAL,FREEZE + INVESTIGATE
A0565,C10565,personal,Pune,2026-08-21,99.0,FR-002,False,11,11,32947.33,90.6,20.0,LOW,90.2,A0549;A0561;A0562;A0563;A0564;A0566;A0567;A0568,"[{""code"": ""HIGH_RISK_TRANSACTION"", ""weight"": 0.906, ""evidence"": ""T020601 scored 91 (CRITICAL)"", ""layer"": ""transaction""}, {""code"": ""RING_MEMBER"", ""weight"": 0.902, ""evidence"": ""member of FR-002 (9 accounts, ring risk 90)"", ""layer"": ""network""}, {""code"": ""CONTROLLED"", ""weight"": 0.6, ""evidence"": ""synthetic identity in FR-002 (new account on a shared device)"", ""layer"": ""network""}]","HIGH_RISK_TRANSACTION: T020601 scored 91 (CRITICAL); RING_MEMBER: member of FR-002 (9 accounts, ring risk 90); CONTROLLED: synthetic identity in FR-002 (new account on a shared device)",2995.21,808.3,4471.69,0.34,06:00–19:59,Pune,D0670,1,"BuyNest, CityFuel, FreshBasket","online_marketplace, fuel, grocery","pos, app, upi",A0549,1,7,1,CRITICAL,FREEZE + INVESTIGATE
A0566,C10566,personal,Bengaluru,2026-08-20,99.0,FR-002,False,18,18,51511.21,93.5,25.9,LOW,90.2,A0549;A0561;A0562;A0563;A0564;A0565;A0567;A0568,"[{""code"": ""HIGH_RISK_TRANSACTION"", ""weight"": 0.935, ""evidence"": ""T028204 scored 94 (CRITICAL)"", ""layer"": ""transaction""}, {""code"": ""RING_MEMBER"", ""weight"": 0.902, ""evidence"": ""member of FR-002 (9 accounts, ring risk 90)"", ""layer"": ""network""}, {""code"": ""CONTROLLED"", ""weight"": 0.6, ""evidence"": ""synthetic identity in FR-002 (new account on a shared device)"", ""layer"": ""network""}]","HIGH_RISK_TRANSACTION: T028204 scored 94 (CRITICAL); RING_MEMBER: member of FR-002 (9 accounts, ring risk 90); CONTROLLED: synthetic identity in FR-002 (new account on a shared device)",2861.73,274.66,6678.46,0.51,09:00–21:59,Bengaluru,D0671,1,"ShopSphere, BuyNest, MediQuick","online_marketplace, pharmacy, fashion","app, pos, online",A0549,1,11,1,CRITICAL,FREEZE + INVESTIGATE
A0567,C10567,personal,Kochi,2026-08-20,99.0,FR-002,False,18,18,57366.91,90.2,6.6,LOW,90.2,A0549;A0561;A0562;A0563;A0564;A0565;A0566;A0568,"[{""code"": ""HIGH_RISK_TRANSACTION"", ""weight"": 0.902, ""evidence"": ""T016296 scored 90 (CRITICAL)"", ""layer"": ""transaction""}, {""code"": ""RING_MEMBER"", ""weight"": 0.902, ""evidence"": ""member of FR-002 (9 accounts, ring risk 90)"", ""layer"": ""network""}, {""code"": ""CONTROLLED"", ""weight"": 0.6, ""evidence"": ""synthetic identity in FR-002 (new account on a shared device)"", ""layer"": ""network""}]","HIGH_RISK_TRANSACTION: T016296 scored 90 (CRITICAL); RING_MEMBER: member of FR-002 (9 accounts, ring risk 90); CONTROLLED: synthetic identity in FR-002 (new account on a shared device)",3187.05,215.15,7713.42,0.55,06:00–22:59,Kochi,D0670,1,"ShopSphere, PowerGrid Pay, CartKart","online_marketplace, utilities, grocery","app, pos, online",A0549,1,8,1,CRITICAL,FREEZE + INVESTIGATE
A0561,C10561,personal,Bengaluru,2026-08-24,99.0,FR-002,False,10,10,31722.03,92.3,16.0,LOW,90.2,A0549;A0562;A0563;A0564;A0565;A0566;A0567;A0568,"[{""code"": ""HIGH_RISK_TRANSACTION"", ""weight"": 0.923, ""evidence"": ""T021979 scored 92 (CRITICAL)"", ""layer"": ""transaction""}, {""code"": ""RING_MEMBER"", ""weight"": 0.902, ""evidence"": ""member of FR-002 (9 accounts, ring risk 90)"", ""layer"": ""network""}, {""code"": ""CONTROLLED"", ""weight"": 0.6, ""evidence"": ""synthetic identity in FR-002 (new account on a shared device)"", ""layer"": ""network""}]","HIGH_RISK_TRANSACTION: T021979 scored 92 (CRITICAL); RING_MEMBER: member of FR-002 (9 accounts, ring risk 90); CONTROLLED: synthetic identity in FR-002 (new account on a shared device)",3172.2,283.28,6131.86,0.38,05:00–21:59,Bengaluru,D0670,1,"BuyNest, Annapoorna Stores, DailyMart","online_marketplace, grocery, fashion","pos, online, app",A0549,1,6,1,CRITICAL,FREEZE + INVESTIGATE
A0548,C10548,personal,Coimbatore,2026-07-05,99.0,FR-001,True,17,17,173109.57,98.2,2.4,LOW,98.2,A0551;A0552;A0553;A0554;A0555;A0556;A0557;A0558;A0559;A0560,"[{""code"": ""HIGH_RISK_TRANSACTION"", ""weight"": 0.982, ""evidence"": ""T004440 scored 98 (CRITICAL)"", ""layer"": ""transaction""}, {""code"": ""RING_MEMBER"", ""weight"": 0.982, ""evidence"": ""member of FR-001 (11 accounts, ring risk 98)"", ""layer"": ""network""}, {""code"": ""MULE"", ""weight"": 0.7, ""evidence"": ""received ₹157,394 from 10 accounts and passed 100% straight to gift cards/crypto"", ""layer"": ""network""}]","HIGH_RISK_TRANSACTION: T004440 scored 98 (CRITICAL); RING_MEMBER: member of FR-001 (11 accounts, ring risk 98); MULE: received ₹157,394 from 10 accounts and passed 100% straight to gift cards/crypto",10182.92,1511.76,16995.96,0.33,11:00–15:59,Coimbatore,D0652,1,"CoinSwift Exchange, BuyNest, DailyMart","crypto_exchange, online_marketplace, grocery","app, online, pos",,1,6,0,CRITICAL,FREEZE + INVESTIGATE
A0315,C10315,personal,Mumbai,2025-04-13,98.9,FR-004,False,63,4,189440.5,92.0,82.1,HIGH,83.2,A0172;A0204;A0348;A0432;A0550,"[{""code"": ""HIGH_RISK_TRANSACTION"", ""weight"": 0.92, ""evidence"": ""T032341 scored 92 (CRITICAL)"", ""layer"": ""transaction""}, {""code"": ""RING_MEMBER"", ""weight"": 0.832, ""evidence"": ""member of FR-004 (6 accounts, ring risk 83)"", ""layer"": ""network""}, {""code"": ""BEHAVIOR_DEVIATION"", ""weight"": 0.15, ""evidence"": ""behaviour deviated strongly from profile (max 82/100)"", ""layer"": ""behavioral""}]","HIGH_RISK_TRANSACTION: T032341 scored 92 (CRITICAL); RING_MEMBER: member of FR-004 (6 accounts, ring risk 83); BEHAVIOR_DEVIATION: behaviour deviated strongly from profile (max 82/100)",3006.99,287.98,5431.17,1.11,11:00–20:59,"Mumbai, Bangkok, TH","D0374, D0698",2,"Annapoorna Stores, Spice Route, Urban Bites","restaurants, grocery, fashion","pos, app, online",A0550,2,25,1,CRITICAL,FREEZE + INVESTIGATE
A0172,C10172,personal,Mumbai,2025-05-26,98.8,FR-004,False,57,4,168562.86,91.8,82.1,HIGH,83.2,A0204;A0315;A0348;A0432;A0550,"[{""code"": ""HIGH_RISK_TRANSACTION"", ""weight"": 0.918, ""evidence"": ""T031688 scored 92 (CRITICAL)"", ""layer"": ""transaction""}, {""code"": ""RING_MEMBER"", ""weight"": 0.832, ""evidence"": ""member of FR-004 (6 accounts, ring risk 83)"", ""layer"": ""network""}, {""code"": ""BEHAVIOR_DEVIATION"", ""weight"": 0.15, ""evidence"": ""behaviour deviated strongly from profile (max 82/100)"", ""layer"": ""behavioral""}]","HIGH_RISK_TRANSACTION: T031688 scored 92 (CRITICAL); RING_MEMBER: member of FR-004 (6 accounts, ring risk 83); BEHAVIOR_DEVIATION: behaviour deviated strongly from profile (max 82/100)",2957.24,187.5,6898.52,0.97,07:00–15:59,"Mumbai, Singapore, SG","D0204, D0694",2,"Annapoorna Stores, DailyMart, Tiffin Box","grocery, online_marketplace, restaurants","pos, online, app",A0550,2,22,1,CRITICAL,FREEZE + INVESTIGATE
A0432,C10432,personal,Hyderabad,2023-06-30,98.8,FR-004,False,51,4,181330.81,91.8,78.4,HIGH,83.2,A0172;A0204;A0315;A0348;A0550,"[{""code"": ""HIGH_RISK_TRANSACTION"", ""weight"": 0.918, ""evidence"": ""T021962 scored 92 (CRITICAL)"", ""layer"": ""transaction""}, {""code"": ""RING_MEMBER"", ""weight"": 0.832, ""evidence"": ""member of FR-004 (6 accounts, ring risk 83)"", ""layer"": ""network""}, {""code"": ""BEHAVIOR_DEVIATION"", ""weight"": 0.15, ""evidence"": ""behaviour deviated strongly from profile (max 78/100)"", ""layer"": ""behavioral""}]","HIGH_RISK_TRANSACTION: T021962 scored 92 (CRITICAL); RING_MEMBER: member of FR-004 (6 accounts, ring risk 83); BEHAVIOR_DEVIATION: behaviour deviated strongly from profile (max 78/100)",3555.51,224.75,5762.54,0.89,06:00–16:59,"Hyderabad, Dubai, AE","D0514, D0515, D0695",3,"FreshBasket, ShopSphere, CartKart","grocery, online_marketplace, restaurants","pos, app, online",A0550,2,21,1,CRITICAL,FREEZE + INVESTIGATE
A0334,C10334,personal,Chennai,2024-09-22,98.3,,False,77,4,281404.74,98.3,52.6,MEDIUM,0.0,,"[{""code"": ""HIGH_RISK_TRANSACTION"", ""weight"": 0.983, ""evidence"": ""T035583 scored 98 (CRITICAL)"", ""layer"": ""transaction""}]",HIGH_RISK_TRANSACTION: T035583 scored 98 (CRITICAL),3654.61,201.61,3980.72,1.31,10:00–17:59,Chennai,"D0397, D0398",2,"FreshBasket, BuyNest, DailyMart","grocery, online_marketplace, utilities","pos, app, online","A0332, A0311, A0350",1,24,3,CRITICAL,FREEZE + INVESTIGATE
A0186,C10186,personal,Pune,2024-05-26,98.2,FR-003,False,92,2,142600.23,86.5,22.8,LOW,0.0,A0028;A0031;A0073;A0158;A0222,"[{""code"": ""HIGH_RISK_TRANSACTION"", ""weight"": 0.865, ""evidence"": ""T032330 scored 86 (CRITICAL)"", ""layer"": ""transaction""}, {""code"": ""RING_MEMBER"", ""weight"": 0.865, ""evidence"": ""member of FR-003 (6 accounts, ring risk 86)"", ""layer"": ""network""}]","HIGH_RISK_TRANSACTION: T032330 scored 86 (CRITICAL); RING_MEMBER: member of FR-003 (6 accounts, ring risk 86)",1550.0,183.53,2687.97,1.56,11:00–18:59,Pune,D0222,1,"GreenLeaf Grocers, Tiffin Box, Spice Route","grocery, restaurants, online_marketplace","pos, online, app",,1,23,0,CRITICAL,FREEZE + INVESTIGATE
A0222,C10222,personal,Hyderabad,2023-03-07,98.2,FR-003,False,95,3,235504.81,86.5,21.5,LOW,0.0,A0028;A0031;A0073;A0158;A0186,"[{""code"": ""HIGH_RISK_TRANSACTION"", ""weight"": 0.865, ""evidence"": ""T032327 scored 86 (CRITICAL)"", ""layer"": ""transaction""}, {""code"": ""RING_MEMBER"", ""weight"": 0.865, ""evidence"": ""member of FR-003 (6 accounts, ring risk 86)"", ""layer"": ""network""}]","HIGH_RISK_TRANSACTION: T032327 scored 86 (CRITICAL); RING_MEMBER: member of FR-003 (6 accounts, ring risk 86)",2479.0,378.02,3992.56,1.61,14:00–22:59,Hyderabad,"D0262, D0261",2,"GreenLeaf Grocers, CartKart, Tiffin Box","grocery, restaurants, online_marketplace","pos, app, online",,1,22,0,CRITICAL,FREEZE + INVESTIGATE
A0028,C10028,personal,Chennai,2023-11-10,98.2,FR-003,False,102,3,143944.54,86.5,36.5,MEDIUM,0.0,A0031;A0073;A0158;A0186;A0222,"[{""code"": ""HIGH_RISK_TRANSACTION"", ""weight"": 0.865, ""evidence"": ""T032331 scored 86 (CRITICAL)"", ""layer"": ""transaction""}, {""code"": ""RING_MEMBER"", ""weight"": 0.865, ""evidence"": ""member of FR-003 (6 accounts, ring risk 86)"", ""layer"": ""network""}]","HIGH_RISK_TRANSACTION: T032331 scored 86 (CRITICAL); RING_MEMBER: member of FR-003 (6 accounts, ring risk 86)",1411.22,125.08,1703.2,1.82,10:00–16:59,Chennai,D0031,1,"FreshBasket, GreenLeaf Grocers, Annapoorna Stores","grocery, restaurants, online_marketplace","pos, online, app",,1,25,0,CRITICAL,FREEZE + INVESTIGATE
A0073,C10073,personal,Kochi,2023-07-19,98.2,FR-003,False,91,2,131257.47,86.5,31.1,LOW,0.0,A0028;A0031;A0158;A0186;A0222,"[{""code"": ""HIGH_RISK_TRANSACTION"", ""weight"": 0.865, ""evidence"": ""T032332 scored 86 (CRITICAL)"", ""layer"": ""transaction""}, {""code"": ""RING_MEMBER"", ""weight"": 0.865, ""evidence"": ""member of FR-003 (6 accounts, ring risk 86)"", ""layer"": ""network""}]","HIGH_RISK_TRANSACTION: T032332 scored 86 (CRITICAL); RING_MEMBER: member of FR-003 (6 accounts, ring risk 86)",1442.39,181.84,2664.85,1.65,11:00–18:59,Kochi,D0086,1,"FreshBasket, GreenLeaf Grocers, DailyMart","grocery, fuel, restaurants","pos, app, online",,1,25,0,CRITICAL,FREEZE + INVESTIGATE
A0158,C10158,personal,Pune,2025-07-12,98.2,FR-003,False,63,3,228529.71,86.5,22.2,LOW,0.0,A0028;A0031;A0073;A0186;A0222,"[{""code"": ""HIGH_RISK_TRANSACTION"", ""weight"": 0.865, ""evidence"": ""T032323 scored 86 (CRITICAL)"", ""layer"": ""transaction""}, {""code"": ""RING_MEMBER"", ""weight"": 0.865, ""evidence"": ""member of FR-003 (6 accounts, ring risk 86)"", ""layer"": ""network""}]","HIGH_RISK_TRANSACTION: T032323 scored 86 (CRITICAL); RING_MEMBER: member of FR-003 (6 accounts, ring risk 86)",3627.46,368.4,9675.5,1.07,10:00–18:59,Pune,D0186,1,"Spice Route, ShopSphere, BuyNest","online_marketplace, restaurants, grocery","pos, app, online",,1,22,0,CRITICAL,FREEZE + INVESTIGATE
A0031,C10031,personal,Mumbai,2025-05-11,98.2,FR-003,False,46,3,79229.14,86.5,45.2,MEDIUM,0.0,A0028;A0073;A0158;A0186;A0222,"[{""code"": ""HIGH_RISK_TRANSACTION"", ""weight"": 0.865, ""evidence"": ""T032329 scored 86 (CRITICAL)"", ""layer"": ""transaction""}, {""code"": ""RING_MEMBER"", ""weight"": 0.865, ""evidence"": ""member of FR-003 (6 accounts, ring risk 86)"", ""layer"": ""network""}]","HIGH_RISK_TRANSACTION: T032329 scored 86 (CRITICAL); RING_MEMBER: member of FR-003 (6 accounts, ring risk 86)",1722.37,155.16,1555.32,0.79,08:00–15:59,Mumbai,D0035,1,"Annapoorna Stores, DailyMart, ShopSphere","grocery, online_marketplace, fuel","pos, online, app",,1,19,0,CRITICAL,FREEZE + INVESTIGATE
A0311,C10311,personal,Delhi,2026-01-28,57.4,,False,40,0,55859.85,37.3,66.2,MEDIUM,98.3,A0334,"[{""code"": ""HIGH_RISK_TRANSACTION"", ""weight"": 0.373, ""evidence"": ""T013270 scored 37 (MEDIUM)"", ""layer"": ""transaction""}, {""code"": ""BEHAVIOR_DEVIATION"", ""weight"": 0.15, ""evidence"": ""behaviour deviated strongly from profile (max 66/100)"", ""layer"": ""behavioral""}, {""code"": ""CONNECTED"", ""weight"": 0.2, ""evidence"": ""linked to high-risk account A0334 via transfer"", ""layer"": ""network""}]",HIGH_RISK_TRANSACTION: T013270 scored 37 (MEDIUM); BEHAVIOR_DEVIATION: behaviour deviated strongly from profile (max 66/100); CONNECTED: linked to high-risk account A0334 via transfer,1396.5,139.26,3559.37,0.73,15:00–21:59,"Delhi, Bangkok, TH",D0370,1,"FreshBasket, Annapoorna Stores, DailyMart","grocery, restaurants, online_marketplace","pos, online, app",,2,18,0,MEDIUM,MONITOR
A0455,C10455,personal,Coimbatore,2025-05-24,47.4,,False,35,0,56961.88,34.2,27.9,LOW,99.1,A0254,"[{""code"": ""HIGH_RISK_TRANSACTION"", ""weight"": 0.342, ""evidence"": ""T037740 scored 34 (MEDIUM)"", ""layer"": ""transaction""}, {""code"": ""CONNECTED"", ""weight"": 0.2, ""evidence"": ""linked to high-risk account A0254 via transfer"", ""layer"": ""network""}]",HIGH_RISK_TRANSACTION: T037740 scored 34 (MEDIUM); CONNECTED: linked to high-risk account A0254 via transfer,1627.48,258.01,2916.08,0.65,15:00–23:59,Coimbatore,D0542,1,"DailyMart, Annapoorna Stores, CartKart","grocery, fuel, online_marketplace","pos, app, online",,1,18,0,MEDIUM,MONITOR
A0343,C10343,personal,Mumbai,2025-07-12,41.0,,False,108,0,2869726.29,41.0,42.8,LOW,0.0,,"[{""code"": ""HIGH_RISK_TRANSACTION"", ""weight"": 0.41, ""evidence"": ""T003983 scored 41 (MEDIUM)"", ""layer"": ""transaction""}]",HIGH_RISK_TRANSACTION: T003983 scored 41 (MEDIUM),26571.54,260.92,10878.1,1.86,13:00–21:59,Mumbai,D0409,1,"ShopSphere, CartKart, DailyMart","online_marketplace, grocery, restaurants","pos, app, online","A0545, A0544",1,23,2,MEDIUM,MONITOR
A0403,C10403,personal,Kochi,2022-09-06,40.6,,False,67,0,2741841.75,40.6,41.7,LOW,0.0,,"[{""code"": ""HIGH_RISK_TRANSACTION"", ""weight"": 0.406, ""evidence"": ""T015779 scored 41 (MEDIUM)"", ""layer"": ""transaction""}]",HIGH_RISK_TRANSACTION: T015779 scored 41 (MEDIUM),40923.01,472.39,96896.91,1.14,08:00–17:59,Kochi,D0479,1,"FreshBasket, HighwayPetro, CityFuel","restaurants, grocery, fuel","pos, app, online","A0547, A0544",1,24,2,MEDIUM,MONITOR
A0200,C10200,personal,Bengaluru,2023-10-26,39.7,,False,89,0,103000.62,39.7,45.0,LOW,0.0,,"[{""code"": ""HIGH_RISK_TRANSACTION"", ""weight"": 0.397, ""evidence"": ""T002615 scored 40 (MEDIUM)"", ""layer"": ""transaction""}]",HIGH_RISK_TRANSACTION: T002615 scored 40 (MEDIUM),1157.31,143.5,2214.46,1.51,08:00–16:59,Bengaluru,D0238,1,"GreenLeaf Grocers, HighwayPetro, FreshBasket","grocery, restaurants, pharmacy","pos, online, app",A0543,1,26,1,MEDIUM,MONITOR
A0270,C10270,personal,Mumbai,2024-10-19,39.0,,False,92,0,124802.44,39.0,37.2,LOW,0.0,,"[{""code"": ""HIGH_RISK_TRANSACTION"", ""weight"": 0.39, ""evidence"": ""T001957 scored 39 (MEDIUM)"", ""layer"": ""transaction""}]",HIGH_RISK_TRANSACTION: T001957 scored 39 (MEDIUM),1356.55,142.76,2056.53,1.56,13:00–21:59,Mumbai,D0321,1,"GreenLeaf Grocers, Annapoorna Stores, Spice Route","grocery, online_marketplace, restaurants","pos, app, online",A0543,1,23,1,MEDIUM,MONITOR
A0190,C10190,personal,Pune,2026-02-12,38.4,,False,70,0,163138.55,38.4,33.6,LOW,0.0,,"[{""code"": ""HIGH_RISK_TRANSACTION"", ""weight"": 0.384, ""evidence"": ""T003277 scored 38 (MEDIUM)"", ""layer"": ""transaction""}]",HIGH_RISK_TRANSACTION: T003277 scored 38 (MEDIUM),2330.55,295.68,4038.56,1.21,15:00–21:59,Pune,D0226,1,"Spice Route, CartKart, ShopSphere","restaurants, online_marketplace, grocery","pos, app, online",A0543,1,24,1,MEDIUM,MONITOR
A0033,C10033,personal,Delhi,2023-07-25,38.3,,False,101,0,207800.78,38.3,38.0,LOW,0.0,,"[{""code"": ""HIGH_RISK_TRANSACTION"", ""weight"": 0.383, ""evidence"": ""T002591 scored 38 (MEDIUM)"", ""layer"": ""transaction""}]",HIGH_RISK_TRANSACTION: T002591 scored 38 (MEDIUM),2057.43,308.4,3839.27,1.74,10:00–19:59,Delhi,D0037,1,"GreenLeaf Grocers, DailyMart, FreshBasket","grocery, restaurants, online_marketplace","pos, app, online",A0542,1,23,1,MEDIUM,MONITOR
A0424,C10424,personal,Coimbatore,2024-05-27,35.6,,False,30,0,87545.4,35.6,46.0,MEDIUM,0.0,,"[{""code"": ""HIGH_RISK_TRANSACTION"", ""weight"": 0.356, ""evidence"": ""T013442 scored 36 (MEDIUM)"", ""layer"": ""transaction""}]",HIGH_RISK_TRANSACTION: T013442 scored 36 (MEDIUM),2918.18,554.43,6377.16,0.56,08:00–18:59,"Coimbatore, London, GB","D0505, D0506",2,"GreenLeaf Grocers, ShopSphere, DailyMart","grocery, online_marketplace, restaurants","pos, app, online",,2,13,0,MEDIUM,MONITOR
A0354,C10354,personal,Hyderabad,2022-08-30,32.0,,False,99,0,221531.98,32.0,21.7,LOW,0.0,,"[{""code"": ""HIGH_RISK_TRANSACTION"", ""weight"": 0.32, ""evidence"": ""T020551 scored 32 (MEDIUM)"", ""layer"": ""transaction""}]",HIGH_RISK_TRANSACTION: T020551 scored 32 (MEDIUM),2237.7,344.8,4400.0,1.68,12:00–19:59,Hyderabad,D0682,1,"Spice Route, ShopSphere, HighwayPetro","restaurants, grocery, fashion","pos, app, online",,1,27,0,MEDIUM,MONITOR
A0332,C10332,personal,Kochi,2023-03-24,20.0,,False,34,0,85854.7,19.0,28.8,LOW,98.3,A0334,"[{""code"": ""CONNECTED"", ""weight"": 0.2, ""evidence"": ""linked to high-risk account A0334 via transfer"", ""layer"": ""network""}]",CONNECTED: linked to high-risk account A0334 via transfer,2525.14,204.42,8367.73,0.59,11:00–19:59,"Kochi, Frankfurt, DE",D0394,1,"GreenLeaf Grocers, FreshBasket, BuyNest","grocery, online_marketplace, pharmacy","pos, online, app",,2,13,0,LOW,NO ACTION
A0337,C10337,personal,Kochi,2022-10-24,20.0,,False,36,0,89935.04,14.5,10.1,LOW,99.5,A0236,"[{""code"": ""CONNECTED"", ""weight"": 0.2, ""evidence"": ""linked to high-risk account A0236 via transfer"", ""layer"": ""network""}]",CONNECTED: linked to high-risk account A0236 via transfer,2498.2,155.0,4136.42,0.67,15:00–23:59,Kochi,D0402,1,"PowerGrid Pay, Spice Route, CartKart","restaurants, utilities, pharmacy","pos, app, online",A0541,1,20,1,LOW,NO ACTION
A0502,C10502,personal,Bengaluru,2024-08-25,20.0,,False,74,0,167475.56,27.6,9.7,LOW,99.1,A0254,"[{""code"": ""CONNECTED"", ""weight"": 0.2, ""evidence"": ""linked to high-risk account A0254 via transfer"", ""layer"": ""network""}]",CONNECTED: linked to high-risk account A0254 via transfer,2263.18,370.76,5634.89,1.25,14:00–22:59,Bengaluru,D0597,1,"GreenLeaf Grocers, DailyMart, FreshBasket","grocery, restaurants, fuel","pos, app, online",,1,26,0,LOW,NO ACTION
A0350,C10350,personal,Chennai,2023-03-14,20.0,,False,66,0,113122.87,18.6,27.2,LOW,98.3,A0334,"[{""code"": ""CONNECTED"", ""weight"": 0.2, ""evidence"": ""linked to high-risk account A0334 via transfer"", ""layer"": ""network""}]",CONNECTED: linked to high-risk account A0334 via transfer,1713.98,252.44,4638.35,1.14,09:00–16:59,"Chennai, Bangkok, TH",D0417,1,"GreenLeaf Grocers, Annapoorna Stores, CartKart","grocery, restaurants, fashion","pos, app, online",,2,17,0,LOW,NO ACTION
A0359,C10359,personal,Coimbatore,2024-05-07,20.0,,False,39,0,83656.45,16.1,16.7,LOW,99.1,A0254,"[{""code"": ""CONNECTED"", ""weight"": 0.2, ""evidence"": ""linked to high-risk account A0254 via transfer"", ""layer"": ""network""}]",CONNECTED: linked to high-risk account A0254 via transfer,2145.04,203.96,6952.03,0.68,15:00–21:59,Coimbatore,D0429,1,"ShopSphere, Spice Route, Urban Bites","restaurants, online_marketplace, grocery","pos, online, app",A0542,1,19,1,LOW,NO ACTION
A0431,C10431,personal,Bengaluru,2026-03-26,20.0,,False,60,0,77066.37,27.1,15.7,LOW,99.5,A0236,"[{""code"": ""CONNECTED"", ""weight"": 0.2, ""evidence"": ""linked to high-risk account A0236 via transfer"", ""layer"": ""network""}]",CONNECTED: linked to high-risk account A0236 via transfer,1284.44,128.37,1855.83,1.02,13:00–20:59,Bengaluru,D0513,1,"FreshBasket, Annapoorna Stores, GreenLeaf Grocers","grocery, restaurants, fuel","pos, app, upi",A0543,1,21,1,LOW,NO ACTION
A0041,C10041,personal,Kochi,2025-08-12,0.0,,False,58,0,46012.11,16.4,20.6,LOW,0.0,,[],no risk factors,793.31,85.76,1560.93,1.04,12:00–19:59,Kochi,D0047,1,"FreshBasket, GreenLeaf Grocers, DailyMart","grocery, restaurants, fashion","pos, app, online",,1,20,0,LOW,NO ACTION
A0042,C10042,personal,Bengaluru,2024-06-02,0.0,,False,88,0,130997.21,16.8,22.0,LOW,0.0,,[],no risk factors,1488.6,119.0,2073.66,1.49,10:00–18:59,Bengaluru,D0048,1,"GreenLeaf Grocers, Tiffin Box, PowerGrid Pay","grocery, restaurants, utilities","pos, app, online",,1,26,0,LOW,NO ACTION
A0043,C10043,personal,Coimbatore,2022-10-22,0.0,,False,102,0,236957.29,17.4,24.5,LOW,0.0,,[],no risk factors,2323.11,299.85,4530.51,1.79,06:00–14:59,Coimbatore,"D0049, D0050",2,"Tiffin Box, DailyMart, QuickFill","grocery, restaurants, fuel","pos, app, online",,1,26,0,LOW,NO ACTION
A0044,C10044,personal,Delhi,2025-01-16,0.0,,False,47,0,96011.83,2.4,9.8,LOW,0.0,,[],no risk factors,2042.8,219.79,5876.23,0.81,07:00–15:59,Delhi,D0051,1,"CartKart, ShopSphere, Dosa Corner","online_marketplace, restaurants, grocery","pos, app, online",,1,19,0,LOW,NO ACTION
A0045,C10045,personal,Bengaluru,2024-07-08,0.0,,False,62,0,86227.16,4.2,16.7,LOW,0.0,,[],no risk factors,1390.76,213.47,3031.89,1.11,11:00–18:59,Bengaluru,D0691,1,"Dosa Corner, DailyMart, HighwayPetro","grocery, restaurants, online_marketplace","pos, app, online",,1,20,0,LOW,NO ACTION
A0046,C10046,personal,Hyderabad,2023-05-12,0.0,,False,59,0,51202.46,3.6,14.5,LOW,0.0,,[],no risk factors,867.84,183.18,1737.74,1.09,07:00–15:59,Hyderabad,D0053,1,"GreenLeaf Grocers, Tiffin Box, ShopSphere","grocery, restaurants, online_marketplace","pos, app, online",,1,20,0,LOW,NO ACTION
A0047,C10047,personal,Kochi,2022-12-03,0.0,,False,68,0,104317.2,18.2,28.0,LOW,0.0,,[],no risk factors,1534.08,171.06,2370.58,1.17,12:00–20:59,Kochi,D0054,1,"BuyNest, Dosa Corner, Tiffin Box","restaurants, online_marketplace, grocery","pos, online, app",,1,24,0,LOW,NO ACTION
A0048,C10048,personal,Delhi,2024-12-18,0.0,,False,88,0,179031.71,9.2,14.2,LOW,0.0,,[],no risk factors,2034.45,326.09,4521.11,1.63,09:00–16:59,Delhi,D0055,1,"FreshBasket, DailyMart, ShopSphere","grocery, online_marketplace, restaurants","pos, app, online",,1,23,0,LOW,NO ACTION
A0049,C10049,personal,Pune,2022-11-07,0.0,,False,56,0,161968.73,26.1,29.9,LOW,0.0,,[],no risk factors,2892.3,545.17,6010.95,1.04,10:00–16:59,Pune,D0056,1,"Annapoorna Stores, FreshBasket, DailyMart","grocery, restaurants, online_marketplace","pos, app, online",,1,23,0,LOW,NO ACTION
A0050,C10050,personal,Bengaluru,2025-02-20,0.0,,False,40,0,48564.3,17.1,23.4,LOW,0.0,,[],no risk factors,1214.11,183.95,2316.3,0.73,14:00–23:59,Bengaluru,D0057,1,"Annapoorna Stores, DailyMart, FreshBasket","grocery, fashion, utilities","pos, app, online",,1,18,0,LOW,NO ACTION
A0051,C10051,personal,Chennai,2023-06-11,0.0,,False,72,0,157574.11,12.8,24.0,LOW,0.0,,[],no risk factors,2188.53,272.44,4414.84,1.22,07:00–15:59,Chennai,D0058,1,"DailyMart, Annapoorna Stores, Urban Bites","grocery, restaurants, utilities","pos, online, app",,1,29,0,LOW,NO ACTION
A0052,C10052,personal,Pune,2025-11-10,0.0,,False,32,0,48156.43,18.9,26.4,LOW,0.0,,[],no risk factors,1504.89,340.96,2982.35,0.56,13:00–20:59,Pune,"D0059, D0060",2,"Tiffin Box, DailyMart, FreshBasket","restaurants, grocery, online_marketplace","pos, app, online",,1,17,0,LOW,NO ACTION
A0053,C10053,personal,Delhi,2025-07-04,0.0,,False,75,0,55222.81,4.4,17.6,LOW,0.0,,[],no risk factors,736.3,136.22,1216.17,1.32,12:00–21:59,Delhi,D0061,1,"Dosa Corner, Urban Bites, CartKart","restaurants, online_marketplace, fuel","pos, app, online",,1,25,0,LOW,NO ACTION
A0054,C10054,personal,Chennai,2024-11-10,0.0,,False,47,0,115509.17,22.5,27.2,LOW,0.0,,[],no risk factors,2457.64,133.74,4045.7,0.84,09:00–16:59,Chennai,D0062,1,"CartKart, BuyNest, Annapoorna Stores","online_marketplace, grocery, restaurants","pos, online, app",,1,20,0,LOW,NO ACTION
A0055,C10055,personal,Pune,2023-02-04,0.0,,False,47,0,94179.13,11.8,20.0,LOW,0.0,,[],no risk factors,2003.81,284.32,3214.7,0.81,12:00–19:59,Pune,"D0063, D0064",2,"FreshBasket, Urban Bites, Annapoorna Stores","grocery, restaurants, fashion","pos, app, upi",A0543,1,17,1,LOW,NO ACTION
A0056,C10056,personal,Hyderabad,2025-04-15,0.0,,False,62,0,70277.65,4.0,16.0,LOW,0.0,,[],no risk factors,1133.51,218.29,2082.92,1.07,10:00–18:59,Hyderabad,D0065,1,"Spice Route, DailyMart, Urban Bites","restaurants, grocery, fuel","pos, app, online",,1,22,0,LOW,NO ACTION
A0057,C10057,personal,Kochi,2023-02-07,0.0,,False,29,0,62667.61,24.0,31.0,LOW,0.0,,[],no risk factors,2160.95,485.76,4591.23,0.52,08:00–14:59,Kochi,D0066,1,"Annapoorna Stores, GreenLeaf Grocers, FreshBasket","grocery, online_marketplace, utilities","pos, app, online",,1,17,0,LOW,NO ACTION
A0058,C10058,personal,Bengaluru,2024-12-18,0.0,,False,95,0,301567.88,4.0,15.9,LOW,0.0,,[],no risk factors,3174.4,529.93,7306.06,1.67,14:00–22:59,"Bengaluru, Singapore, SG",D0067,1,"BuyNest, CartKart, Threads & Co","online_marketplace, restaurants, fashion","pos, online, app",,2,25,0,LOW,NO ACTION
A0059,C10059,personal,Bengaluru,2023-11-23,0.0,,False,72,0,149690.96,3.4,13.5,LOW,0.0,,[],no risk factors,2079.04,422.52,3219.81,1.26,08:00–15:59,Bengaluru,"D0068, D0069",2,"DailyMart, Urban Bites, BuyNest","grocery, online_marketplace, restaurants","pos, online, app",,1,22,0,LOW,NO ACTION
A0060,C10060,personal,Hyderabad,2023-10-22,0.0,,False,89,0,204686.78,18.2,28.0,LOW,0.0,,[],no risk factors,2299.85,287.43,4399.68,1.53,12:00–19:59,Hyderabad,D0070,1,"FreshBasket, Annapoorna Stores, Dosa Corner","grocery, restaurants, online_marketplace","pos, online, app",,1,23,0,LOW,NO ACTION
A0062,C10062,personal,Hyderabad,2022-12-10,0.0,,False,74,0,63037.71,15.5,16.9,LOW,0.0,,[],no risk factors,851.86,145.55,1829.04,1.25,09:00–18:59,Hyderabad,D0072,1,"FreshBasket, HighwayPetro, Annapoorna Stores","grocery, fuel, restaurants","pos, online, app",,1,23,0,LOW,NO ACTION
A0063,C10063,personal,Bengaluru,2024-12-13,0.0,,False,46,0,55272.86,17.0,22.8,LOW,0.0,,[],no risk factors,1201.58,185.26,2763.92,0.79,07:00–14:59,Bengaluru,"D0074, D0073",2,"Tiffin Box, Annapoorna Stores, Spice Route","grocery, restaurants, fuel","pos, online, app",,1,20,0,LOW,NO ACTION
A0064,C10064,personal,Chennai,2023-09-23,0.0,,False,111,0,220509.96,3.8,15.1,LOW,0.0,,[],no risk factors,1986.58,282.23,4143.64,1.95,07:00–16:59,"Chennai, Dubai, AE",D0075,1,"Spice Route, ShopSphere, Tiffin Box","restaurants, grocery, online_marketplace","pos, app, online",,2,26,0,LOW,NO ACTION
A0065,C10065,personal,Pune,2024-03-18,0.0,,False,46,0,167911.24,6.9,27.5,LOW,0.0,,[],no risk factors,3650.24,551.82,9416.83,0.82,06:00–17:59,Pune,D0076,1,"CityFuel, FreshBasket, DailyMart","grocery, fuel, online_marketplace","pos, app, online",,1,23,0,LOW,NO ACTION
A0066,C10066,personal,Chennai,2025-01-15,0.0,,False,47,0,164983.38,18.2,28.0,LOW,0.0,,[],no risk factors,3510.28,357.12,5400.0,0.8,11:00–19:59,Chennai,"D0077, D0078",2,"Spice Route, Tiffin Box, DailyMart","restaurants, grocery, online_marketplace","pos, app, online",,1,20,0,LOW,NO ACTION
A0067,C10067,personal,Mumbai,2025-05-04,0.0,,False,55,0,144351.92,19.0,31.0,LOW,0.0,,[],no risk factors,2624.58,374.23,6793.64,0.96,10:00–16:59,Mumbai,D0079,1,"FreshBasket, Annapoorna Stores, StyleLane","grocery, fashion, online_marketplace","pos, online, app",,1,20,0,LOW,NO ACTION
A0068,C10068,personal,Kochi,2026-04-24,0.0,,False,56,0,102256.46,16.8,30.4,LOW,0.0,,[],no risk factors,1826.01,224.14,1855.42,1.0,09:00–16:59,Kochi,D0080,1,"GreenLeaf Grocers, Annapoorna Stores, DailyMart","grocery, restaurants, fashion","pos, online, app",A0541,1,20,1,LOW,NO ACTION
A0069,C10069,personal,Kochi,2022-08-23,0.0,,False,99,0,411265.15,20.0,35.0,LOW,0.0,,[],no risk factors,4154.19,652.3,5000.0,1.68,07:00–15:59,Kochi,"D0082, D0081",2,"FreshBasket, DailyMart, Tiffin Box","grocery, restaurants, fuel","pos, app, online",,1,23,0,LOW,NO ACTION
A0070,C10070,personal,Kochi,2022-10-12,0.0,,False,53,0,190276.23,16.8,22.0,LOW,0.0,,[],no risk factors,3590.12,262.71,2548.31,0.95,16:00–23:59,Kochi,D0083,1,"FreshBasket, Tiffin Box, BuyNest","grocery, fashion, restaurants","pos, app, online",,1,21,0,LOW,NO ACTION
A0071,C10071,personal,Kochi,2025-05-28,0.0,,False,70,0,127542.86,4.6,18.2,LOW,0.0,,[],no risk factors,1822.04,260.18,3968.99,1.19,12:00–18:59,Kochi,D0084,1,"GreenLeaf Grocers, Annapoorna Stores, Tiffin Box","grocery, restaurants, online_marketplace","pos, app, online",,1,23,0,LOW,NO ACTION
A0072,C10072,personal,Mumbai,2024-10-30,0.0,,False,62,0,52647.61,16.2,20.0,LOW,0.0,,[],no risk factors,849.16,141.55,1524.35,1.09,09:00–15:59,Mumbai,D0085,1,"DailyMart, Spice Route, Tiffin Box","restaurants, grocery, fuel","pos, online, app",,1,19,0,LOW,NO ACTION
A0074,C10074,personal,Mumbai,2025-07-28,0.0,,False,94,0,141939.5,18.2,28.0,LOW,0.0,,[],no risk factors,1509.99,97.74,1372.76,1.59,07:00–13:59,Mumbai,D0087,1,"GreenLeaf Grocers, DailyMart, FreshBasket","grocery, fuel, online_marketplace","pos, app, online",,1,26,0,LOW,NO ACTION
A0075,C10075,personal,Hyderabad,2023-07-29,0.0,,False,22,0,34693.41,2.1,8.4,LOW,0.0,,[],no risk factors,1576.97,176.53,4446.86,0.39,09:00–18:59,Hyderabad,D0088,1,"Annapoorna Stores, Threads & Co, BuyNest","online_marketplace, grocery, pharmacy","pos, app",,1,14,0,LOW,NO ACTION
A0076,C10076,personal,Delhi,2025-11-09,0.0,,False,41,0,70203.36,16.4,20.7,LOW,0.0,,[],no risk factors,1712.28,295.86,3201.22,0.71,06:00–14:59,Delhi,D0089,1,"BuyNest, Annapoorna Stores, CityFuel","grocery, online_marketplace, fuel","pos, app, online",,1,21,0,LOW,NO ACTION
A0077,C10077,personal,Chennai,2023-02-15,0.0,,False,42,0,81516.49,2.8,11.4,LOW,0.0,,[],no risk factors,1940.87,369.14,3508.79,0.72,11:00–18:59,Chennai,D0090,1,"Dosa Corner, DailyMart, Urban Bites","restaurants, online_marketplace, grocery","pos, online, app",,1,16,0,LOW,NO ACTION
A0078,C10078,personal,Kochi,2024-02-06,0.0,,False,57,0,101474.08,15.6,17.3,LOW,0.0,,[],no risk factors,1780.25,435.92,3000.0,0.97,12:00–21:59,Kochi,D0091,1,"FreshBasket, DailyMart, GreenLeaf Grocers","grocery, fuel, online_marketplace","pos, online, app",,1,17,0,LOW,NO ACTION
A0079,C10079,personal,Delhi,2025-11-20,0.0,,False,79,0,188957.96,4.0,16.0,LOW,0.0,,[],no risk factors,2391.87,229.64,5283.19,1.44,11:00–19:59,Delhi,D0092,1,"CartKart, BuyNest, FreshBasket","grocery, online_marketplace, restaurants","pos, app, online",A0541,1,24,1,LOW,NO ACTION
A0080,C10080,personal,Hyderabad,2025-10-30,0.0,,False,88,0,90903.78,11.0,17.0,LOW,0.0,,[],no risk factors,1033.0,141.16,1794.23,1.54,08:00–15:59,Hyderabad,D0093,1,"GreenLeaf Grocers, DailyMart, Dosa Corner","grocery, restaurants, online_marketplace","pos, app, online",,1,30,0,LOW,NO ACTION
A0081,C10081,personal,Pune,2022-08-01,0.0,,False,75,0,202224.63,16.2,19.9,LOW,0.0,,[],no risk factors,2696.33,296.56,5023.6,1.27,12:00–19:59,Pune,D0094,1,"GreenLeaf Grocers, DailyMart, FreshBasket","grocery, online_marketplace, restaurants","pos, app, online",,1,24,0,LOW,NO ACTION
A0082,C10082,personal,Pune,2024-10-28,0.0,,False,40,0,37686.53,11.2,18.0,LOW,0.0,,[],no risk factors,942.16,184.2,1993.18,0.71,09:00–17:59,Pune,"D0096, D0095",2,"CartKart, DailyMart, BuyNest","grocery, online_marketplace, restaurants","pos, app, online",,1,15,0,LOW,NO ACTION
A0083,C10083,personal,Kochi,2025-09-18,0.0,,False,31,0,74746.44,9.0,36.1,LOW,0.0,,[],no risk factors,2411.18,298.49,6020.09,0.58,10:00–23:59,"Kochi, Frankfurt, DE",D0097,1,"Threads & Co, Urban Bites, Spice Route","restaurants, fashion, online_marketplace","pos, online, app",,2,17,0,LOW,NO ACTION
A0084,C10084,personal,Hyderabad,2022-10-15,0.0,,False,50,0,115315.81,4.7,18.9,LOW,0.0,,[],no risk factors,2306.32,415.84,6231.58,0.86,14:00–22:59,Hyderabad,"D0098, D0099",2,"Annapoorna Stores, Urban Bites, Dosa Corner","restaurants, grocery, online_marketplace","pos, app, online",A0542,1,19,1,LOW,NO ACTION
A0085,C10085,personal,Coimbatore,2026-01-12,0.0,,False,79,0,125209.75,16.4,23.8,LOW,0.0,,[],no risk factors,1584.93,225.38,2970.48,1.41,13:00–21:59,Coimbatore,D0100,1,"FreshBasket, Annapoorna Stores, GreenLeaf Grocers","grocery, restaurants, online_marketplace","pos, app, online",,1,23,0,LOW,NO ACTION
A0086,C10086,personal,Pune,2022-07-22,0.0,,False,38,0,3035704.04,4.6,14.0,LOW,0.0,,[],no risk factors,79886.95,464.21,320767.67,0.67,14:00–22:59,Pune,D0101,1,"GreenLeaf Grocers, Annapoorna Stores, FreshBasket","grocery, online_marketplace, restaurants","pos, netbanking, app","A0544, A0546",1,12,2,LOW,NO ACTION
A0087,C10087,personal,Delhi,2024-03-13,0.0,,False,23,0,34683.17,4.1,16.3,LOW,0.0,,[],no risk factors,1507.96,236.1,2199.52,0.4,10:00–17:59,Delhi,D0102,1,"GreenLeaf Grocers, StyleLane, PowerGrid Pay","grocery, fashion, utilities","pos, app, online",,1,11,0,LOW,NO ACTION
A0088,C10088,personal,Kochi,2025-04-08,0.0,,False,32,0,57810.08,3.5,14.0,LOW,0.0,,[],no risk factors,1806.56,213.72,4071.96,0.56,11:00–20:59,Kochi,D0103,1,"FreshBasket, AquaBill, QuickPay Recharge","grocery, utilities, online_marketplace","pos, app, online",,1,17,0,LOW,NO ACTION
A0089,C10089,personal,Delhi,2026-04-22,0.0,,False,50,0,89416.04,22.4,24.9,LOW,0.0,,[],no risk factors,1788.32,327.04,3250.03,0.85,09:00–15:59,Delhi,D0104,1,"FreshBasket, HighwayPetro, CityFuel","grocery, fuel, restaurants","pos, app, online",,1,20,0,LOW,NO ACTION
A0090,C10090,personal,Pune,2025-03-17,0.0,,False,31,0,59886.99,3.0,12.1,LOW,0.0,,[],no risk factors,1931.84,124.41,2894.56,0.54,11:00–19:59,Pune,"D0105, D0106",2,"PowerGrid Pay, Spice Route, Urban Bites","restaurants, utilities, online_marketplace","pos, online, app",A0541,1,17,1,LOW,NO ACTION
A0091,C10091,personal,Hyderabad,2024-08-13,0.0,,False,82,0,213128.61,4.0,16.0,LOW,0.0,,[],no risk factors,2599.13,369.71,4445.68,1.46,13:00–22:59,Hyderabad,"D0108, D0107",2,"Annapoorna Stores, GreenLeaf Grocers, Spice Route","grocery, utilities, restaurants","pos, app, online",,1,23,0,LOW,NO ACTION
A0092,C10092,personal,Chennai,2024-12-15,0.0,,False,20,0,48104.04,3.6,14.5,LOW,0.0,,[],no risk factors,2405.2,393.96,5324.25,0.4,13:00–23:59,Chennai,D0688,1,"FreshBasket, GreenLeaf Grocers, VoltX Gadgets","grocery, online_marketplace, restaurants","pos, app, online",,1,15,0,LOW,NO ACTION
A0093,C10093,personal,Chennai,2024-10-19,0.0,,False,77,0,81876.14,17.1,24.1,LOW,0.0,,[],no risk factors,1063.33,220.9,2051.53,1.33,10:00–18:59,Chennai,"D0111, D0110",2,"Urban Bites, QuickFill, Annapoorna Stores","restaurants, grocery, fuel","pos, app, online",,1,21,0,LOW,NO ACTION
A0094,C10094,personal,Kochi,2025-02-08,0.0,,False,35,0,32468.05,18.2,28.0,LOW,0.0,,[],no risk factors,927.66,139.69,1501.92,0.59,17:00–23:59,Kochi,D0112,1,"Urban Bites, FreshBasket, DailyMart","grocery, restaurants, fuel","pos, app, online",,1,15,0,LOW,NO ACTION
A0095,C10095,personal,Pune,2025-07-11,0.0,,False,98,0,166140.9,3.5,14.0,LOW,0.0,,[],no risk factors,1695.32,243.03,2885.8,1.66,15:00–23:59,Pune,D0113,1,"GreenLeaf Grocers, Annapoorna Stores, DailyMart","grocery, online_marketplace, restaurants","pos, app, online",,1,22,0,LOW,NO ACTION
A0096,C10096,personal,Kochi,2023-01-04,0.0,,False,51,0,76101.11,7.5,30.1,LOW,0.0,,[],no risk factors,1492.18,195.39,3027.07,0.88,08:00–16:59,Kochi,D0114,1,"DailyMart, CartKart, Annapoorna Stores","grocery, online_marketplace, restaurants","pos, app, online",,1,22,0,LOW,NO ACTION
A0097,C10097,personal,Hyderabad,2026-05-02,0.0,,False,46,0,50524.3,16.6,21.5,LOW,0.0,,[],no risk factors,1098.35,128.23,2438.96,0.81,08:00–16:59,Hyderabad,D0115,1,"FreshBasket, QuickPay Recharge, Tiffin Box","grocery, restaurants, utilities","pos, app, online",,1,24,0,LOW,NO ACTION
A0098,C10098,personal,Hyderabad,2024-12-23,0.0,,False,62,0,89490.97,3.9,15.7,LOW,0.0,,[],no risk factors,1443.4,231.93,2716.1,1.05,06:00–14:59,Hyderabad,D0116,1,"GreenLeaf Grocers, Annapoorna Stores, Urban Bites","grocery, restaurants, utilities","pos, app, online",,1,20,0,LOW,NO ACTION
A0099,C10099,personal,Pune,2023-01-26,0.0,,False,90,0,231341.26,4.0,16.0,LOW,0.0,,[],no risk factors,2570.46,509.09,5237.89,1.55,14:00–21:59,Pune,D0117,1,"GreenLeaf Grocers, Annapoorna Stores, DailyMart","grocery, online_marketplace, fuel","pos, app, online",,1,24,0,LOW,NO ACTION
A0100,C10100,personal,Pune,2023-11-09,0.0,,False,80,0,100600.95,1.9,7.6,LOW,0.0,,[],no risk factors,1257.51,167.29,2766.25,1.36,08:00–16:59,Pune,D0118,1,"QuickPay Recharge, GreenLeaf Grocers, FreshBasket","grocery, restaurants, online_marketplace","pos, online, app",,1,23,0,LOW,NO ACTION
A0101,C10101,personal,Hyderabad,2025-12-02,0.0,,False,33,0,70939.46,5.0,20.0,LOW,0.0,,[],no risk factors,2149.68,257.76,4195.14,0.65,06:00–13:59,Hyderabad,D0119,1,"FreshBasket, Urban Bites, DailyMart","grocery, restaurants, pharmacy","pos, app, online",,1,17,0,LOW,NO ACTION
A0102,C10102,personal,Hyderabad,2025-08-03,0.0,,False,56,0,48724.15,2.3,9.3,LOW,0.0,,[],no risk factors,870.07,177.29,1709.0,1.02,08:00–14:59,Hyderabad,D0120,1,"Tiffin Box, Spice Route, GreenLeaf Grocers","restaurants, grocery, fuel","pos, app, online",,1,23,0,LOW,NO ACTION
A0103,C10103,personal,Coimbatore,2024-12-15,0.0,,False,34,0,68430.41,3.5,14.0,LOW,0.0,,[],no risk factors,2012.66,366.93,3936.18,0.67,15:00–22:59,Coimbatore,D0682,1,"DailyMart, HighwayPetro, GreenLeaf Grocers","grocery, fuel, restaurants","pos, app, online",,1,16,0,LOW,NO ACTION
A0104,C10104,personal,Coimbatore,2022-08-02,0.0,,False,60,0,113092.29,4.0,16.0,LOW,0.0,,[],no risk factors,1884.87,255.65,3617.58,1.13,10:00–16:59,Coimbatore,D0122,1,"Urban Bites, Dosa Corner, GreenLeaf Grocers","restaurants, grocery, utilities","pos, online, app",,1,22,0,LOW,NO ACTION
A0105,C10105,personal,Chennai,2026-03-18,0.0,,False,85,0,136010.16,3.5,14.0,LOW,0.0,,[],no risk factors,1600.12,188.83,3288.86,1.44,15:00–23:59,Chennai,"D0123, D0124",2,"ShopSphere, Tiffin Box, Urban Bites","restaurants, online_marketplace, grocery","pos, app, online",,1,25,0,LOW,NO ACTION
A0106,C10106,personal,Delhi,2025-07-30,0.0,,False,115,0,196304.96,7.0,28.0,LOW,0.0,,[],no risk factors,1707.0,216.67,3600.73,1.95,15:00–22:59,Delhi,"D0125, D0126",2,"ShopSphere, GreenLeaf Grocers, FreshBasket","grocery, online_marketplace, restaurants","pos, app, online",A0542,1,24,1,LOW,NO ACTION
A0107,C10107,personal,Coimbatore,2024-08-07,0.0,,False,41,0,45360.18,17.0,23.1,LOW,0.0,,[],no risk factors,1106.35,221.59,2096.18,0.71,07:00–14:59,Coimbatore,D0127,1,"Dosa Corner, Tiffin Box, PowerGrid Pay","restaurants, grocery, utilities","pos, online, app",,1,19,0,LOW,NO ACTION
A0108,C10108,personal,Hyderabad,2022-10-23,0.0,,False,31,0,55043.35,3.5,14.0,LOW,0.0,,[],no risk factors,1775.59,358.87,3855.72,0.53,06:00–15:59,Hyderabad,D0128,1,"FreshBasket, ShopSphere, BuyNest","grocery, online_marketplace, fuel","pos, online, app",,1,17,0,LOW,NO ACTION
A0109,C10109,personal,Delhi,2025-10-29,0.0,,False,67,0,72193.0,17.7,25.9,LOW,0.0,,[],no risk factors,1077.51,206.68,1770.9,1.2,15:00–21:59,Delhi,D0129,1,"FreshBasket, Tiffin Box, Annapoorna Stores","grocery, restaurants, pharmacy","pos, app, online",,1,21,0,LOW,NO ACTION
A0110,C10110,personal,Pune,2025-08-22,0.0,,False,88,0,173947.05,4.2,16.9,LOW,0.0,,[],no risk factors,1976.67,288.62,4753.01,1.57,09:00–17:59,Pune,D0130,1,"ShopSphere, Annapoorna Stores, PowerGrid Pay","online_marketplace, grocery, utilities","pos, app, online",,1,22,0,LOW,NO ACTION
A0111,C10111,personal,Mumbai,2023-05-10,0.0,,False,34,0,89757.45,4.0,16.2,LOW,0.0,,[],no risk factors,2639.92,489.47,4844.25,0.69,09:00–14:59,Mumbai,D0131,1,"Tiffin Box, QuickPay Recharge, Urban Bites","restaurants, online_marketplace, grocery","pos, app, online",,1,17,0,LOW,NO ACTION
A0112,C10112,personal,Bengaluru,2024-07-12,0.0,,False,53,0,98773.94,7.0,28.0,LOW,0.0,,[],no risk factors,1863.66,171.95,4914.24,0.9,10:00–17:59,Bengaluru,D0132,1,"ShopSphere, DailyMart, Annapoorna Stores","grocery, online_marketplace, restaurants","pos, online, app",A0543,1,19,1,LOW,NO ACTION
A0113,C10113,personal,Pune,2025-09-29,0.0,,False,61,0,82165.89,3.0,12.0,LOW,0.0,,[],no risk factors,1346.98,204.04,3373.34,1.05,08:00–15:59,Pune,"D0133, D0134",2,"FreshBasket, Annapoorna Stores, Dosa Corner","grocery, restaurants, online_marketplace","pos, app, online",,1,25,0,LOW,NO ACTION
A0114,C10114,personal,Delhi,2025-01-11,0.0,,False,56,0,130785.1,11.4,20.0,LOW,0.0,,[],no risk factors,2335.45,320.27,3927.76,0.98,15:00–23:59,Delhi,D0135,1,"Annapoorna Stores, GreenLeaf Grocers, ShopSphere","grocery, online_marketplace, restaurants","pos, app, online",,1,18,0,LOW,NO ACTION
A0115,C10115,personal,Bengaluru,2025-07-30,0.0,,False,43,0,43594.99,5.8,23.3,LOW,0.0,,[],no risk factors,1013.84,292.87,1912.62,0.75,13:00–19:59,Bengaluru,D0136,1,"GreenLeaf Grocers, Annapoorna Stores, DailyMart","grocery, restaurants, online_marketplace","pos, app, online",,1,16,0,LOW,NO ACTION
A0116,C10116,personal,Bengaluru,2025-04-14,0.0,,False,51,0,151666.87,11.2,10.6,LOW,0.0,,[],no risk factors,2973.86,317.17,7618.36,0.89,14:00–22:59,Bengaluru,D0137,1,"DailyMart, Kurta House, BuyNest","restaurants, grocery, fashion","pos, app, online",,1,20,0,LOW,NO ACTION
A0117,C10117,personal,Pune,2025-03-19,0.0,,False,35,0,118241.73,18.4,28.8,LOW,0.0,,[],no risk factors,3378.34,126.28,1612.57,0.62,08:00–14:59,Pune,D0138,1,"FreshBasket, GreenLeaf Grocers, Annapoorna Stores","grocery, restaurants, utilities","pos, app, online",,1,17,0,LOW,NO ACTION
A0118,C10118,personal,Delhi,2025-07-16,0.0,,False,32,0,22392.08,17.2,23.8,LOW,0.0,,[],no risk factors,699.75,130.25,1288.0,0.56,16:00–23:59,Delhi,D0139,1,"AquaBill, ShopSphere, Annapoorna Stores","utilities, grocery, online_marketplace","pos, app, online",,1,15,0,LOW,NO ACTION
A0119,C10119,personal,Mumbai,2025-02-22,0.0,,False,61,0,74168.86,5.1,20.5,LOW,0.0,,[],no risk factors,1215.88,289.2,1823.21,1.11,15:00–22:59,Mumbai,D0140,1,"Annapoorna Stores, DailyMart, FreshBasket","grocery, fuel, online_marketplace","pos, app, online",,1,21,0,LOW,NO ACTION
A0120,C10120,personal,Kochi,2025-06-28,0.0,,False,70,0,185601.11,4.5,18.1,LOW,0.0,,[],no risk factors,2651.44,344.77,5100.0,1.21,07:00–14:59,Kochi,D0141,1,"Urban Bites, Spice Route, Dosa Corner","restaurants, grocery, utilities","pos, app, online",,1,21,0,LOW,NO ACTION
A0121,C10121,personal,Hyderabad,2023-08-26,0.0,,False,93,0,83181.94,1.8,7.2,LOW,0.0,,[],no risk factors,894.43,151.04,1931.26,1.63,11:00–18:59,Hyderabad,"D0142, D0143",2,"DailyMart, CartKart, Annapoorna Stores","grocery, online_marketplace, restaurants","pos, app, online",,1,22,0,LOW,NO ACTION
A0122,C10122,personal,Mumbai,2024-01-24,0.0,,False,39,0,53121.39,25.9,36.4,LOW,0.0,,[],no risk factors,1362.09,215.71,2438.78,0.66,09:00–18:59,Mumbai,"D0144, D0145",2,"CityFuel, GreenLeaf Grocers, Annapoorna Stores","grocery, fuel, restaurants","pos, app, online",,1,18,0,LOW,NO ACTION
A0123,C10123,personal,Hyderabad,2022-09-22,0.0,,False,77,0,116531.12,16.1,25.6,LOW,0.0,,[],no risk factors,1513.39,134.38,3448.83,1.4,16:00–23:59,Hyderabad,D0146,1,"AquaBill, Kurta House, MediQuick","utilities, online_marketplace, fashion","pos, app, online",,1,24,0,LOW,NO ACTION
A0124,C10124,personal,Pune,2025-04-23,0.0,,False,94,0,200815.39,13.5,19.0,LOW,0.0,,[],no risk factors,2136.33,318.13,4598.24,1.59,13:00–19:59,Pune,D0147,1,"Tiffin Box, DailyMart, Spice Route","restaurants, grocery, online_marketplace","pos, app, online",A0541,1,22,1,LOW,NO ACTION
A0125,C10125,personal,Hyderabad,2023-04-01,0.0,,False,79,0,227832.08,8.6,34.4,LOW,0.0,,[],no risk factors,2883.95,303.62,8945.13,1.36,08:00–17:59,"Hyderabad, London, GB",D0148,1,"BuyNest, GreenLeaf Grocers, DailyMart","grocery, online_marketplace, restaurants","pos, online, app",,2,23,0,LOW,NO ACTION
A0126,C10126,personal,Coimbatore,2025-02-07,0.0,,False,88,0,162780.34,3.1,12.5,LOW,0.0,,[],no risk factors,1849.78,154.41,4080.69,1.49,13:00–20:59,Coimbatore,D0149,1,"Urban Bites, Spice Route, Dosa Corner","restaurants, grocery, fuel","pos, app, online",A0542,1,26,1,LOW,NO ACTION
A0127,C10127,personal,Pune,2022-10-09,0.0,,False,55,0,67682.12,16.3,20.1,LOW,0.0,,[],no risk factors,1230.58,181.47,3203.36,1.0,16:00–23:59,Pune,D0150,1,"Urban Bites, Spice Route, Dosa Corner","restaurants, online_marketplace, grocery","pos, app, online",,1,22,0,LOW,NO ACTION
A0128,C10128,personal,Kochi,2025-08-09,0.0,,False,85,0,141252.66,5.1,20.4,LOW,0.0,,[],no risk factors,1661.8,278.56,3321.4,1.47,11:00–20:59,"Kochi, Frankfurt, DE","D0151, D0152",2,"ShopSphere, Annapoorna Stores, QuickFill","grocery, online_marketplace, restaurants","pos, online, app",,2,24,0,LOW,NO ACTION
A0129,C10129,personal,Mumbai,2025-10-28,0.0,,False,36,0,72623.34,5.4,21.6,LOW,0.0,,[],no risk factors,2017.31,383.18,5497.07,0.72,08:00–15:59,Mumbai,D0153,1,"DailyMart, CartKart, FreshBasket","grocery, online_marketplace, restaurants","pos, online, app",,1,17,0,LOW,NO ACTION
A0130,C10130,personal,Mumbai,2025-02-21,0.0,,False,28,0,81554.42,4.0,16.2,LOW,0.0,,[],no risk factors,2912.66,327.39,9993.27,0.51,09:00–18:59,Mumbai,D0154,1,"Dosa Corner, FreshBasket, Urban Bites","restaurants, grocery, online_marketplace","pos, online, upi",A0543,1,13,1,LOW,NO ACTION
A0131,C10131,personal,Hyderabad,2025-05-04,0.0,,False,78,0,83916.64,15.4,16.5,LOW,0.0,,[],no risk factors,1075.85,256.97,2056.81,1.34,12:00–20:59,Hyderabad,D0155,1,"FreshBasket, DailyMart, GreenLeaf Grocers","grocery, restaurants, online_marketplace","pos, online, app",,1,22,0,LOW,NO ACTION
A0132,C10132,personal,Pune,2025-08-04,0.0,,False,106,0,188465.77,16.6,21.4,LOW,0.0,,[],no risk factors,1777.98,279.04,3993.16,1.83,15:00–23:59,Pune,"D0156, D0157",2,"Urban Bites, Dosa Corner, GreenLeaf Grocers","restaurants, grocery, online_marketplace","pos, app, online",,1,24,0,LOW,NO ACTION
A0133,C10133,personal,Kochi,2024-11-04,0.0,,False,68,0,117989.0,3.5,14.0,LOW,0.0,,[],no risk factors,1735.13,181.61,3627.68,1.17,08:00–15:59,Kochi,D0158,1,"FreshBasket, PowerGrid Pay, CityFuel","grocery, restaurants, fuel","pos, app, online",,1,24,0,LOW,NO ACTION
A0134,C10134,personal,Pune,2022-11-01,0.0,,False,37,0,61919.84,4.2,16.7,LOW,0.0,,[],no risk factors,1673.51,364.02,3228.07,0.66,12:00–19:59,Pune,D0159,1,"HighwayPetro, Threads & Co, GreenLeaf Grocers","grocery, restaurants, fuel","pos, online, app",,1,20,0,LOW,NO ACTION
A0135,C10135,personal,Coimbatore,2023-09-23,0.0,,False,31,0,60452.23,5.0,20.0,LOW,0.0,,[],no risk factors,1950.07,389.21,4109.98,0.53,12:00–19:59,Coimbatore,D0160,1,"CircuitHub, GreenLeaf Grocers, QuickPay Recharge","grocery, utilities, fuel","pos, app, online",,1,17,0,LOW,NO ACTION
A0136,C10136,personal,Hyderabad,2025-08-14,0.0,,False,32,0,18785.27,2.7,10.8,LOW,0.0,,[],no risk factors,587.04,122.78,1129.76,0.6,16:00–22:59,Hyderabad,D0683,1,"DailyMart, FreshBasket, Annapoorna Stores","grocery, restaurants, fuel","pos, app, online",,1,16,0,LOW,NO ACTION
A0137,C10137,personal,Pune,2026-04-14,0.0,,False,83,0,159442.69,10.4,10.5,LOW,0.0,,[],no risk factors,1921.0,251.84,3805.13,1.41,07:00–16:59,Pune,D0162,1,"ShopSphere, DailyMart, Dosa Corner","grocery, online_marketplace, restaurants","pos, online, app",,1,23,0,LOW,NO ACTION
A0138,C10138,personal,Delhi,2023-09-23,0.0,,False,63,0,90044.32,3.5,14.0,LOW,0.0,,[],no risk factors,1429.27,204.48,2764.76,1.12,10:00–18:59,Delhi,D0163,1,"GreenLeaf Grocers, Dosa Corner, CityFuel","grocery, restaurants, fuel","pos, online, app",,1,22,0,LOW,NO ACTION
A0139,C10139,personal,Hyderabad,2025-12-08,0.0,,False,43,0,94143.46,16.5,21.1,LOW,0.0,,[],no risk factors,2189.38,403.12,3924.04,0.83,09:00–16:59,Hyderabad,D0164,1,"Annapoorna Stores, Dosa Corner, QuickFill","grocery, restaurants, fuel","pos, app, online",,1,19,0,LOW,NO ACTION
A0140,C10140,personal,Bengaluru,2024-02-24,0.0,,False,64,0,147419.88,23.0,20.5,LOW,0.0,,[],no risk factors,2303.44,430.94,3925.26,1.14,06:00–15:59,Bengaluru,D0165,1,"CartKart, GreenLeaf Grocers, Dosa Corner","grocery, restaurants, online_marketplace","pos, app, online",,1,20,0,LOW,NO ACTION
A0141,C10141,personal,Bengaluru,2022-10-07,0.0,,False,32,0,40089.28,4.2,16.7,LOW,0.0,,[],no risk factors,1252.79,189.27,2552.35,0.54,10:00–16:59,Bengaluru,D0166,1,"Urban Bites, Dosa Corner, BuyNest","restaurants, utilities, online_marketplace","pos, online, app",,1,19,0,LOW,NO ACTION
A0142,C10142,personal,Bengaluru,2024-09-22,0.0,,False,79,0,174143.31,9.1,13.4,LOW,0.0,,[],no risk factors,2204.35,291.66,3874.79,1.36,13:00–23:59,Bengaluru,D0167,1,"DailyMart, GreenLeaf Grocers, Annapoorna Stores","grocery, restaurants, online_marketplace","pos, app, online",,1,20,0,LOW,NO ACTION
A0143,C10143,personal,Chennai,2026-05-07,0.0,,False,44,0,73458.54,16.3,20.5,LOW,0.0,,[],no risk factors,1669.51,188.44,4372.05,0.77,12:00–20:59,Chennai,D0168,1,"Dosa Corner, GreenLeaf Grocers, ShopSphere","restaurants, grocery, online_marketplace","pos, app, online",,1,21,0,LOW,NO ACTION
A0144,C10144,personal,Bengaluru,2022-10-14,0.0,,False,68,0,78479.4,17.0,23.0,LOW,0.0,,[],no risk factors,1154.11,212.93,2020.84,1.17,15:00–22:59,Bengaluru,D0683,1,"Tiffin Box, GreenLeaf Grocers, DailyMart","restaurants, grocery, utilities","pos, online, app",,1,21,0,LOW,NO ACTION
A0145,C10145,personal,Coimbatore,2024-03-22,0.0,,False,58,0,147345.76,5.2,20.7,LOW,0.0,,[],no risk factors,2540.44,308.58,6502.72,1.0,11:00–18:59,Coimbatore,D0171,1,"GreenLeaf Grocers, Annapoorna Stores, DailyMart","grocery, online_marketplace, electronics","pos, app, online",,1,19,0,LOW,NO ACTION
A0146,C10146,personal,Chennai,2023-07-27,0.0,,False,34,0,160856.93,18.2,28.0,LOW,0.0,,[],no risk factors,4731.09,191.73,2586.03,0.58,11:00–17:59,Chennai,D0172,1,"Dosa Corner, Urban Bites, DailyMart","restaurants, grocery, online_marketplace","pos, online, app",,1,18,0,LOW,NO ACTION
A0147,C10147,personal,Mumbai,2025-10-25,0.0,,False,88,0,210061.96,16.7,16.8,LOW,0.0,,[],no risk factors,2387.07,349.67,5303.91,1.6,14:00–21:59,Mumbai,D0173,1,"FreshBasket, Annapoorna Stores, HighwayPetro","grocery, online_marketplace, fuel","pos, app, online",,1,24,0,LOW,NO ACTION
A0148,C10148,personal,Kochi,2025-02-19,0.0,,False,40,0,80649.33,3.7,14.9,LOW,0.0,,[],no risk factors,2016.23,418.08,3088.14,0.69,14:00–21:59,Kochi,D0174,1,"FreshBasket, Annapoorna Stores, DailyMart","grocery, restaurants, fuel","pos, app, online",,1,16,0,LOW,NO ACTION
A0149,C10149,personal,Hyderabad,2025-04-09,0.0,,False,34,0,102977.34,2.8,11.4,LOW,0.0,,[],no risk factors,3028.75,431.52,8444.82,0.61,09:00–17:59,Hyderabad,"D0175, D0176",2,"DailyMart, Tiffin Box, HighwayPetro","restaurants, grocery, utilities","pos, online, app",A0542,1,20,1,LOW,NO ACTION
A0150,C10150,personal,Kochi,2024-06-17,0.0,,False,51,0,145751.23,4.0,16.0,LOW,0.0,,[],no risk factors,2857.87,502.72,5000.0,0.91,12:00–20:59,Kochi,D0177,1,"BuyNest, GreenLeaf Grocers, DailyMart","grocery, online_marketplace, fuel","pos, app, online",A0541,1,17,1,LOW,NO ACTION
A0151,C10151,personal,Coimbatore,2026-05-29,0.0,,False,29,0,43240.8,24.9,28.6,LOW,0.0,,[],no risk factors,1491.06,269.62,2697.6,0.59,13:00–20:59,Coimbatore,"D0179, D0178",2,"Tiffin Box, GreenLeaf Grocers, DailyMart","grocery, restaurants, online_marketplace","pos, app, online",,1,16,0,LOW,NO ACTION
A0152,C10152,personal,Mumbai,2025-10-01,0.0,,False,53,0,82292.29,3.1,12.5,LOW,0.0,,[],no risk factors,1552.68,315.52,3465.13,0.95,10:00–17:59,Mumbai,D0180,1,"GreenLeaf Grocers, ShopSphere, FreshBasket","grocery, online_marketplace, restaurants","pos, online, app",,1,19,0,LOW,NO ACTION
A0153,C10153,personal,Mumbai,2023-09-30,0.0,,False,64,0,130329.49,3.5,14.0,LOW,0.0,,[],no risk factors,2036.4,584.97,4000.0,1.08,16:00–22:59,Mumbai,D0181,1,"GreenLeaf Grocers, DailyMart, BuyNest","grocery, online_marketplace, restaurants","pos, online, app",,1,19,0,LOW,NO ACTION
A0154,C10154,personal,Kochi,2023-02-08,0.0,,False,50,0,92595.87,4.2,16.6,LOW,0.0,,[],no risk factors,1851.92,351.22,3180.73,0.91,13:00–22:59,Kochi,D0182,1,"GreenLeaf Grocers, HighwayPetro, FreshBasket","grocery, fuel, online_marketplace","pos, app, online",,1,18,0,LOW,NO ACTION
A0155,C10155,personal,Hyderabad,2024-08-18,0.0,,False,36,0,71902.96,4.6,18.3,LOW,0.0,,[],no risk factors,1997.3,249.39,5088.0,0.61,08:00–16:59,Hyderabad,D0690,1,"Spice Route, Urban Bites, FreshBasket","grocery, restaurants, online_marketplace","pos, app, online",,1,17,0,LOW,NO ACTION
A0156,C10156,personal,Bengaluru,2026-04-24,0.0,,False,44,0,91356.05,16.6,21.3,LOW,0.0,,[],no risk factors,2076.27,354.08,4683.71,0.79,18:00–23:59,Bengaluru,D0682,1,"Annapoorna Stores, Kurta House, Dosa Corner","grocery, fashion, restaurants","pos, app, online",,1,19,0,LOW,NO ACTION
A0157,C10157,personal,Mumbai,2024-11-21,0.0,,False,68,0,136362.5,17.4,24.8,LOW,0.0,,[],no risk factors,2005.33,364.7,3377.85,1.19,14:00–21:59,Mumbai,D0185,1,"Urban Bites, Tiffin Box, GreenLeaf Grocers","restaurants, grocery, pharmacy","pos, app, online",,1,22,0,LOW,NO ACTION
A0159,C10159,personal,Chennai,2024-06-06,0.0,,False,34,0,77430.72,18.4,28.4,LOW,0.0,,[],no risk factors,2277.37,307.23,3346.0,0.59,08:00–14:59,Chennai,D0686,1,"FreshBasket, DailyMart, Annapoorna Stores","grocery, restaurants, online_marketplace","pos, app, online",,1,17,0,LOW,NO ACTION
A0160,C10160,personal,Bengaluru,2024-06-12,0.0,,False,43,0,56514.69,4.2,16.6,LOW,0.0,,[],no risk factors,1314.3,199.59,3027.13,0.77,16:00–23:59,Bengaluru,D0189,1,"BuyNest, Urban Bites, GreenLeaf Grocers","online_marketplace, grocery, utilities","pos, app, online",,1,20,0,LOW,NO ACTION
A0161,C10161,personal,Delhi,2023-07-06,0.0,,False,86,0,249359.5,10.9,19.9,LOW,0.0,,[],no risk factors,2899.53,527.88,5386.28,1.46,16:00–23:59,Delhi,D0689,1,"DailyMart, Annapoorna Stores, GreenLeaf Grocers","grocery, online_marketplace, restaurants","pos, app, online",,1,22,0,LOW,NO ACTION
A0162,C10162,personal,Kochi,2024-03-22,0.0,,False,31,0,32138.45,1.8,7.2,LOW,0.0,,[],no risk factors,1036.72,173.65,3424.07,0.56,15:00–22:59,Kochi,D0683,1,"FreshBasket, Tiffin Box, Spice Route","restaurants, grocery, utilities","pos, app, online",,1,17,0,LOW,NO ACTION
A0163,C10163,personal,Pune,2025-07-23,0.0,,False,52,0,65821.2,18.9,30.7,LOW,0.0,,[],no risk factors,1265.79,152.35,3294.37,0.91,06:00–14:59,Pune,D0193,1,"Urban Bites, FreshBasket, ShopSphere","grocery, restaurants, online_marketplace","pos, app, online",,1,21,0,LOW,NO ACTION
A0164,C10164,personal,Bengaluru,2025-02-16,0.0,,False,80,0,82342.01,2.4,9.7,LOW,0.0,,[],no risk factors,1029.28,142.54,2367.01,1.38,09:00–18:59,Bengaluru,D0194,1,"FreshBasket, Dosa Corner, GreenLeaf Grocers","grocery, restaurants, fuel","pos, app, online",,1,23,0,LOW,NO ACTION
A0165,C10165,personal,Mumbai,2024-11-03,0.0,,False,76,0,129321.86,9.5,38.0,MEDIUM,0.0,,[],no risk factors,1701.6,316.85,3490.03,1.31,16:00–23:59,"Mumbai, Bangkok, TH","D0195, D0196",2,"GreenLeaf Grocers, DailyMart, Annapoorna Stores","grocery, restaurants, online_marketplace","pos, app, online",,2,21,0,LOW,NO ACTION
A0166,C10166,personal,Hyderabad,2025-01-20,0.0,,False,50,0,94288.97,4.4,17.7,LOW,0.0,,[],no risk factors,1885.78,197.7,4167.51,0.88,10:00–17:59,Hyderabad,D0197,1,"BuyNest, GreenLeaf Grocers, Urban Bites","online_marketplace, grocery, restaurants","pos, app, online",,1,24,0,LOW,NO ACTION
A0167,C10167,personal,Mumbai,2024-07-21,0.0,,False,67,0,129035.58,19.4,26.1,LOW,0.0,,[],no risk factors,1925.9,192.77,2640.96,1.14,13:00–20:59,Mumbai,"D0198, D0199",2,"BuyNest, FreshBasket, HighwayPetro","grocery, fuel, online_marketplace","pos, app, online",A0542,1,21,1,LOW,NO ACTION
A0168,C10168,personal,Coimbatore,2023-03-10,0.0,,False,91,0,281955.56,17.2,24.0,LOW,0.0,,[],no risk factors,3098.41,490.99,4317.68,1.62,10:00–17:59,Coimbatore,D0200,1,"GreenLeaf Grocers, FreshBasket, Annapoorna Stores","grocery, online_marketplace, restaurants","pos, app, online",,1,24,0,LOW,NO ACTION
A0169,C10169,personal,Delhi,2022-11-15,0.0,,False,19,0,24612.12,4.6,18.4,LOW,0.0,,[],no risk factors,1295.37,190.09,2804.37,0.35,17:00–23:59,Delhi,D0201,1,"Urban Bites, FreshBasket, Dosa Corner","grocery, restaurants, online_marketplace","pos, app, online",,1,16,0,LOW,NO ACTION
A0170,C10170,personal,Pune,2025-04-01,0.0,,False,109,0,215737.75,30.2,27.4,LOW,0.0,,[],no risk factors,1979.25,251.28,4797.88,1.85,08:00–15:59,Pune,D0202,1,"Annapoorna Stores, ShopSphere, DailyMart","grocery, restaurants, online_marketplace","pos, online, app",A0541,1,25,1,LOW,NO ACTION
A0171,C10171,personal,Hyderabad,2026-01-26,0.0,,False,90,0,116672.2,7.4,29.8,LOW,0.0,,[],no risk factors,1296.36,239.84,2755.05,1.55,07:00–15:59,Hyderabad,D0203,1,"FreshBasket, DailyMart, Annapoorna Stores","grocery, fashion, online_marketplace","pos, app, online",,1,24,0,LOW,NO ACTION
A0173,C10173,personal,Kochi,2024-05-13,0.0,,False,71,0,118949.97,16.0,19.0,LOW,0.0,,[],no risk factors,1675.35,263.19,3594.94,1.22,12:00–18:59,Kochi,D0205,1,"GreenLeaf Grocers, DailyMart, Annapoorna Stores","grocery, online_marketplace, restaurants","pos, app, online",,1,20,0,LOW,NO ACTION
A0174,C10174,personal,Mumbai,2023-11-22,0.0,,False,84,0,163443.36,4.4,17.7,LOW,0.0,,[],no risk factors,1945.75,293.61,4348.85,1.45,07:00–14:59,Mumbai,"D0207, D0206",2,"CartKart, FreshBasket, GreenLeaf Grocers","online_marketplace, grocery, restaurants","pos, app, online",,1,25,0,LOW,NO ACTION
A0175,C10175,personal,Mumbai,2023-09-22,0.0,,False,51,0,74875.68,18.6,45.5,MEDIUM,0.0,,[],no risk factors,1468.15,216.36,3426.57,0.88,10:00–18:59,"Mumbai, Singapore, SG",D0208,1,"GreenLeaf Grocers, DailyMart, AquaBill","grocery, online_marketplace, fashion","pos, app, online",,2,23,0,LOW,NO ACTION
A0176,C10176,personal,Chennai,2023-03-09,0.0,,False,62,0,145823.81,18.2,27.7,LOW,0.0,,[],no risk factors,2352.0,449.4,5015.02,1.11,10:00–16:59,Chennai,"D0209, D0210",2,"QuickFill, Annapoorna Stores, CityFuel","grocery, fuel, online_marketplace","pos, app, online",,1,24,0,LOW,NO ACTION
A0177,C10177,personal,Bengaluru,2025-06-23,0.0,,False,58,0,63877.86,5.0,20.0,LOW,0.0,,[],no risk factors,1101.34,184.16,2125.48,1.04,12:00–19:59,Bengaluru,D0211,1,"Annapoorna Stores, FreshBasket, DailyMart","grocery, fuel, restaurants","pos, app, online",,1,19,0,LOW,NO ACTION
A0178,C10178,personal,Mumbai,2025-06-09,0.0,,False,84,0,87930.89,4.8,19.2,LOW,0.0,,[],no risk factors,1046.8,182.93,2360.15,1.45,06:00–14:59,Mumbai,D0212,1,"GreenLeaf Grocers, Urban Bites, DailyMart","grocery, restaurants, fuel","pos, app, online",,1,20,0,LOW,NO ACTION
A0179,C10179,personal,Chennai,2024-08-31,0.0,,False,36,0,36695.47,20.2,36.0,LOW,0.0,,[],no risk factors,1019.32,154.43,2320.66,0.61,07:00–14:59,Chennai,D0213,1,"DailyMart, Spice Route, Urban Bites","grocery, restaurants, utilities","pos, app, online",,1,20,0,LOW,NO ACTION
A0180,C10180,personal,Bengaluru,2022-09-01,0.0,,False,37,0,53445.87,17.6,24.0,LOW,0.0,,[],no risk factors,1444.48,375.42,2863.94,0.63,09:00–16:59,Bengaluru,"D0215, D0214",2,"Dosa Corner, Spice Route, Tiffin Box","restaurants, fuel, grocery","pos, app, online",,1,19,0,LOW,NO ACTION
A0181,C10181,personal,Hyderabad,2023-01-09,0.0,,False,71,0,102798.18,23.2,17.4,LOW,0.0,,[],no risk factors,1447.86,253.47,2821.61,1.2,16:00–23:59,Hyderabad,D0686,1,"DailyMart, HighwayPetro, GreenLeaf Grocers","grocery, restaurants, fuel","pos, app, online",,1,23,0,LOW,NO ACTION
A0182,C10182,personal,Delhi,2026-02-21,0.0,,False,70,0,220996.32,9.5,15.3,LOW,0.0,,[],no risk factors,3157.09,394.14,7673.85,1.19,10:00–18:59,Delhi,"D0217, D0218",2,"FreshBasket, GreenLeaf Grocers, Dosa Corner","grocery, restaurants, online_marketplace","pos, app, online",,1,26,0,LOW,NO ACTION
A0183,C10183,personal,Mumbai,2025-01-20,0.0,,False,67,0,54751.88,3.2,12.9,LOW,0.0,,[],no risk factors,817.19,138.96,1561.76,1.18,07:00–14:59,Mumbai,D0219,1,"GreenLeaf Grocers, ShopSphere, Annapoorna Stores","grocery, restaurants, online_marketplace","pos, online, app",,1,20,0,LOW,NO ACTION
A0184,C10184,personal,Chennai,2024-06-08,0.0,,False,77,0,125284.81,5.0,20.0,LOW,0.0,,[],no risk factors,1627.08,144.9,3885.27,1.33,09:00–17:59,Chennai,D0220,1,"CartKart, DailyMart, ShopSphere","grocery, online_marketplace, restaurants","pos, app, online",,1,27,0,LOW,NO ACTION
A0185,C10185,personal,Mumbai,2023-01-28,0.0,,False,93,0,137408.21,5.0,20.0,LOW,0.0,,[],no risk factors,1477.51,187.59,3426.7,1.6,11:00–18:59,Mumbai,D0221,1,"FreshBasket, Annapoorna Stores, CartKart","grocery, online_marketplace, restaurants","pos, app, online",,1,23,0,LOW,NO ACTION
A0187,C10187,personal,Hyderabad,2023-01-18,0.0,,False,28,0,32634.95,3.1,12.5,LOW,0.0,,[],no risk factors,1165.53,109.76,2819.97,0.49,12:00–20:59,Hyderabad,D0681,1,"CartKart, QuickPay Recharge, MediQuick","utilities, restaurants, online_marketplace","pos, app, online",,1,18,0,LOW,NO ACTION
A0188,C10188,personal,Delhi,2022-11-07,0.0,,False,31,0,52772.86,2.0,7.9,LOW,0.0,,[],no risk factors,1702.35,334.57,3722.71,0.56,12:00–21:59,Delhi,D0224,1,"GreenLeaf Grocers, DailyMart, Dosa Corner","grocery, restaurants, fashion","pos, app, online",,1,17,0,LOW,NO ACTION
A0189,C10189,personal,Bengaluru,2024-07-15,0.0,,False,24,0,61713.91,5.3,21.2,LOW,0.0,,[],no risk factors,2571.41,431.19,9363.25,0.43,09:00–15:59,Bengaluru,D0689,1,"ShopSphere, QuickPay Recharge, HighwayPetro","online_marketplace, restaurants, fuel","pos, app, online",,1,15,0,LOW,NO ACTION
A0191,C10191,personal,Hyderabad,2024-10-18,0.0,,False,66,0,107865.79,4.2,16.6,LOW,0.0,,[],no risk factors,1634.33,122.86,5633.37,1.14,16:00–23:59,Hyderabad,D0227,1,"Tiffin Box, BuyNest, Urban Bites","restaurants, online_marketplace, grocery","pos, app, online",A0543,1,23,1,LOW,NO ACTION
A0192,C10192,personal,Bengaluru,2022-08-06,0.0,,False,100,0,249803.85,6.0,23.8,LOW,0.0,,[],no risk factors,2498.04,413.51,5013.08,1.72,10:00–20:59,"Bengaluru, Singapore, SG",D0228,1,"CartKart, DailyMart, Tiffin Box","restaurants, online_marketplace, grocery","pos, online, app",,2,23,0,LOW,NO ACTION
A0193,C10193,personal,Chennai,2022-08-24,0.0,,False,97,0,227660.13,3.8,15.0,LOW,0.0,,[],no risk factors,2347.01,297.4,5285.34,1.64,13:00–21:59,Chennai,D0229,1,"Urban Bites, GreenLeaf Grocers, Annapoorna Stores","restaurants, grocery, online_marketplace","pos, app, online",,1,25,0,LOW,NO ACTION
A0194,C10194,personal,Pune,2022-07-06,0.0,,False,91,0,117932.42,16.4,20.5,LOW,0.0,,[],no risk factors,1295.96,201.01,2863.93,1.57,11:00–18:59,Pune,D0230,1,"Annapoorna Stores, DailyMart, Dosa Corner","grocery, restaurants, online_marketplace","pos, app, online",,1,28,0,LOW,NO ACTION
A0195,C10195,personal,Bengaluru,2024-06-10,0.0,,False,57,0,153698.9,11.6,15.3,LOW,0.0,,[],no risk factors,2696.47,346.15,6070.2,0.97,07:00–15:59,Bengaluru,D0231,1,"GreenLeaf Grocers, CartKart, FreshBasket","grocery, online_marketplace, restaurants","pos, app, online",A0542,1,24,1,LOW,NO ACTION
A0196,C10196,personal,Coimbatore,2025-04-16,0.0,,False,71,0,151909.09,4.2,17.0,LOW,0.0,,[],no risk factors,2139.56,308.94,4863.27,1.22,13:00–20:59,Coimbatore,D0232,1,"GreenLeaf Grocers, Annapoorna Stores, FreshBasket","grocery, pharmacy, online_marketplace","pos, online, app",,1,23,0,LOW,NO ACTION
A0197,C10197,personal,Pune,2023-12-11,0.0,,False,45,0,82264.9,4.2,16.8,LOW,0.0,,[],no risk factors,1828.11,325.49,3815.65,0.8,11:00–18:59,Pune,"D0233, D0234",2,"Urban Bites, FreshBasket, CartKart","grocery, restaurants, online_marketplace","pos, app, online",,1,20,0,LOW,NO ACTION
A0198,C10198,personal,Pune,2024-03-30,0.0,,False,81,0,129812.42,4.0,16.0,LOW,0.0,,[],no risk factors,1602.62,218.14,3056.39,1.37,11:00–18:59,"Pune, Bangkok, TH",D0235,1,"ShopSphere, BuyNest, Dosa Corner","online_marketplace, grocery, restaurants","pos, app, online",,2,26,0,LOW,NO ACTION
A0199,C10199,personal,Coimbatore,2023-07-23,0.0,,False,53,0,142809.43,18.3,28.3,LOW,0.0,,[],no risk factors,2694.52,274.4,2999.85,0.91,12:00–18:59,Coimbatore,"D0236, D0237",2,"GreenLeaf Grocers, FreshBasket, DailyMart","grocery, restaurants, fashion","pos, app, online",,1,19,0,LOW,NO ACTION
A0202,C10202,personal,Chennai,2023-05-31,0.0,,False,26,0,73288.03,4.6,18.4,LOW,0.0,,[],no risk factors,2818.77,301.32,5579.32,0.45,12:00–19:59,Chennai,D0240,1,"GreenLeaf Grocers, Tiffin Box, VoltX Gadgets","grocery, restaurants, electronics","pos, app, online",,1,15,0,LOW,NO ACTION
A0203,C10203,personal,Delhi,2025-09-17,0.0,,False,34,0,76594.81,9.7,20.0,LOW,0.0,,[],no risk factors,2252.79,297.82,4564.89,0.6,08:00–16:59,Delhi,D0241,1,"FreshBasket, Dosa Corner, GreenLeaf Grocers","grocery, restaurants, online_marketplace","pos, online, app",,1,15,0,LOW,NO ACTION
A0205,C10205,personal,Pune,2023-09-08,0.0,,False,55,0,82512.54,3.5,14.0,LOW,0.0,,[],no risk factors,1500.23,156.95,2860.78,0.96,14:00–21:59,Pune,D0243,1,"GreenLeaf Grocers, Annapoorna Stores, QuickFill","grocery, fuel, restaurants","pos, app, online",,1,19,0,LOW,NO ACTION
A0206,C10206,personal,Delhi,2022-07-07,0.0,,False,30,0,44701.44,2.1,8.3,LOW,0.0,,[],no risk factors,1490.05,269.15,3685.04,0.53,17:00–23:59,Delhi,"D0245, D0244",2,"Annapoorna Stores, DailyMart, FreshBasket","grocery, utilities, fashion","pos, online, app",,1,16,0,LOW,NO ACTION
A0207,C10207,personal,Delhi,2024-10-12,0.0,,False,40,0,53754.97,16.6,21.5,LOW,0.0,,[],no risk factors,1343.87,364.69,2774.89,0.73,12:00–19:59,Delhi,D0246,1,"FreshBasket, DailyMart, Annapoorna Stores","grocery, restaurants, fuel","pos, app, online",,1,19,0,LOW,NO ACTION
A0209,C10209,personal,Delhi,2023-02-21,0.0,,False,87,0,281877.87,17.2,24.0,LOW,0.0,,[],no risk factors,3239.98,241.01,5261.99,1.5,10:00–17:59,Delhi,D0248,1,"CartKart, BuyNest, ShopSphere","online_marketplace, restaurants, grocery","pos, app, online",,1,26,0,LOW,NO ACTION
A0210,C10210,personal,Kochi,2024-11-22,0.0,,False,34,0,39808.62,2.0,8.2,LOW,0.0,,[],no risk factors,1170.84,223.36,2181.61,0.61,09:00–15:59,Kochi,D0249,1,"Tiffin Box, Annapoorna Stores, GreenLeaf Grocers","grocery, restaurants, online_marketplace","pos, app, online",,1,17,0,LOW,NO ACTION
A0211,C10211,personal,Bengaluru,2025-07-11,0.0,,False,69,0,169802.05,11.2,20.0,LOW,0.0,,[],no risk factors,2460.9,398.02,6000.0,1.19,13:00–19:59,Bengaluru,D0250,1,"GreenLeaf Grocers, Threads & Co, CityFuel","grocery, fuel, fashion","pos, app, online",,1,25,0,LOW,NO ACTION
A0212,C10212,personal,Delhi,2025-07-29,0.0,,False,44,0,105028.14,15.2,29.9,LOW,0.0,,[],no risk factors,2387.0,294.88,4568.26,0.75,12:00–20:59,Delhi,D0251,1,"GreenLeaf Grocers, FreshBasket, Tiffin Box","grocery, restaurants, online_marketplace","pos, app, online",A0541,1,21,1,LOW,NO ACTION
A0213,C10213,personal,Mumbai,2026-02-15,0.0,,False,28,0,60366.16,16.4,20.4,LOW,0.0,,[],no risk factors,2155.93,987.61,3661.97,0.48,07:00–13:59,Mumbai,D0252,1,"FreshBasket, GreenLeaf Grocers, Urban Bites","grocery, restaurants, online_marketplace","pos, online, app",,1,15,0,LOW,NO ACTION
A0214,C10214,personal,Delhi,2023-05-29,0.0,,False,26,0,45946.34,17.8,26.0,LOW,0.0,,[],no risk factors,1767.17,181.16,2730.06,0.46,16:00–23:59,Delhi,D0253,1,"ShopSphere, HighwayPetro, AquaBill","utilities, fuel, grocery","pos, app, online",,1,18,0,LOW,NO ACTION
A0215,C10215,personal,Pune,2023-04-05,0.0,,False,75,0,122870.31,2.4,9.4,LOW,0.0,,[],no risk factors,1638.27,344.63,3205.66,1.29,08:00–15:59,Pune,D0254,1,"Dosa Corner, Urban Bites, GreenLeaf Grocers","restaurants, grocery, fuel","pos, app, online",,1,24,0,LOW,NO ACTION
A0216,C10216,personal,Pune,2023-03-05,0.0,,False,58,0,114815.8,4.8,19.2,LOW,0.0,,[],no risk factors,1979.58,243.22,4760.86,1.0,08:00–15:59,Pune,D0255,1,"Annapoorna Stores, Spice Route, FreshBasket","grocery, restaurants, fashion","pos, online, app",A0543,1,20,1,LOW,NO ACTION
A0217,C10217,personal,Bengaluru,2023-07-31,0.0,,False,79,0,195467.68,17.2,24.0,LOW,0.0,,[],no risk factors,2474.27,199.07,2727.77,1.36,11:00–18:59,Bengaluru,D0256,1,"DailyMart, BuyNest, FreshBasket","grocery, restaurants, online_marketplace","pos, app, online",,1,25,0,LOW,NO ACTION
A0218,C10218,personal,Mumbai,2025-08-15,0.0,,False,75,0,150293.97,15.9,18.5,LOW,0.0,,[],no risk factors,2003.92,341.07,3876.34,1.27,09:00–16:59,Mumbai,D0257,1,"ShopSphere, DailyMart, GreenLeaf Grocers","grocery, restaurants, online_marketplace","pos, app, online",,1,22,0,LOW,NO ACTION
A0219,C10219,personal,Hyderabad,2024-12-02,0.0,,False,121,0,232693.92,5.0,20.0,LOW,0.0,,[],no risk factors,1923.09,298.06,4534.92,2.05,11:00–19:59,Hyderabad,D0258,1,"CartKart, FreshBasket, ShopSphere","grocery, online_marketplace, restaurants","pos, app, online",,1,27,0,LOW,NO ACTION
A0220,C10220,personal,Chennai,2025-09-18,0.0,,False,82,0,79747.59,5.6,22.6,LOW,0.0,,[],no risk factors,972.53,180.16,2127.86,1.44,13:00–22:59,Chennai,D0259,1,"Tiffin Box, DailyMart, Annapoorna Stores","restaurants, grocery, fuel","pos, online, app",,1,23,0,LOW,NO ACTION
A0221,C10221,personal,Hyderabad,2023-07-24,0.0,,False,24,0,19726.93,4.6,18.5,LOW,0.0,,[],no risk factors,821.96,165.99,1680.87,0.43,13:00–19:59,Hyderabad,D0260,1,"BuyNest, Dosa Corner, DailyMart","grocery, online_marketplace, restaurants","pos, app, online",,1,19,0,LOW,NO ACTION
A0223,C10223,personal,Kochi,2023-08-18,0.0,,False,41,0,65759.3,4.3,17.3,LOW,0.0,,[],no risk factors,1603.89,267.75,3216.69,0.72,11:00–20:59,Kochi,D0263,1,"Annapoorna Stores, Urban Bites, HealthFirst","grocery, restaurants, online_marketplace","pos, app, online",,1,20,0,LOW,NO ACTION
A0224,C10224,personal,Coimbatore,2022-08-31,0.0,,False,31,0,149508.06,3.6,14.6,LOW,0.0,,[],no risk factors,4822.84,423.25,13060.15,0.57,12:00–19:59,Coimbatore,D0264,1,"CartKart, GreenLeaf Grocers, FreshBasket","grocery, online_marketplace, utilities","pos, app, online",A0541,1,16,1,LOW,NO ACTION
A0225,C10225,personal,Mumbai,2025-10-30,0.0,,False,35,0,155752.7,8.0,32.0,LOW,0.0,,[],no risk factors,4450.08,585.15,11830.71,0.64,12:00–22:59,"Mumbai, London, GB",D0265,1,"BuyNest, ShopSphere, CartKart","online_marketplace, grocery, restaurants","pos, app, online",,2,18,0,LOW,NO ACTION
A0226,C10226,personal,Delhi,2025-04-05,0.0,,False,64,0,144563.93,8.7,34.7,LOW,0.0,,[],no risk factors,2258.81,495.21,4599.37,1.08,09:00–16:59,"Delhi, Dubai, AE",D0266,1,"CartKart, ShopSphere, GreenLeaf Grocers","online_marketplace, restaurants, grocery","pos, app, online",,2,23,0,LOW,NO ACTION
A0227,C10227,personal,Mumbai,2025-03-25,0.0,,False,81,0,303973.3,3.4,13.5,LOW,0.0,,[],no risk factors,3752.76,411.75,12000.0,1.37,12:00–21:59,Mumbai,D0267,1,"CityFuel, Spice Route, ShopSphere","restaurants, fuel, grocery","pos, app, online",A0543,1,27,1,LOW,NO ACTION
A0228,C10228,personal,Pune,2025-12-21,0.0,,False,65,0,85782.09,2.0,8.1,LOW,0.0,,[],no risk factors,1319.72,216.49,3312.1,1.1,14:00–21:59,Pune,"D0269, D0268",2,"FreshBasket, CartKart, ShopSphere","online_marketplace, restaurants, grocery","pos, app, online",,1,22,0,LOW,NO ACTION
A0229,C10229,personal,Delhi,2022-07-30,0.0,,False,80,0,140801.92,16.8,22.2,LOW,0.0,,[],no risk factors,1760.02,204.7,4098.23,1.38,12:00–19:59,Delhi,D0270,1,"DailyMart, CartKart, Dosa Corner","grocery, online_marketplace, restaurants","pos, app, online",,1,25,0,LOW,NO ACTION
A0230,C10230,personal,Hyderabad,2022-10-17,0.0,,False,60,0,45187.04,4.8,19.0,LOW,0.0,,[],no risk factors,753.12,96.93,1348.8,1.05,10:00–19:59,Hyderabad,"D0272, D0271",2,"GreenLeaf Grocers, ShopSphere, FreshBasket","grocery, restaurants, fuel","pos, app, online",,1,25,0,LOW,NO ACTION
A0231,C10231,personal,Coimbatore,2023-09-07,0.0,,False,63,0,106673.96,15.0,17.0,LOW,0.0,,[],no risk factors,1693.24,261.7,4059.24,1.07,14:00–21:59,Coimbatore,D0273,1,"CartKart, GreenLeaf Grocers, Threads & Co","online_marketplace, grocery, fashion","pos, app, online",,1,22,0,LOW,NO ACTION
A0232,C10232,personal,Hyderabad,2024-10-14,0.0,,False,80,0,70687.33,3.5,14.0,LOW,0.0,,[],no risk factors,883.59,161.1,1654.21,1.38,08:00–15:59,Hyderabad,D0274,1,"DailyMart, FreshBasket, Annapoorna Stores","grocery, restaurants, online_marketplace","pos, app, online",,1,22,0,LOW,NO ACTION
A0233,C10233,personal,Delhi,2025-03-31,0.0,,False,70,0,103565.17,5.0,19.8,LOW,0.0,,[],no risk factors,1479.5,251.83,3345.07,1.21,08:00–15:59,Delhi,"D0275, D0276",2,"Urban Bites, ShopSphere, CartKart","online_marketplace, restaurants, fuel","pos, app, online",,1,24,0,LOW,NO ACTION
A0234,C10234,personal,Pune,2025-05-21,0.0,,False,54,0,152874.43,4.5,18.1,LOW,0.0,,[],no risk factors,2831.01,494.44,6000.0,0.93,14:00–20:59,Pune,D0277,1,"DailyMart, GreenLeaf Grocers, Tiffin Box","grocery, restaurants, online_marketplace","pos, online, app",,1,18,0,LOW,NO ACTION
A0235,C10235,personal,Hyderabad,2023-06-17,0.0,,False,74,0,113140.81,4.8,19.3,LOW,0.0,,[],no risk factors,1528.93,218.77,2823.66,1.28,12:00–20:59,"Hyderabad, Singapore, SG",D0278,1,"StyleLane, GreenLeaf Grocers, Annapoorna Stores","grocery, fashion, restaurants","pos, app, online",,2,21,0,LOW,NO ACTION
A0237,C10237,personal,Kochi,2025-10-09,0.0,,False,82,0,94936.98,4.7,18.8,LOW,0.0,,[],no risk factors,1157.77,148.34,2106.23,1.41,13:00–19:59,Kochi,D0280,1,"Annapoorna Stores, GreenLeaf Grocers, PowerGrid Pay","grocery, restaurants, fuel","pos, app, online",,1,25,0,LOW,NO ACTION
A0238,C10238,personal,Kochi,2026-01-01,0.0,,False,52,0,120773.94,9.2,36.7,LOW,0.0,,[],no risk factors,2322.58,397.76,5061.91,0.91,09:00–16:59,"Kochi, Frankfurt, DE",D0281,1,"CartKart, DailyMart, HighwayPetro","grocery, online_marketplace, restaurants","pos, app, online",,2,20,0,LOW,NO ACTION
A0239,C10239,personal,Delhi,2023-11-07,0.0,,False,63,0,105138.73,5.0,20.0,LOW,0.0,,[],no risk factors,1668.87,302.65,4163.79,1.11,14:00–20:59,Delhi,"D0282, D0283",2,"Tiffin Box, AquaBill, GreenLeaf Grocers","restaurants, grocery, utilities","pos, app, online",,1,22,0,LOW,NO ACTION
A0240,C10240,personal,Kochi,2022-07-13,0.0,,False,73,0,209406.91,15.3,23.0,LOW,0.0,,[],no risk factors,2868.59,933.3,5000.0,1.24,13:00–21:59,"Kochi, Bangkok, TH",D0284,1,"Annapoorna Stores, DailyMart, FreshBasket","grocery, restaurants, online_marketplace","pos, app, online",,2,21,0,LOW,NO ACTION
A0241,C10241,personal,Kochi,2024-11-08,0.0,,False,57,0,168842.41,20.5,30.1,LOW,0.0,,[],no risk factors,2962.15,287.88,4673.26,0.97,07:00–13:59,Kochi,D0285,1,"CartKart, Annapoorna Stores, FreshBasket","grocery, restaurants, online_marketplace","pos, app, online",,1,22,0,LOW,NO ACTION
A0242,C10242,personal,Pune,2024-11-29,0.0,,False,35,0,124067.96,18.2,28.0,LOW,0.0,,[],no risk factors,3544.8,218.07,2502.03,0.61,07:00–16:59,Pune,"D0286, D0287",2,"Kurta House, Urban Bites, Tiffin Box","fashion, restaurants, fuel","pos, app, online",,1,20,0,LOW,NO ACTION
A0243,C10243,personal,Delhi,2023-11-18,0.0,,False,76,0,145639.14,3.5,14.0,LOW,0.0,,[],no risk factors,1916.3,247.5,4783.64,1.29,10:00–17:59,Delhi,D0288,1,"Tiffin Box, BuyNest, Annapoorna Stores","grocery, restaurants, online_marketplace","pos, app, online",,1,20,0,LOW,NO ACTION
A0244,C10244,personal,Mumbai,2023-11-14,0.0,,False,21,0,61713.41,2.1,8.4,LOW,0.0,,[],no risk factors,2938.73,687.79,6000.0,0.37,06:00–15:59,Mumbai,D0289,1,"FreshBasket, GreenLeaf Grocers, QuickFill","grocery, fuel, online_marketplace","pos, app",,1,13,0,LOW,NO ACTION
A0245,C10245,personal,Coimbatore,2024-03-08,0.0,,False,28,0,57932.88,23.6,17.9,LOW,0.0,,[],no risk factors,2069.03,397.46,4506.92,0.49,14:00–21:59,Coimbatore,D0290,1,"DailyMart, FreshBasket, Annapoorna Stores","grocery, restaurants, utilities","pos, online, app",,1,19,0,LOW,NO ACTION
A0246,C10246,personal,Coimbatore,2026-02-07,0.0,,False,37,0,55705.43,3.9,15.6,LOW,0.0,,[],no risk factors,1505.55,223.82,3187.89,0.67,11:00–18:59,Coimbatore,D0684,1,"QuickFill, FreshBasket, Annapoorna Stores","grocery, fuel, fashion","pos, app, online",,1,21,0,LOW,NO ACTION
A0247,C10247,personal,Mumbai,2025-09-23,0.0,,False,54,0,100732.03,6.0,24.0,LOW,0.0,,[],no risk factors,1865.41,270.01,5596.25,0.92,11:00–19:59,Mumbai,D0292,1,"CartKart, Annapoorna Stores, Tiffin Box","grocery, online_marketplace, restaurants","pos, app, online",,1,22,0,LOW,NO ACTION
A0248,C10248,personal,Kochi,2023-08-09,0.0,,False,86,0,281308.68,17.2,24.0,LOW,0.0,,[],no risk factors,3271.03,312.14,3991.48,1.46,07:00–14:59,Kochi,D0293,1,"DailyMart, Spice Route, Dosa Corner","restaurants, grocery, online_marketplace","pos, app, online",,1,25,0,LOW,NO ACTION
A0249,C10249,personal,Pune,2025-07-30,0.0,,False,78,0,281167.07,18.5,27.1,LOW,0.0,,[],no risk factors,3604.71,499.48,11945.53,1.34,12:00–18:59,Pune,"D0295, D0294",2,"ShopSphere, BuyNest, Dosa Corner","online_marketplace, restaurants, grocery","pos, app, online",,1,25,0,LOW,NO ACTION
A0250,C10250,personal,Bengaluru,2024-06-28,0.0,,False,29,0,36118.3,4.0,16.0,LOW,0.0,,[],no risk factors,1245.46,290.55,2392.1,0.55,06:00–15:59,Bengaluru,D0296,1,"GreenLeaf Grocers, CartKart, ShopSphere","grocery, online_marketplace, utilities","pos, app, online",,1,19,0,LOW,NO ACTION
A0251,C10251,personal,Hyderabad,2023-04-03,0.0,,False,75,0,169461.59,4.3,17.3,LOW,0.0,,[],no risk factors,2259.49,310.23,6205.45,1.32,12:00–19:59,Hyderabad,D0297,1,"ShopSphere, GreenLeaf Grocers, CartKart","online_marketplace, grocery, restaurants","pos, online, app",,1,21,0,LOW,NO ACTION
A0252,C10252,personal,Delhi,2026-02-07,0.0,,False,23,0,56876.05,1.5,6.0,LOW,0.0,,[],no risk factors,2472.87,405.42,6371.26,0.42,08:00–14:59,Delhi,D0298,1,"FreshBasket, HealthFirst, CartKart","grocery, restaurants, online_marketplace","pos, app, online",,1,14,0,LOW,NO ACTION
A0253,C10253,personal,Bengaluru,2023-01-07,0.0,,False,35,0,75896.11,3.5,14.0,LOW,0.0,,[],no risk factors,2168.46,294.5,3475.03,0.59,18:00–22:59,Bengaluru,D0299,1,"Urban Bites, DailyMart, QuickPay Recharge","restaurants, grocery, fuel","pos, app, online",,1,15,0,LOW,NO ACTION
A0255,C10255,personal,Hyderabad,2024-03-13,0.0,,False,38,0,67935.89,18.2,36.8,MEDIUM,0.0,,[],no risk factors,1787.79,202.2,5133.95,0.69,12:00–20:59,"Hyderabad, London, GB",D0301,1,"BuyNest, Tiffin Box, CarePlus Pharmacy","restaurants, online_marketplace, grocery","pos, app, online",,2,19,0,LOW,NO ACTION
A0256,C10256,personal,Mumbai,2025-10-31,0.0,,False,68,0,140226.44,26.6,27.1,LOW,0.0,,[],no risk factors,2062.15,262.45,4265.44,1.15,13:00–22:59,Mumbai,D0302,1,"GreenLeaf Grocers, PowerGrid Pay, QuickFill","grocery, restaurants, fuel","pos, app, online",A0542,1,22,1,LOW,NO ACTION
A0257,C10257,personal,Chennai,2022-11-20,0.0,,False,85,0,105299.95,4.4,17.8,LOW,0.0,,[],no risk factors,1238.82,195.02,2238.31,1.47,08:00–16:59,Chennai,D0303,1,"FreshBasket, Urban Bites, Dosa Corner","restaurants, grocery, online_marketplace","pos, app, online",,1,21,0,LOW,NO ACTION
A0258,C10258,personal,Chennai,2022-10-08,0.0,,False,33,0,68991.8,16.5,21.0,LOW,0.0,,[],no risk factors,2090.66,402.17,3301.09,0.59,14:00–20:59,Chennai,"D0305, D0304",2,"FreshBasket, Tiffin Box, CartKart","grocery, online_marketplace, restaurants","pos, app, online",,1,15,0,LOW,NO ACTION
A0259,C10259,personal,Bengaluru,2024-02-02,0.0,,False,82,0,117016.56,14.7,20.0,LOW,0.0,,[],no risk factors,1427.03,193.32,2816.3,1.39,09:00–17:59,Bengaluru,D0306,1,"BuyNest, Spice Route, Annapoorna Stores","restaurants, grocery, online_marketplace","pos, app, online",,1,24,0,LOW,NO ACTION
A0260,C10260,personal,Hyderabad,2025-07-05,0.0,,False,90,0,191255.15,20.3,18.7,LOW,0.0,,[],no risk factors,2125.06,230.19,4507.4,1.53,15:00–22:59,Hyderabad,D0307,1,"GreenLeaf Grocers, Annapoorna Stores, Spice Route","grocery, restaurants, utilities","pos, app, online",,1,27,0,LOW,NO ACTION
A0261,C10261,personal,Chennai,2025-10-12,0.0,,False,63,0,101320.88,11.2,6.0,LOW,0.0,,[],no risk factors,1608.27,256.71,3393.07,1.12,12:00–19:59,Chennai,D0308,1,"Urban Bites, CartKart, FreshBasket","restaurants, grocery, online_marketplace","pos, app, online",,1,18,0,LOW,NO ACTION
A0262,C10262,personal,Kochi,2024-08-15,0.0,,False,70,0,78531.49,2.6,10.2,LOW,0.0,,[],no risk factors,1121.88,196.29,2290.42,1.21,12:00–19:59,Kochi,"D0309, D0310",2,"FreshBasket, Tiffin Box, GreenLeaf Grocers","grocery, restaurants, online_marketplace","pos, app, online",,1,21,0,LOW,NO ACTION
A0263,C10263,personal,Mumbai,2024-05-06,0.0,,False,87,0,232748.47,7.3,17.3,LOW,0.0,,[],no risk factors,2675.27,555.5,6477.94,1.5,08:00–16:59,Mumbai,"D0311, D0312",2,"BuyNest, Annapoorna Stores, FreshBasket","grocery, online_marketplace, restaurants","pos, app, online",,1,21,0,LOW,NO ACTION
A0264,C10264,personal,Hyderabad,2023-11-08,0.0,,False,57,0,181246.12,18.7,24.0,LOW,0.0,,[],no risk factors,3179.76,372.41,4932.82,0.97,11:00–19:59,Hyderabad,"D0313, D0314",2,"ShopSphere, DailyMart, BuyNest","online_marketplace, grocery, restaurants","pos, app, online",,1,25,0,LOW,NO ACTION
A0265,C10265,personal,Chennai,2026-04-21,0.0,,False,38,0,78772.89,18.2,28.0,LOW,0.0,,[],no risk factors,2072.97,340.66,5355.04,0.67,14:00–21:59,Chennai,D0315,1,"FreshBasket, BuyNest, Kurta House","grocery, fashion, online_marketplace","pos, app, online",,1,16,0,LOW,NO ACTION
A0266,C10266,personal,Chennai,2025-10-19,0.0,,False,32,0,152341.43,19.8,34.3,LOW,0.0,,[],no risk factors,4760.67,602.08,4000.0,0.57,17:00–23:59,Chennai,D0316,1,"QuickFill, CityFuel, Annapoorna Stores","fuel, grocery, pharmacy","pos, app, online",,1,18,0,LOW,NO ACTION
A0267,C10267,personal,Kochi,2024-02-14,0.0,,False,68,0,174410.47,4.3,17.1,LOW,0.0,,[],no risk factors,2564.86,320.17,5906.32,1.15,07:00–14:59,Kochi,D0317,1,"BuyNest, FreshBasket, ShopSphere","grocery, online_marketplace, fuel","pos, app, online",,1,26,0,LOW,NO ACTION
A0268,C10268,personal,Mumbai,2026-05-13,0.0,,False,62,0,126873.86,15.0,28.0,LOW,0.0,,[],no risk factors,2046.35,241.04,4204.68,1.09,12:00–21:59,Mumbai,D0318,1,"DailyMart, Urban Bites, Spice Route","grocery, restaurants, fashion","pos, online, app",A0543,1,20,1,LOW,NO ACTION
A0269,C10269,personal,Kochi,2023-05-05,0.0,,False,24,0,35953.14,3.5,14.0,LOW,0.0,,[],no risk factors,1498.05,321.74,4471.03,0.43,06:00–14:59,Kochi,"D0319, D0320",2,"CartKart, CityFuel, AquaBill","online_marketplace, restaurants, utilities","pos, app, online",,1,14,0,LOW,NO ACTION
A0271,C10271,personal,Mumbai,2022-10-18,0.0,,False,35,0,32758.75,16.5,21.0,LOW,0.0,,[],no risk factors,935.96,156.48,1707.27,0.64,09:00–16:59,Mumbai,D0322,1,"Kurta House, BuyNest, DailyMart","grocery, fashion, restaurants","pos, app, online",,1,15,0,LOW,NO ACTION
A0272,C10272,personal,Chennai,2022-07-17,0.0,,False,92,0,102894.35,4.6,18.2,LOW,0.0,,[],no risk factors,1118.42,203.09,2394.88,1.56,12:00–21:59,Chennai,D0323,1,"Urban Bites, Spice Route, Tiffin Box","restaurants, grocery, online_marketplace","pos, app, online",,1,25,0,LOW,NO ACTION
A0273,C10273,personal,Mumbai,2024-07-30,0.0,,False,79,0,152415.59,1.8,7.2,LOW,0.0,,[],no risk factors,1929.31,284.29,4113.08,1.34,12:00–19:59,Mumbai,D0324,1,"Urban Bites, ShopSphere, BuyNest","online_marketplace, restaurants, grocery","pos, app, online",,1,23,0,LOW,NO ACTION
A0274,C10274,personal,Hyderabad,2024-10-16,0.0,,False,84,0,200062.63,19.0,20.5,LOW,0.0,,[],no risk factors,2381.7,374.64,5155.76,1.45,13:00–21:59,Hyderabad,D0325,1,"GreenLeaf Grocers, Annapoorna Stores, DailyMart","grocery, online_marketplace, restaurants","pos, app, online",,1,27,0,LOW,NO ACTION
A0275,C10275,personal,Bengaluru,2022-10-29,0.0,,False,69,0,184494.53,10.2,14.9,LOW,0.0,,[],no risk factors,2673.83,375.14,6355.5,1.17,15:00–23:59,Bengaluru,"D0326, D0327",2,"QuickFill, ShopSphere, Spice Route","restaurants, online_marketplace, fuel","pos, app, online",,1,25,0,LOW,NO ACTION
A0276,C10276,personal,Pune,2022-09-14,0.0,,False,89,0,206540.18,2.1,8.4,LOW,0.0,,[],no risk factors,2320.68,432.89,4756.18,1.51,08:00–15:59,Pune,"D0328, D0329",2,"Annapoorna Stores, DailyMart, FreshBasket","grocery, restaurants, online_marketplace","pos, app, online",,1,24,0,LOW,NO ACTION
A0277,C10277,personal,Delhi,2024-09-09,0.0,,False,60,0,200046.13,4.2,16.7,LOW,0.0,,[],no risk factors,3334.1,422.65,6835.84,1.07,12:00–19:59,Delhi,D0330,1,"GreenLeaf Grocers, QuickFill, Dosa Corner","grocery, restaurants, fuel","pos, app, online",A0542,1,25,1,LOW,NO ACTION
A0278,C10278,personal,Hyderabad,2022-11-23,0.0,,False,89,0,85501.66,4.5,18.1,LOW,0.0,,[],no risk factors,960.69,207.12,2040.58,1.51,06:00–14:59,Hyderabad,D0331,1,"GreenLeaf Grocers, FreshBasket, Annapoorna Stores","grocery, online_marketplace, restaurants","pos, app, online",,1,23,0,LOW,NO ACTION
A0279,C10279,personal,Pune,2023-04-20,0.0,,False,83,0,151567.96,3.0,12.1,LOW,0.0,,[],no risk factors,1826.12,322.21,3000.0,1.41,15:00–22:59,Pune,D0332,1,"Annapoorna Stores, FreshBasket, DailyMart","grocery, restaurants, online_marketplace","pos, app, online",,1,24,0,LOW,NO ACTION
A0280,C10280,personal,Mumbai,2025-05-04,0.0,,False,62,0,92652.98,18.3,28.2,LOW,0.0,,[],no risk factors,1494.4,190.68,2600.78,1.07,11:00–19:59,Mumbai,D0333,1,"ShopSphere, GreenLeaf Grocers, Annapoorna Stores","grocery, online_marketplace, utilities","pos, app, online",,1,23,0,LOW,NO ACTION
A0281,C10281,personal,Mumbai,2025-03-28,0.0,,False,96,0,150653.46,4.3,17.2,LOW,0.0,,[],no risk factors,1569.31,267.62,3603.89,1.63,13:00–21:59,Mumbai,"D0335, D0334",2,"FreshBasket, Annapoorna Stores, ShopSphere","grocery, online_marketplace, fuel","pos, online, app",,1,24,0,LOW,NO ACTION
A0282,C10282,personal,Delhi,2025-08-10,0.0,,False,58,0,100143.3,11.2,16.0,LOW,0.0,,[],no risk factors,1726.61,338.93,3734.74,0.98,12:00–17:59,"Delhi, London, GB",D0336,1,"DailyMart, GreenLeaf Grocers, StyleLane","grocery, restaurants, fashion","pos, online, app",,2,21,0,LOW,NO ACTION
A0283,C10283,personal,Mumbai,2026-01-19,0.0,,False,56,0,62526.63,5.2,20.8,LOW,0.0,,[],no risk factors,1116.55,132.9,2333.26,0.95,08:00–17:59,Mumbai,D0690,1,"Annapoorna Stores, FreshBasket, Tiffin Box","grocery, restaurants, fashion","pos, app, online",,1,25,0,LOW,NO ACTION
A0284,C10284,personal,Pune,2022-06-27,0.0,,False,92,0,100737.92,4.4,17.8,LOW,0.0,,[],no risk factors,1094.98,179.92,2163.52,1.59,09:00–17:59,Pune,D0338,1,"HealthFirst, HighwayPetro, Annapoorna Stores","fuel, grocery, restaurants","pos, app, online",,1,27,0,LOW,NO ACTION
A0285,C10285,personal,Hyderabad,2025-04-18,0.0,,False,79,0,108157.49,15.5,17.2,LOW,0.0,,[],no risk factors,1369.08,296.89,2955.66,1.36,07:00–14:59,Hyderabad,D0680,1,"GreenLeaf Grocers, Annapoorna Stores, Urban Bites","grocery, restaurants, online_marketplace","pos, app, online",,1,21,0,LOW,NO ACTION
A0286,C10286,personal,Pune,2023-08-16,0.0,,False,54,0,160459.55,16.1,23.1,LOW,0.0,,[],no risk factors,2971.47,297.82,5210.8,0.96,15:00–23:59,Pune,D0341,1,"FreshBasket, DailyMart, Annapoorna Stores","grocery, restaurants, fuel","pos, app, online",,1,23,0,LOW,NO ACTION
A0287,C10287,personal,Hyderabad,2023-06-22,0.0,,False,59,0,73127.49,11.2,18.2,LOW,0.0,,[],no risk factors,1239.45,194.09,2704.81,1.0,13:00–20:59,Hyderabad,D0342,1,"DailyMart, FreshBasket, GreenLeaf Grocers","grocery, restaurants, utilities","pos, app, online",,1,20,0,LOW,NO ACTION
A0288,C10288,personal,Pune,2025-02-18,0.0,,False,60,0,94717.52,15.0,20.0,LOW,0.0,,[],no risk factors,1578.63,171.01,2135.56,1.09,10:00–17:59,Pune,D0343,1,"Urban Bites, Dosa Corner, Spice Route","restaurants, grocery, fuel","pos, app, online",A0541,1,20,1,LOW,NO ACTION
A0289,C10289,personal,Hyderabad,2022-10-26,0.0,,False,75,0,75199.93,4.6,18.6,LOW,0.0,,[],no risk factors,1002.67,203.37,1685.96,1.29,08:00–15:59,Hyderabad,D0344,1,"GreenLeaf Grocers, Annapoorna Stores, FreshBasket","grocery, restaurants, online_marketplace","pos, app, online",,1,24,0,LOW,NO ACTION
A0290,C10290,personal,Delhi,2024-01-14,0.0,,False,74,0,122720.79,5.0,20.0,LOW,0.0,,[],no risk factors,1658.39,303.95,3530.08,1.28,12:00–19:59,Delhi,D0345,1,"Spice Route, Dosa Corner, HealthFirst","restaurants, grocery, fuel","pos, app, online",,1,24,0,LOW,NO ACTION
A0291,C10291,personal,Kochi,2022-09-24,0.0,,False,38,0,78207.23,1.8,7.0,LOW,0.0,,[],no risk factors,2058.08,347.51,3535.24,0.64,13:00–20:59,Kochi,D0346,1,"Spice Route, BuyNest, Tiffin Box","restaurants, grocery, online_marketplace","pos, app, online",,1,18,0,LOW,NO ACTION
A0292,C10292,personal,Mumbai,2022-11-13,0.0,,False,45,0,100774.22,2.2,8.6,LOW,0.0,,[],no risk factors,2239.43,391.82,4748.28,0.82,08:00–15:59,Mumbai,D0347,1,"DailyMart, Annapoorna Stores, AquaBill","grocery, restaurants, utilities","pos, app, online",,1,22,0,LOW,NO ACTION
A0293,C10293,personal,Pune,2022-11-15,0.0,,False,43,0,155121.12,22.1,15.3,LOW,0.0,,[],no risk factors,3607.47,723.34,6000.0,0.73,13:00–22:59,Pune,D0680,1,"Urban Bites, CityFuel, Annapoorna Stores","grocery, restaurants, fuel","pos, app, online",,1,23,0,LOW,NO ACTION
A0294,C10294,personal,Chennai,2024-09-22,0.0,,False,69,0,120696.78,16.0,19.2,LOW,0.0,,[],no risk factors,1749.23,230.63,2820.96,1.19,10:00–17:59,Chennai,D0350,1,"DailyMart, Annapoorna Stores, Tiffin Box","grocery, restaurants, fashion","pos, app, online",,1,20,0,LOW,NO ACTION
A0295,C10295,personal,Delhi,2026-01-24,0.0,,False,89,0,78835.12,9.3,14.0,LOW,0.0,,[],no risk factors,885.79,124.23,1763.74,1.53,09:00–18:59,Delhi,"D0352, D0351",2,"Annapoorna Stores, Spice Route, GreenLeaf Grocers","grocery, restaurants, online_marketplace","pos, app, online",,1,25,0,LOW,NO ACTION
A0296,C10296,personal,Hyderabad,2024-02-22,0.0,,False,80,0,131250.76,3.5,14.0,LOW,0.0,,[],no risk factors,1640.63,267.7,3000.0,1.4,09:00–16:59,Hyderabad,D0353,1,"Spice Route, FreshBasket, Urban Bites","restaurants, grocery, fashion","pos, app, online",,1,25,0,LOW,NO ACTION
A0297,C10297,personal,Mumbai,2023-11-17,0.0,,False,33,0,77226.11,4.0,16.0,LOW,0.0,,[],no risk factors,2340.19,502.43,4959.2,0.65,14:00–22:59,Mumbai,"D0354, D0355",2,"BuyNest, DailyMart, GreenLeaf Grocers","grocery, online_marketplace, fuel","pos, app, online",,1,19,0,LOW,NO ACTION
A0298,C10298,personal,Pune,2023-02-04,0.0,,False,32,0,45832.43,5.6,22.5,LOW,0.0,,[],no risk factors,1432.26,290.16,3310.23,0.58,13:00–19:59,Pune,D0356,1,"ShopSphere, Dosa Corner, Urban Bites","restaurants, grocery, online_marketplace","pos, app, online",,1,19,0,LOW,NO ACTION
A0299,C10299,personal,Mumbai,2023-12-17,0.0,,False,113,0,160004.33,18.4,35.4,LOW,0.0,,[],no risk factors,1415.97,150.57,3708.62,2.09,11:00–18:59,"Mumbai, Frankfurt, DE","D0357, D0358",2,"Tiffin Box, Urban Bites, Annapoorna Stores","restaurants, grocery, online_marketplace","pos, app, online",,2,25,0,LOW,NO ACTION
A0300,C10300,personal,Pune,2026-04-18,0.0,,False,78,0,117309.95,9.7,17.0,LOW,0.0,,[],no risk factors,1503.97,205.06,3068.99,1.32,11:00–19:59,Pune,D0359,1,"DailyMart, ShopSphere, CartKart","grocery, restaurants, online_marketplace","pos, app, online",,1,22,0,LOW,NO ACTION
A0301,C10301,personal,Hyderabad,2022-09-18,0.0,,False,45,0,92132.62,4.0,16.1,LOW,0.0,,[],no risk factors,2047.39,337.69,4662.88,0.78,07:00–15:59,Hyderabad,D0360,1,"GreenLeaf Grocers, Annapoorna Stores, HighwayPetro","grocery, fuel, utilities","pos, app, online",,1,18,0,LOW,NO ACTION
A0302,C10302,personal,Coimbatore,2025-10-03,0.0,,False,76,0,102748.26,19.8,43.4,MEDIUM,0.0,,[],no risk factors,1351.95,198.83,3338.7,1.31,13:00–23:59,"Coimbatore, Bangkok, TH",D0361,1,"ShopSphere, Annapoorna Stores, Spice Route","grocery, restaurants, online_marketplace","pos, app, online",,2,19,0,LOW,NO ACTION
A0303,C10303,personal,Coimbatore,2025-03-02,0.0,,False,33,0,52933.9,2.3,9.2,LOW,0.0,,[],no risk factors,1604.06,245.51,3686.14,0.57,10:00–16:59,Coimbatore,D0686,1,"GreenLeaf Grocers, Annapoorna Stores, BuyNest","grocery, fuel, online_marketplace","pos, app, online",,1,15,0,LOW,NO ACTION
A0304,C10304,personal,Delhi,2024-11-19,0.0,,False,90,0,133529.18,3.5,14.0,LOW,0.0,,[],no risk factors,1483.66,203.47,3271.92,1.61,16:00–23:59,Delhi,D0363,1,"PowerGrid Pay, Annapoorna Stores, FreshBasket","grocery, restaurants, utilities","pos, app, online",,1,24,0,LOW,NO ACTION
A0305,C10305,personal,Pune,2025-08-01,0.0,,False,58,0,91876.75,2.5,9.9,LOW,0.0,,[],no risk factors,1584.08,379.58,4000.0,1.0,06:00–15:59,Pune,D0364,1,"HighwayPetro, Tiffin Box, ShopSphere","restaurants, grocery, fuel","pos, app, online",,1,21,0,LOW,NO ACTION
A0306,C10306,personal,Coimbatore,2022-07-10,0.0,,False,50,0,79962.27,15.4,16.7,LOW,0.0,,[],no risk factors,1599.25,265.46,3011.06,0.86,08:00–15:59,Coimbatore,D0685,1,"HighwayPetro, DailyMart, Tiffin Box","restaurants, fuel, grocery","pos, app, online",,1,20,0,LOW,NO ACTION
A0307,C10307,personal,Mumbai,2025-04-06,0.0,,False,33,0,45083.85,4.2,16.7,LOW,0.0,,[],no risk factors,1366.18,213.54,2689.19,0.59,16:00–21:59,Mumbai,D0366,1,"Urban Bites, ShopSphere, Threads & Co","restaurants, online_marketplace, fashion","pos, app, online",,1,17,0,LOW,NO ACTION
A0308,C10308,personal,Pune,2026-03-03,0.0,,False,61,0,120104.57,16.2,20.0,LOW,0.0,,[],no risk factors,1968.93,242.78,3336.03,1.03,08:00–16:59,Pune,D0367,1,"Urban Bites, Annapoorna Stores, Spice Route","restaurants, grocery, pharmacy","pos, app, online",A0542,1,22,1,LOW,NO ACTION
A0309,C10309,personal,Mumbai,2025-09-14,0.0,,False,52,0,3181978.9,26.5,30.2,LOW,0.0,,[],no risk factors,61191.9,385.04,349436.61,0.9,10:00–17:59,Mumbai,D0368,1,"CartKart, Spice Route, HealthFirst","online_marketplace, grocery, restaurants","pos, netbanking, app","A0544, A0547",1,20,2,LOW,NO ACTION
A0310,C10310,personal,Kochi,2024-08-04,0.0,,False,103,0,163753.43,16.7,21.8,LOW,0.0,,[],no risk factors,1589.84,286.99,3242.38,1.75,07:00–15:59,Kochi,D0369,1,"FreshBasket, Spice Route, GreenLeaf Grocers","grocery, restaurants, fuel","pos, app, online",,1,26,0,LOW,NO ACTION
A0009,C10009,personal,Coimbatore,2023-01-03,0.0,,False,36,0,113746.06,20.0,35.0,LOW,0.0,,[],no risk factors,3159.61,371.56,3896.54,0.62,17:00–23:59,Coimbatore,D0010,1,"DailyMart, Spice Route, CartKart","grocery, restaurants, utilities","pos, app, online",,1,21,0,LOW,NO ACTION
A0312,C10312,personal,Pune,2025-09-20,0.0,,False,30,0,126555.87,7.0,28.0,LOW,0.0,,[],no risk factors,4218.53,1000.44,5700.0,0.6,16:00–23:59,Pune,D0371,1,"Annapoorna Stores, DailyMart, GreenLeaf Grocers","grocery, restaurants, fashion","pos, online, upi",A0541,1,14,1,LOW,NO ACTION
A0313,C10313,personal,Kochi,2025-09-05,0.0,,False,84,0,135800.64,3.5,14.0,LOW,0.0,,[],no risk factors,1616.67,191.32,4040.91,1.45,10:00–17:59,"Kochi, Singapore, SG",D0372,1,"CartKart, Dosa Corner, BuyNest","restaurants, online_marketplace, grocery","pos, app, online",,2,26,0,LOW,NO ACTION
A0314,C10314,personal,Chennai,2025-02-08,0.0,,False,75,0,102192.26,15.5,20.0,LOW,0.0,,[],no risk factors,1362.56,223.06,3140.98,1.27,07:00–16:59,Chennai,D0373,1,"GreenLeaf Grocers, CartKart, FreshBasket","grocery, restaurants, online_marketplace","pos, app, online",,1,26,0,LOW,NO ACTION
A0001,C10001,personal,Hyderabad,2026-01-12,0.0,,False,76,0,93925.63,8.2,11.2,LOW,0.0,,[],no risk factors,1235.86,207.44,2755.5,1.31,09:00–16:59,Hyderabad,"D0002, D0001",2,"Tiffin Box, Urban Bites, FreshBasket","restaurants, grocery, fashion","pos, online, app",,1,24,0,LOW,NO ACTION
A0316,C10316,personal,Chennai,2023-04-06,0.0,,False,41,0,43478.02,4.0,16.0,LOW,0.0,,[],no risk factors,1060.44,150.52,2272.58,0.69,11:00–19:59,Chennai,D0691,1,"FreshBasket, Annapoorna Stores, GreenLeaf Grocers","grocery, restaurants, online_marketplace","pos, online, app",,1,16,0,LOW,NO ACTION
A0317,C10317,personal,Bengaluru,2024-04-16,0.0,,False,56,0,109545.75,23.9,22.9,LOW,0.0,,[],no risk factors,1956.17,307.8,5036.74,0.97,15:00–22:59,Bengaluru,D0377,1,"GreenLeaf Grocers, DailyMart, AquaBill","grocery, utilities, online_marketplace","pos, app, online",,1,20,0,LOW,NO ACTION
A0318,C10318,personal,Hyderabad,2024-12-10,0.0,,False,73,0,55786.04,2.4,9.4,LOW,0.0,,[],no risk factors,764.19,145.11,1167.08,1.28,15:00–23:59,Hyderabad,D0378,1,"Annapoorna Stores, FreshBasket, ShopSphere","grocery, restaurants, online_marketplace","pos, online, app",,1,20,0,LOW,NO ACTION
A0319,C10319,personal,Mumbai,2026-03-06,0.0,,False,50,0,108637.85,11.2,15.6,LOW,0.0,,[],no risk factors,2172.76,375.78,5851.45,0.89,15:00–21:59,Mumbai,D0379,1,"Dosa Corner, Threads & Co, AquaBill","restaurants, grocery, utilities","pos, app, online",,1,21,0,LOW,NO ACTION
A0320,C10320,personal,Pune,2025-07-23,0.0,,False,37,0,82407.35,10.5,42.0,MEDIUM,0.0,,[],no risk factors,2227.23,389.57,5014.66,0.64,14:00–23:59,"Pune, London, GB",D0380,1,"GreenLeaf Grocers, Urban Bites, FreshBasket","grocery, restaurants, fuel","pos, app, online",,2,20,0,LOW,NO ACTION
A0321,C10321,personal,Mumbai,2024-08-27,0.0,,False,54,0,181117.87,17.2,24.0,LOW,0.0,,[],no risk factors,3354.03,189.43,2156.14,0.93,09:00–15:59,Mumbai,D0381,1,"GreenLeaf Grocers, Spice Route, DailyMart","grocery, restaurants, online_marketplace","pos, online, app",,1,21,0,LOW,NO ACTION
A0322,C10322,personal,Kochi,2025-12-05,0.0,,False,63,0,151678.76,4.8,19.0,LOW,0.0,,[],no risk factors,2407.6,277.43,4932.2,1.11,08:00–17:59,"Kochi, Singapore, SG",D0382,1,"Spice Route, ShopSphere, BuyNest","online_marketplace, grocery, restaurants","pos, app, online",,2,20,0,LOW,NO ACTION
A0323,C10323,personal,Kochi,2025-06-26,0.0,,False,54,0,90491.82,7.0,28.0,LOW,0.0,,[],no risk factors,1675.77,178.3,3698.71,0.93,09:00–17:59,"Kochi, Dubai, AE","D0383, D0384",2,"CartKart, ShopSphere, FreshBasket","online_marketplace, restaurants, grocery","pos, app, online",,2,18,0,LOW,NO ACTION
A0324,C10324,personal,Bengaluru,2023-01-10,0.0,,False,84,0,161490.96,14.4,19.8,LOW,0.0,,[],no risk factors,1922.51,271.53,4179.32,1.42,11:00–18:59,Bengaluru,D0385,1,"Dosa Corner, GreenLeaf Grocers, Spice Route","restaurants, online_marketplace, grocery","pos, app, online",,1,24,0,LOW,NO ACTION
A0325,C10325,personal,Bengaluru,2023-05-02,0.0,,False,51,0,97555.69,4.0,16.2,LOW,0.0,,[],no risk factors,1912.86,230.75,4566.32,0.88,07:00–15:59,Bengaluru,D0386,1,"GreenLeaf Grocers, Urban Bites, Annapoorna Stores","grocery, restaurants, fashion","pos, online, app",,1,23,0,LOW,NO ACTION
A0326,C10326,personal,Hyderabad,2024-09-20,0.0,,False,56,0,47735.99,16.4,20.7,LOW,0.0,,[],no risk factors,852.43,170.52,1856.24,0.97,06:00–15:59,Hyderabad,D0387,1,"DailyMart, GreenLeaf Grocers, ShopSphere","grocery, online_marketplace, fashion","pos, app, online",,1,23,0,LOW,NO ACTION
A0327,C10327,personal,Kochi,2023-02-23,0.0,,False,34,0,76523.42,3.0,11.9,LOW,0.0,,[],no risk factors,2250.69,262.69,4971.89,0.65,16:00–23:59,Kochi,D0388,1,"CarePlus Pharmacy, Annapoorna Stores, DailyMart","grocery, pharmacy, online_marketplace","pos, app, online",,1,19,0,LOW,NO ACTION
A0328,C10328,personal,Pune,2023-01-01,0.0,,False,78,0,92336.74,5.8,23.3,LOW,0.0,,[],no risk factors,1183.8,162.17,2674.15,1.34,15:00–23:59,Pune,"D0390, D0389",2,"DailyMart, FreshBasket, Spice Route","grocery, restaurants, online_marketplace","pos, app, online",,1,23,0,LOW,NO ACTION
A0329,C10329,personal,Chennai,2025-05-02,0.0,,False,47,0,123634.65,3.0,11.8,LOW,0.0,,[],no risk factors,2630.52,457.19,5346.18,0.81,13:00–20:59,Chennai,D0391,1,"Spice Route, Tiffin Box, MediQuick","restaurants, grocery, pharmacy","pos, app, upi",A0542,1,21,1,LOW,NO ACTION
A0330,C10330,personal,Delhi,2023-05-15,0.0,,False,31,0,83421.21,17.2,24.0,LOW,0.0,,[],no risk factors,2691.01,497.25,12000.0,0.6,10:00–19:59,Delhi,D0392,1,"ShopSphere, AquaBill, Tiffin Box","online_marketplace, utilities, grocery","pos, app, online",,1,15,0,LOW,NO ACTION
A0331,C10331,personal,Pune,2025-07-17,0.0,,False,42,0,33715.65,4.2,17.0,LOW,0.0,,[],no risk factors,802.75,148.63,1599.01,0.78,12:00–17:59,Pune,D0393,1,"DailyMart, GreenLeaf Grocers, StyleLane","grocery, restaurants, fashion","pos, online, app",,1,20,0,LOW,NO ACTION
A0002,C10002,personal,Delhi,2023-10-21,0.0,,False,92,0,175853.76,3.5,14.0,LOW,0.0,,[],no risk factors,1911.45,232.23,4395.45,1.56,11:00–19:59,Delhi,D0003,1,"GreenLeaf Grocers, DailyMart, Annapoorna Stores","grocery, online_marketplace, restaurants","pos, app, online",A0542,1,25,1,LOW,NO ACTION
A0333,C10333,personal,Mumbai,2024-02-04,0.0,,False,79,0,208644.14,19.7,20.9,LOW,0.0,,[],no risk factors,2641.07,353.81,6000.0,1.34,07:00–15:59,Mumbai,"D0395, D0396",2,"Spice Route, PowerGrid Pay, QuickFill","restaurants, fuel, utilities","pos, app, online",,1,23,0,LOW,NO ACTION
A0003,C10003,personal,Bengaluru,2022-08-02,0.0,,False,54,0,150663.9,3.2,13.0,LOW,0.0,,[],no risk factors,2790.07,418.19,4733.63,0.96,13:00–20:59,Bengaluru,D0004,1,"Annapoorna Stores, Dosa Corner, DailyMart","grocery, restaurants, utilities","pos, online, app",,1,22,0,LOW,NO ACTION
A0335,C10335,personal,Coimbatore,2026-04-28,0.0,,False,69,0,112280.21,14.6,14.0,LOW,0.0,,[],no risk factors,1627.25,187.72,3652.36,1.17,13:00–21:59,Coimbatore,"D0400, D0399",2,"GreenLeaf Grocers, FreshBasket, ShopSphere","grocery, online_marketplace, restaurants","pos, online, app",,1,23,0,LOW,NO ACTION
A0336,C10336,personal,Kochi,2023-02-12,0.0,,False,37,0,56980.33,13.3,12.5,LOW,0.0,,[],no risk factors,1540.01,257.5,2163.87,0.66,15:00–23:59,Kochi,D0401,1,"Annapoorna Stores, StyleLane, CartKart","restaurants, grocery, online_marketplace","pos, app, online",,1,17,0,LOW,NO ACTION
A0004,C10004,personal,Bengaluru,2025-01-03,0.0,,False,71,0,73707.05,5.6,22.6,LOW,0.0,,[],no risk factors,1038.13,241.19,1926.61,1.22,14:00–22:59,Bengaluru,D0005,1,"GreenLeaf Grocers, DailyMart, FreshBasket","grocery, online_marketplace, fuel","pos, online, app",,1,20,0,LOW,NO ACTION
A0338,C10338,personal,Bengaluru,2025-08-09,0.0,,False,71,0,120536.35,3.5,14.0,LOW,0.0,,[],no risk factors,1697.7,255.53,3267.69,1.22,12:00–21:59,Bengaluru,D0403,1,"Annapoorna Stores, ShopSphere, HighwayPetro","grocery, online_marketplace, fuel","pos, online, app",,1,22,0,LOW,NO ACTION
A0339,C10339,personal,Hyderabad,2022-12-18,0.0,,False,58,0,171494.03,5.2,20.9,LOW,0.0,,[],no risk factors,2956.79,330.41,10477.57,1.05,15:00–22:59,Hyderabad,D0404,1,"QuickPay Recharge, ShopSphere, BuyNest","online_marketplace, restaurants, grocery","pos, app, online",A0541,1,20,1,LOW,NO ACTION
A0340,C10340,personal,Mumbai,2025-02-09,0.0,,False,66,0,2757939.7,18.0,24.4,LOW,0.0,,[],no risk factors,41786.97,217.92,245065.6,1.14,12:00–20:59,Mumbai,D0405,1,"Annapoorna Stores, DailyMart, CartKart","grocery, restaurants, online_marketplace","pos, app, netbanking","A0546, A0544",1,20,2,LOW,NO ACTION
A0341,C10341,personal,Bengaluru,2024-05-14,0.0,,False,35,0,155923.73,18.2,28.0,LOW,0.0,,[],no risk factors,4454.96,359.55,5670.64,0.6,10:00–16:59,Bengaluru,D0406,1,"GreenLeaf Grocers, Annapoorna Stores, FreshBasket","grocery, online_marketplace, restaurants","pos, app, online",,1,16,0,LOW,NO ACTION
A0342,C10342,personal,Pune,2026-03-11,0.0,,False,107,0,94131.17,7.2,14.0,LOW,0.0,,[],no risk factors,879.73,115.5,2380.47,1.81,06:00–13:59,Pune,"D0407, D0408",2,"DailyMart, Annapoorna Stores, Tiffin Box","grocery, restaurants, online_marketplace","pos, app, online",,1,26,0,LOW,NO ACTION
A0537,C10537,business,Mumbai,2023-04-22,0.0,,False,273,0,5916242.44,14.2,17.7,LOW,0.0,,[],no risk factors,21671.22,242.21,102129.76,4.63,11:00–18:59,Mumbai,D0638,1,"GreenLeaf Grocers, Annapoorna Stores, FreshBasket","grocery, restaurants, online_marketplace","pos, app, online","A0528, A0521, A0527",1,29,17,LOW,NO ACTION
A0344,C10344,personal,Coimbatore,2023-06-12,0.0,,False,90,0,178390.19,15.6,20.0,LOW,0.0,,[],no risk factors,1982.11,382.75,4099.77,1.55,10:00–18:59,Coimbatore,D0410,1,"BuyNest, Dosa Corner, Spice Route","restaurants, grocery, online_marketplace","pos, app, online",,1,25,0,LOW,NO ACTION
A0345,C10345,personal,Pune,2025-10-15,0.0,,False,72,0,67313.4,2.6,10.6,LOW,0.0,,[],no risk factors,934.91,119.86,1829.31,1.24,13:00–20:59,Pune,D0411,1,"FreshBasket, DailyMart, Spice Route","grocery, restaurants, utilities","pos, online, app",,1,23,0,LOW,NO ACTION
A0346,C10346,personal,Mumbai,2025-06-09,0.0,,False,48,0,169604.37,3.8,15.3,LOW,0.0,,[],no risk factors,3533.42,443.78,8941.97,0.81,11:00–17:59,Mumbai,D0412,1,"ShopSphere, DailyMart, AquaBill","grocery, online_marketplace, utilities","pos, online, app",,1,19,0,LOW,NO ACTION
A0347,C10347,personal,Mumbai,2025-01-04,0.0,,False,61,0,106673.88,24.8,36.5,LOW,0.0,,[],no risk factors,1748.75,271.91,3024.88,1.09,15:00–22:59,Mumbai,D0413,1,"CartKart, BuyNest, FreshBasket","grocery, online_marketplace, fuel","pos, app, online",,1,24,0,LOW,NO ACTION
A0010,C10010,personal,Bengaluru,2023-03-22,0.0,,False,48,0,90866.98,3.5,13.9,LOW,0.0,,[],no risk factors,1893.06,315.92,5887.15,0.84,13:00–20:59,Bengaluru,D0011,1,"DailyMart, GreenLeaf Grocers, CartKart","grocery, online_marketplace, restaurants","pos, app, online",,1,21,0,LOW,NO ACTION
A0349,C10349,personal,Delhi,2025-11-18,0.0,,False,66,0,67596.72,4.5,18.0,LOW,0.0,,[],no risk factors,1024.19,206.92,1883.06,1.16,08:00–18:59,Delhi,D0416,1,"Annapoorna Stores, GreenLeaf Grocers, HighwayPetro","grocery, fuel, fashion","pos, app, online",,1,23,0,LOW,NO ACTION
A0011,C10011,personal,Kochi,2025-04-13,0.0,,False,74,0,121805.21,2.6,10.2,LOW,0.0,,[],no risk factors,1646.02,377.15,3353.29,1.3,08:00–14:59,Kochi,D0688,1,"GreenLeaf Grocers, ShopSphere, Spice Route","restaurants, online_marketplace, grocery","pos, app, online",,1,24,0,LOW,NO ACTION
A0351,C10351,personal,Bengaluru,2025-12-30,0.0,,False,43,0,274477.59,17.0,22.9,LOW,0.0,,[],no risk factors,6383.2,492.93,8993.01,0.77,13:00–19:59,Bengaluru,D0418,1,"DailyMart, GreenLeaf Grocers, FreshBasket","grocery, fashion, restaurants","pos, app, online",,1,21,0,LOW,NO ACTION
A0352,C10352,personal,Hyderabad,2023-02-09,0.0,,False,46,0,44020.2,2.7,10.7,LOW,0.0,,[],no risk factors,956.96,148.34,1938.46,0.79,10:00–20:59,Hyderabad,D0419,1,"FreshBasket, ShopSphere, QuickPay Recharge","grocery, online_marketplace, utilities","pos, online, app",,1,20,0,LOW,NO ACTION
A0353,C10353,personal,Bengaluru,2023-07-16,0.0,,False,78,0,169964.69,5.0,20.0,LOW,0.0,,[],no risk factors,2179.03,284.37,4501.92,1.34,09:00–17:59,Bengaluru,"D0421, D0420",2,"Spice Route, Kurta House, ShopSphere","restaurants, online_marketplace, grocery","pos, app, online",A0541,1,26,1,LOW,NO ACTION
A0012,C10012,personal,Mumbai,2024-02-07,0.0,,False,47,0,94101.2,18.2,28.0,LOW,0.0,,[],no risk factors,2002.15,336.46,3662.4,0.89,09:00–17:59,Mumbai,D0680,1,"Tiffin Box, GreenLeaf Grocers, HighwayPetro","restaurants, grocery, utilities","pos, app, online",,1,19,0,LOW,NO ACTION
A0355,C10355,personal,Hyderabad,2025-08-09,0.0,,False,72,0,221153.79,17.2,24.0,LOW,0.0,,[],no risk factors,3071.58,283.18,3660.68,1.33,09:00–17:59,Hyderabad,"D0425, D0424",2,"GreenLeaf Grocers, DailyMart, CartKart","grocery, online_marketplace, fuel","pos, app, online",,1,27,0,LOW,NO ACTION
A0356,C10356,personal,Kochi,2024-04-13,0.0,,False,58,0,123267.64,6.0,24.1,LOW,0.0,,[],no risk factors,2125.3,291.59,3684.08,0.98,09:00–17:59,Kochi,D0426,1,"FreshBasket, Annapoorna Stores, ShopSphere","grocery, online_marketplace, fuel","pos, app, online",,1,20,0,LOW,NO ACTION
A0357,C10357,personal,Chennai,2024-03-08,0.0,,False,63,0,113948.79,16.8,22.0,LOW,0.0,,[],no risk factors,1808.71,124.21,1839.49,1.09,12:00–19:59,Chennai,D0427,1,"BuyNest, Annapoorna Stores, DailyMart","grocery, online_marketplace, restaurants","pos, app, online",,1,22,0,LOW,NO ACTION
A0358,C10358,personal,Pune,2024-10-11,0.0,,False,26,0,74156.46,5.0,20.0,LOW,0.0,,[],no risk factors,2852.17,648.08,7599.85,0.5,09:00–18:59,Pune,D0428,1,"DailyMart, Annapoorna Stores, BuyNest","grocery, online_marketplace, fashion","pos, online, app",,1,16,0,LOW,NO ACTION
A0013,C10013,personal,Hyderabad,2023-06-22,0.0,,False,91,0,139792.25,12.2,35.7,LOW,0.0,,[],no risk factors,1536.18,229.31,3755.37,1.54,11:00–19:59,Hyderabad,D0014,1,"FreshBasket, AquaBill, HighwayPetro","grocery, fuel, utilities","pos, online, app",,1,27,0,LOW,NO ACTION
A0360,C10360,personal,Chennai,2024-06-06,0.0,,False,60,0,103347.31,3.5,14.1,LOW,0.0,,[],no risk factors,1722.46,287.14,3065.43,1.05,13:00–20:59,Chennai,"D0430, D0431",2,"Spice Route, Annapoorna Stores, GreenLeaf Grocers","grocery, restaurants, fuel","pos, online, app",,1,23,0,LOW,NO ACTION
A0361,C10361,personal,Hyderabad,2025-09-05,0.0,,False,59,0,77190.82,17.4,24.7,LOW,0.0,,[],no risk factors,1308.32,239.07,1729.52,1.07,11:00–18:59,Hyderabad,D0432,1,"DailyMart, GreenLeaf Grocers, Dosa Corner","grocery, restaurants, fuel","pos, app, online",,1,19,0,LOW,NO ACTION
A0362,C10362,personal,Chennai,2023-07-20,0.0,,False,88,0,173514.92,4.6,18.3,LOW,0.0,,[],no risk factors,1971.76,290.34,3854.34,1.52,07:00–14:59,Chennai,D0433,1,"CityFuel, CartKart, GreenLeaf Grocers","fuel, grocery, online_marketplace","pos, app, online",A0541,1,23,1,LOW,NO ACTION
A0363,C10363,personal,Bengaluru,2026-03-06,0.0,,False,87,0,145961.22,21.1,15.8,LOW,0.0,,[],no risk factors,1677.72,269.96,3010.21,1.47,12:00–19:59,Bengaluru,D0434,1,"DailyMart, GreenLeaf Grocers, CartKart","grocery, online_marketplace, restaurants","pos, online, app",,1,24,0,LOW,NO ACTION
A0364,C10364,personal,Bengaluru,2024-07-30,0.0,,False,70,0,165452.48,21.6,19.6,LOW,0.0,,[],no risk factors,2363.61,391.85,4005.06,1.21,12:00–22:59,Bengaluru,D0435,1,"Spice Route, BuyNest, QuickFill","restaurants, fuel, grocery","pos, online, app",,1,24,0,LOW,NO ACTION
A0365,C10365,personal,Chennai,2024-05-23,0.0,,False,34,0,62409.71,3.8,15.2,LOW,0.0,,[],no risk factors,1835.58,298.51,4366.03,0.61,09:00–15:59,Chennai,D0436,1,"BuyNest, Annapoorna Stores, GreenLeaf Grocers","grocery, online_marketplace, utilities","pos, app, online",,1,18,0,LOW,NO ACTION
A0366,C10366,personal,Hyderabad,2024-09-09,0.0,,False,29,0,53739.36,6.8,27.2,LOW,0.0,,[],no risk factors,1853.08,324.57,3724.58,0.52,06:00–17:59,Hyderabad,"D0437, D0438",2,"Annapoorna Stores, GreenLeaf Grocers, QuickFill","grocery, fuel, restaurants","pos, app, online",,1,19,0,LOW,NO ACTION
A0367,C10367,personal,Delhi,2024-05-07,0.0,,False,81,0,343580.79,15.2,27.4,LOW,0.0,,[],no risk factors,4241.74,533.96,9870.0,1.45,07:00–15:59,Delhi,D0439,1,"ShopSphere, GreenLeaf Grocers, Annapoorna Stores","grocery, online_marketplace, utilities","pos, app, online",,1,26,0,LOW,NO ACTION
A0368,C10368,personal,Delhi,2022-08-24,0.0,,False,52,0,95262.07,3.7,14.9,LOW,0.0,,[],no risk factors,1831.96,225.56,4690.38,0.9,08:00–15:59,Delhi,D0440,1,"DailyMart, FreshBasket, BuyNest","grocery, online_marketplace, fuel","pos, app, online",,1,21,0,LOW,NO ACTION
A0369,C10369,personal,Mumbai,2025-11-17,0.0,,False,71,0,121055.02,14.8,20.0,LOW,0.0,,[],no risk factors,1705.0,220.31,2514.91,1.22,12:00–20:59,Mumbai,D0441,1,"FreshBasket, Annapoorna Stores, GreenLeaf Grocers","grocery, fuel, utilities","pos, app, online",A0543,1,19,1,LOW,NO ACTION
A0370,C10370,personal,Mumbai,2022-12-15,0.0,,False,42,0,116525.76,30.0,25.6,LOW,0.0,,[],no risk factors,2774.42,455.27,6859.98,0.74,10:00–18:59,Mumbai,"D0442, D0443",2,"GreenLeaf Grocers, DailyMart, Annapoorna Stores","grocery, restaurants, online_marketplace","pos, app, online",A0543,1,17,1,LOW,NO ACTION
A0371,C10371,personal,Hyderabad,2026-04-16,0.0,,False,94,0,158305.34,25.5,21.2,LOW,0.0,,[],no risk factors,1684.1,334.83,3196.88,1.62,16:00–22:59,Hyderabad,D0444,1,"GreenLeaf Grocers, FreshBasket, DailyMart","grocery, fashion, online_marketplace","pos, app, online",,1,27,0,LOW,NO ACTION
A0372,C10372,personal,Hyderabad,2022-07-28,0.0,,False,59,0,192628.55,18.2,28.0,LOW,0.0,,[],no risk factors,3264.89,278.26,2939.04,1.02,10:00–18:59,Hyderabad,D0445,1,"Annapoorna Stores, GreenLeaf Grocers, HighwayPetro","grocery, fuel, restaurants","pos, online, app",,1,23,0,LOW,NO ACTION
A0373,C10373,personal,Bengaluru,2025-12-19,0.0,,False,41,0,74668.04,4.1,16.5,LOW,0.0,,[],no risk factors,1821.17,159.11,6978.5,0.72,07:00–12:59,Bengaluru,D0446,1,"Dosa Corner, ShopSphere, Urban Bites","restaurants, grocery, online_marketplace","pos, app, online",,1,21,0,LOW,NO ACTION
A0374,C10374,personal,Hyderabad,2025-04-16,0.0,,False,45,0,56309.88,3.5,14.0,LOW,0.0,,[],no risk factors,1251.33,199.37,1845.66,0.79,08:00–15:59,Hyderabad,D0447,1,"GreenLeaf Grocers, FreshBasket, DailyMart","grocery, restaurants, fashion","pos, online, app",,1,18,0,LOW,NO ACTION
A0375,C10375,personal,Kochi,2024-02-28,0.0,,False,55,0,94000.86,18.2,27.8,LOW,0.0,,[],no risk factors,1709.11,270.61,4190.37,0.95,06:00–14:59,Kochi,D0448,1,"ShopSphere, BuyNest, Threads & Co","online_marketplace, restaurants, fuel","pos, app, online",,1,22,0,LOW,NO ACTION
A0376,C10376,personal,Kochi,2024-05-18,0.0,,False,25,0,62456.07,9.2,20.0,LOW,0.0,,[],no risk factors,2498.24,250.98,5025.84,0.47,12:00–19:59,Kochi,D0449,1,"Dosa Corner, FreshBasket, Annapoorna Stores","grocery, restaurants, fuel","pos, online, app",,1,15,0,LOW,NO ACTION
A0377,C10377,personal,Pune,2022-11-02,0.0,,False,45,0,77238.27,4.5,17.9,LOW,0.0,,[],no risk factors,1716.41,145.9,3831.6,0.78,12:00–18:59,Pune,D0450,1,"FreshBasket, ShopSphere, Annapoorna Stores","grocery, fashion, online_marketplace","pos, app, online",,1,25,0,LOW,NO ACTION
A0378,C10378,personal,Bengaluru,2024-04-26,0.0,,False,81,0,261013.77,10.4,6.1,LOW,0.0,,[],no risk factors,3222.39,331.32,9399.96,1.37,16:00–23:59,Bengaluru,D0687,1,"ShopSphere, DailyMart, BuyNest","grocery, online_marketplace, pharmacy","pos, app, online",,1,21,0,LOW,NO ACTION
A0379,C10379,personal,Delhi,2025-11-11,0.0,,False,72,0,132716.19,4.2,16.9,LOW,0.0,,[],no risk factors,1843.28,221.12,4611.93,1.22,14:00–22:59,Delhi,"D0453, D0452",2,"Annapoorna Stores, ShopSphere, BuyNest","grocery, online_marketplace, restaurants","pos, app, online",,1,22,0,LOW,NO ACTION
A0380,C10380,personal,Bengaluru,2024-12-25,0.0,,False,78,0,74528.71,3.9,15.6,LOW,0.0,,[],no risk factors,955.5,120.42,2072.52,1.34,09:00–16:59,Bengaluru,D0454,1,"Dosa Corner, DailyMart, Annapoorna Stores","grocery, restaurants, fuel","pos, app, online",,1,23,0,LOW,NO ACTION
A0381,C10381,personal,Coimbatore,2024-08-23,0.0,,False,60,0,127511.12,4.5,17.9,LOW,0.0,,[],no risk factors,2125.19,268.91,4401.84,1.05,09:00–17:59,Coimbatore,D0455,1,"BuyNest, Annapoorna Stores, Spice Route","grocery, restaurants, online_marketplace","pos, app, online",,1,23,0,LOW,NO ACTION
A0382,C10382,personal,Kochi,2023-10-12,0.0,,False,26,0,44014.52,18.8,30.4,LOW,0.0,,[],no risk factors,1692.87,213.44,3269.01,0.46,13:00–20:59,Kochi,D0456,1,"Spice Route, Urban Bites, GreenLeaf Grocers","restaurants, grocery, travel","pos, app",,1,14,0,LOW,NO ACTION
A0383,C10383,personal,Kochi,2024-05-01,0.0,,False,89,0,156729.06,18.2,28.0,LOW,0.0,,[],no risk factors,1761.0,320.05,3619.99,1.51,16:00–23:59,Kochi,D0457,1,"BuyNest, DailyMart, Tiffin Box","online_marketplace, restaurants, grocery","pos, app, online",,1,22,0,LOW,NO ACTION
A0384,C10384,personal,Bengaluru,2024-04-06,0.0,,False,97,0,169044.02,3.5,14.0,LOW,0.0,,[],no risk factors,1742.72,298.15,3215.01,1.64,11:00–20:59,Bengaluru,D0458,1,"FreshBasket, ShopSphere, BuyNest","online_marketplace, grocery, fuel","pos, app, online",,1,25,0,LOW,NO ACTION
A0385,C10385,personal,Pune,2024-01-15,0.0,,False,59,0,54696.7,3.9,15.5,LOW,0.0,,[],no risk factors,927.06,152.91,2401.27,1.0,11:00–18:59,Pune,D0459,1,"Urban Bites, DailyMart, Spice Route","restaurants, grocery, fuel","pos, online, app",,1,22,0,LOW,NO ACTION
A0386,C10386,personal,Chennai,2024-06-25,0.0,,False,58,0,147493.75,16.2,10.5,LOW,0.0,,[],no risk factors,2543.0,352.34,6311.73,1.0,16:00–23:59,Chennai,D0460,1,"GreenLeaf Grocers, CartKart, DailyMart","grocery, online_marketplace, restaurants","pos, app, online",,1,23,0,LOW,NO ACTION
A0387,C10387,personal,Chennai,2024-08-01,0.0,,False,51,0,72057.58,4.0,16.0,LOW,0.0,,[],no risk factors,1412.89,220.72,2500.86,0.88,11:00–19:59,Chennai,D0461,1,"DailyMart, Tiffin Box, HealthFirst","restaurants, grocery, fuel","pos, app, online",,1,20,0,LOW,NO ACTION
A0388,C10388,personal,Pune,2026-03-24,0.0,,False,105,0,81491.98,16.0,18.9,LOW,0.0,,[],no risk factors,776.11,94.95,1944.85,1.81,09:00–17:59,Pune,D0462,1,"FreshBasket, Dosa Corner, ShopSphere","restaurants, grocery, online_marketplace","pos, app, online",,1,24,0,LOW,NO ACTION
A0389,C10389,personal,Kochi,2023-01-28,0.0,,False,36,0,106049.67,17.2,24.0,LOW,0.0,,[],no risk factors,2945.82,339.88,3000.5,0.75,11:00–17:59,Kochi,"D0463, D0464",2,"CityFuel, DailyMart, Tiffin Box","restaurants, grocery, fuel","pos, online, app",,1,23,0,LOW,NO ACTION
A0390,C10390,personal,Coimbatore,2025-06-24,0.0,,False,65,0,114560.67,10.0,40.2,LOW,0.0,,[],no risk factors,1762.47,303.6,3529.18,1.14,14:00–22:59,"Coimbatore, Frankfurt, DE",D0465,1,"CityFuel, Annapoorna Stores, CartKart","grocery, online_marketplace, fuel","pos, app, online",,2,17,0,LOW,NO ACTION
A0391,C10391,personal,Mumbai,2023-01-31,0.0,,False,99,0,177328.1,21.4,26.4,LOW,0.0,,[],no risk factors,1791.19,224.34,3506.33,1.68,09:00–16:59,Mumbai,D0466,1,"Annapoorna Stores, FreshBasket, Urban Bites","grocery, restaurants, fuel","pos, online, app",A0542,1,25,1,LOW,NO ACTION
A0392,C10392,personal,Chennai,2026-03-05,0.0,,False,86,0,160802.79,17.1,23.5,LOW,0.0,,[],no risk factors,1869.8,259.18,4753.24,1.48,09:00–15:59,Chennai,D0467,1,"GreenLeaf Grocers, Tiffin Box, FreshBasket","grocery, restaurants, online_marketplace","pos, online, app",,1,25,0,LOW,NO ACTION
A0393,C10393,personal,Kochi,2024-11-01,0.0,,False,82,0,171713.64,11.2,19.6,LOW,0.0,,[],no risk factors,2094.07,327.92,4267.42,1.39,16:00–23:59,Kochi,D0468,1,"CityFuel, FreshBasket, GreenLeaf Grocers","grocery, fuel, restaurants","pos, app, online",,1,24,0,LOW,NO ACTION
A0394,C10394,personal,Bengaluru,2026-05-11,0.0,,False,18,0,20563.27,12.0,9.8,LOW,0.0,,[],no risk factors,1142.4,205.82,2272.91,0.32,09:00–17:59,Bengaluru,D0469,1,"Annapoorna Stores, MediQuick, Dosa Corner","restaurants, grocery, pharmacy","pos, app",,1,15,0,LOW,NO ACTION
A0395,C10395,personal,Pune,2023-02-07,0.0,,False,64,0,135179.21,4.2,17.0,LOW,0.0,,[],no risk factors,2112.18,203.38,3875.06,1.12,09:00–17:59,Pune,"D0471, D0470",2,"Urban Bites, BuyNest, Spice Route","restaurants, online_marketplace, grocery","pos, app, online",,1,21,0,LOW,NO ACTION
A0396,C10396,personal,Chennai,2025-02-13,0.0,,False,43,0,126736.11,4.0,16.0,LOW,0.0,,[],no risk factors,2947.35,359.02,7779.58,0.75,14:00–20:59,Chennai,D0472,1,"DailyMart, FreshBasket, Annapoorna Stores","grocery, restaurants, online_marketplace","pos, app, online",A0543,1,18,1,LOW,NO ACTION
A0397,C10397,personal,Bengaluru,2024-01-27,0.0,,False,39,0,56022.58,17.9,12.8,LOW,0.0,,[],no risk factors,1436.48,224.54,2707.54,0.66,16:00–23:59,Bengaluru,D0473,1,"Annapoorna Stores, DailyMart, BuyNest","grocery, online_marketplace, restaurants","pos, online, app",,1,19,0,LOW,NO ACTION
A0398,C10398,personal,Mumbai,2022-09-10,0.0,,False,34,0,61165.88,4.6,18.4,LOW,0.0,,[],no risk factors,1799.0,203.35,3641.87,0.6,11:00–18:59,Mumbai,D0474,1,"Annapoorna Stores, Tiffin Box, BuyNest","grocery, restaurants, online_marketplace","pos, app, online",,1,19,0,LOW,NO ACTION
A0399,C10399,personal,Hyderabad,2023-12-14,0.0,,False,82,0,163402.45,18.2,28.0,LOW,0.0,,[],no risk factors,1992.71,152.38,1676.0,1.41,12:00–19:59,Hyderabad,D0475,1,"DailyMart, FreshBasket, Annapoorna Stores","grocery, online_marketplace, restaurants","pos, online, app",,1,25,0,LOW,NO ACTION
A0400,C10400,personal,Bengaluru,2022-12-04,0.0,,False,45,0,84615.07,3.8,15.3,LOW,0.0,,[],no risk factors,1880.33,337.22,3661.36,0.8,09:00–16:59,Bengaluru,D0476,1,"GreenLeaf Grocers, FreshBasket, Annapoorna Stores","grocery, utilities, fuel","pos, app, online",,1,19,0,LOW,NO ACTION
A0401,C10401,personal,Hyderabad,2023-04-19,0.0,,False,76,0,185320.51,16.5,20.9,LOW,0.0,,[],no risk factors,2438.43,345.65,4321.36,1.33,09:00–16:59,Hyderabad,D0477,1,"DailyMart, Dosa Corner, BuyNest","grocery, restaurants, online_marketplace","pos, app, online",,1,25,0,LOW,NO ACTION
A0402,C10402,personal,Coimbatore,2022-07-03,0.0,,False,21,0,45828.69,5.0,20.0,LOW,0.0,,[],no risk factors,2182.32,536.33,4000.0,0.47,13:00–21:59,Coimbatore,D0478,1,"QuickFill, HighwayPetro, AquaBill","grocery, fuel, restaurants","pos, online, app",,1,14,0,LOW,NO ACTION
A0014,C10014,personal,Pune,2023-07-03,0.0,,False,60,0,98248.86,30.1,48.3,LOW,0.0,,[],no risk factors,1637.48,284.7,4393.59,1.07,14:00–22:59,"Pune, London, GB",D0015,1,"Annapoorna Stores, Spice Route, CartKart","grocery, online_marketplace, fashion","pos, app, online",,2,21,0,LOW,NO ACTION
A0404,C10404,personal,Bengaluru,2025-02-10,0.0,,False,58,0,98445.09,17.0,22.9,LOW,0.0,,[],no risk factors,1697.33,296.21,3770.52,0.98,13:00–19:59,Bengaluru,D0685,1,"GreenLeaf Grocers, Annapoorna Stores, BuyNest","grocery, online_marketplace, fuel","pos, app, online",,1,17,0,LOW,NO ACTION
A0405,C10405,personal,Coimbatore,2023-06-25,0.0,,False,80,0,232358.42,5.0,20.0,LOW,0.0,,[],no risk factors,2904.48,533.66,5099.93,1.45,09:00–16:59,Coimbatore,D0481,1,"Spice Route, ShopSphere, GreenLeaf Grocers","grocery, restaurants, online_marketplace","pos, app, online",,1,26,0,LOW,NO ACTION
A0406,C10406,personal,Delhi,2024-10-11,0.0,,False,95,0,145150.8,16.5,20.3,LOW,0.0,,[],no risk factors,1527.9,209.48,2509.09,1.64,10:00–17:59,Delhi,"D0483, D0482",2,"DailyMart, HealthFirst, MediQuick","grocery, pharmacy, restaurants","pos, app, online",,1,24,0,LOW,NO ACTION
A0407,C10407,personal,Pune,2023-05-08,0.0,,False,39,0,2848081.43,16.3,16.6,LOW,0.0,,[],no risk factors,73027.73,393.83,335054.25,0.68,06:00–16:59,Pune,D0484,1,"HighwayPetro, FreshBasket, DailyMart","grocery, fuel, restaurants","pos, netbanking, app","A0544, A0547",1,15,2,LOW,NO ACTION
A0408,C10408,personal,Coimbatore,2023-12-26,0.0,,False,64,0,156998.98,17.2,24.0,LOW,0.0,,[],no risk factors,2453.11,226.51,2918.34,1.08,08:00–16:59,Coimbatore,"D0485, D0486",2,"GreenLeaf Grocers, DailyMart, Tiffin Box","grocery, restaurants, fuel","pos, app, online",,1,22,0,LOW,NO ACTION
A0409,C10409,personal,Bengaluru,2026-04-23,0.0,,False,57,0,107213.82,17.6,20.7,LOW,0.0,,[],no risk factors,1880.94,217.95,4019.6,0.97,11:00–18:59,Bengaluru,D0487,1,"DailyMart, FreshBasket, GreenLeaf Grocers","grocery, online_marketplace, restaurants","pos, app, online",,1,23,0,LOW,NO ACTION
A0410,C10410,personal,Bengaluru,2024-07-03,0.0,,False,27,0,179810.72,17.8,26.4,LOW,0.0,,[],no risk factors,6659.66,501.32,10163.85,0.47,17:00–23:59,Bengaluru,"D0489, D0488",2,"ShopSphere, CarePlus Pharmacy, AquaBill","grocery, fuel, online_marketplace","pos, app, online",,1,17,0,LOW,NO ACTION
A0411,C10411,personal,Kochi,2024-09-14,0.0,,False,65,0,196823.07,2.8,11.4,LOW,0.0,,[],no risk factors,3028.05,723.14,7635.01,1.14,09:00–18:59,Kochi,D0490,1,"Annapoorna Stores, QuickPay Recharge, FreshBasket","grocery, utilities, online_marketplace","pos, app, online",,1,21,0,LOW,NO ACTION
A0412,C10412,personal,Chennai,2022-12-08,0.0,,False,43,0,102269.87,4.4,17.6,LOW,0.0,,[],no risk factors,2378.37,427.33,4866.94,0.74,10:00–17:59,Chennai,D0491,1,"GreenLeaf Grocers, CartKart, Spice Route","grocery, online_marketplace, restaurants","pos, online, app",A0542,1,17,1,LOW,NO ACTION
A0413,C10413,personal,Hyderabad,2025-02-05,0.0,,False,89,0,71517.96,3.6,14.4,LOW,0.0,,[],no risk factors,803.57,132.94,1617.13,1.51,14:00–20:59,Hyderabad,D0492,1,"CartKart, Annapoorna Stores, ShopSphere","grocery, restaurants, online_marketplace","pos, app, online",,1,21,0,LOW,NO ACTION
A0414,C10414,personal,Delhi,2022-07-14,0.0,,False,44,0,59168.75,4.0,16.0,LOW,0.0,,[],no risk factors,1344.74,291.39,3270.17,0.75,07:00–16:59,Delhi,D0493,1,"BuyNest, FreshBasket, DailyMart","grocery, online_marketplace, utilities","pos, app, online",,1,18,0,LOW,NO ACTION
A0415,C10415,personal,Pune,2023-10-10,0.0,,False,87,0,131023.3,15.5,20.0,LOW,0.0,,[],no risk factors,1506.01,182.08,3380.59,1.47,10:00–19:59,Pune,D0494,1,"HighwayPetro, GreenLeaf Grocers, DailyMart","grocery, fuel, restaurants","pos, online, app",,1,26,0,LOW,NO ACTION
A0416,C10416,personal,Coimbatore,2024-06-03,0.0,,False,81,0,176650.12,3.5,14.0,LOW,0.0,,[],no risk factors,2180.87,344.11,4588.06,1.37,15:00–23:59,Coimbatore,D0495,1,"GreenLeaf Grocers, BuyNest, FreshBasket","grocery, online_marketplace, restaurants","pos, app, online",,1,23,0,LOW,NO ACTION
A0417,C10417,personal,Mumbai,2025-10-23,0.0,,False,105,0,284461.5,11.2,17.4,LOW,0.0,,[],no risk factors,2709.16,419.7,6039.91,1.78,10:00–17:59,Mumbai,D0496,1,"GreenLeaf Grocers, FreshBasket, HighwayPetro","grocery, restaurants, utilities","pos, online, app",,1,22,0,LOW,NO ACTION
A0418,C10418,personal,Delhi,2025-09-07,0.0,,False,63,0,82735.35,4.0,16.0,LOW,0.0,,[],no risk factors,1313.26,190.25,2982.23,1.09,13:00–19:59,Delhi,D0497,1,"DailyMart, FreshBasket, GreenLeaf Grocers","grocery, restaurants, online_marketplace","pos, app, online",,1,22,0,LOW,NO ACTION
A0419,C10419,personal,Mumbai,2026-04-20,0.0,,False,68,0,152782.22,11.1,16.1,LOW,0.0,,[],no risk factors,2246.8,389.04,5571.22,1.19,09:00–18:59,Mumbai,D0498,1,"DailyMart, FreshBasket, Spice Route","grocery, restaurants, fuel","pos, app, online",,1,23,0,LOW,NO ACTION
A0420,C10420,personal,Coimbatore,2023-11-10,0.0,,False,28,0,73785.97,18.2,28.0,LOW,0.0,,[],no risk factors,2635.21,220.06,1880.02,0.53,11:00–20:59,Coimbatore,D0499,1,"Spice Route, Annapoorna Stores, ShopSphere","restaurants, grocery, online_marketplace","pos, app, online",,1,19,0,LOW,NO ACTION
A0421,C10421,personal,Mumbai,2023-06-13,0.0,,False,59,0,151511.26,17.0,23.1,LOW,0.0,,[],no risk factors,2567.99,319.8,4273.42,1.0,07:00–14:59,Mumbai,D0500,1,"FreshBasket, DailyMart, MediQuick","grocery, restaurants, pharmacy","pos, app, online",,1,24,0,LOW,NO ACTION
A0422,C10422,personal,Delhi,2023-10-28,0.0,,False,68,0,110388.13,16.4,20.5,LOW,0.0,,[],no risk factors,1623.35,271.28,3009.58,1.17,10:00–18:59,Delhi,"D0502, D0501",2,"FreshBasket, Annapoorna Stores, CartKart","grocery, restaurants, online_marketplace","pos, app, online",,1,20,0,LOW,NO ACTION
A0423,C10423,personal,Mumbai,2025-07-22,0.0,,False,29,0,44289.45,4.3,17.3,LOW,0.0,,[],no risk factors,1527.22,132.68,3606.58,0.55,11:00–17:59,Mumbai,"D0504, D0503",2,"CartKart, Urban Bites, FreshBasket","restaurants, online_marketplace, pharmacy","pos, app, online",,1,15,0,LOW,NO ACTION
A0015,C10015,personal,Delhi,2024-02-02,0.0,,False,90,0,92681.42,5.0,20.0,LOW,0.0,,[],no risk factors,1029.79,192.2,2393.65,1.55,07:00–15:59,Delhi,D0016,1,"FreshBasket, Annapoorna Stores, StyleLane","grocery, restaurants, fashion","pos, app, online",,1,22,0,LOW,NO ACTION
A0425,C10425,personal,Chennai,2022-07-01,0.0,,False,78,0,68556.8,2.3,9.2,LOW,0.0,,[],no risk factors,878.93,186.84,1944.67,1.32,16:00–23:59,Chennai,D0507,1,"GreenLeaf Grocers, ShopSphere, Annapoorna Stores","grocery, online_marketplace, restaurants","pos, online, app",,1,23,0,LOW,NO ACTION
A0426,C10426,personal,Kochi,2025-08-25,0.0,,False,78,0,185219.05,13.4,20.5,LOW,0.0,,[],no risk factors,2374.6,324.58,5083.97,1.32,08:00–15:59,Kochi,D0508,1,"DailyMart, FreshBasket, GreenLeaf Grocers","grocery, pharmacy, restaurants","pos, online, app",,1,26,0,LOW,NO ACTION
A0427,C10427,personal,Mumbai,2025-07-10,0.0,,False,82,0,78790.15,4.6,18.5,LOW,0.0,,[],no risk factors,960.86,120.8,2390.09,1.41,14:00–20:59,Mumbai,D0509,1,"Dosa Corner, ShopSphere, DailyMart","restaurants, online_marketplace, grocery","pos, app, online",,1,24,0,LOW,NO ACTION
A0428,C10428,personal,Delhi,2022-08-18,0.0,,False,26,0,36290.99,11.2,12.0,LOW,0.0,,[],no risk factors,1395.81,309.15,2683.53,0.49,16:00–22:59,Delhi,D0687,1,"GreenLeaf Grocers, BuyNest, FreshBasket","grocery, fuel, online_marketplace","pos, app, online",,1,15,0,LOW,NO ACTION
A0429,C10429,personal,Bengaluru,2025-04-21,0.0,,False,27,0,43524.85,4.6,18.4,LOW,0.0,,[],no risk factors,1612.03,236.75,4196.76,0.5,12:00–18:59,Bengaluru,D0681,1,"FreshBasket, ShopSphere, BuyNest","grocery, restaurants, online_marketplace","pos, app, online",,1,15,0,LOW,NO ACTION
A0430,C10430,personal,Kochi,2024-06-10,0.0,,False,87,0,89120.12,3.5,14.0,LOW,0.0,,[],no risk factors,1024.37,141.68,2393.97,1.47,07:00–15:59,Kochi,D0512,1,"GreenLeaf Grocers, FreshBasket, DailyMart","grocery, online_marketplace, restaurants","pos, app, online",,1,25,0,LOW,NO ACTION
A0016,C10016,personal,Mumbai,2025-10-31,0.0,,False,60,0,44498.3,3.0,11.8,LOW,0.0,,[],no risk factors,741.64,142.83,1536.42,1.09,13:00–20:59,Mumbai,D0017,1,"Urban Bites, DailyMart, ShopSphere","grocery, restaurants, online_marketplace","pos, app, online",,1,20,0,LOW,NO ACTION
A0017,C10017,personal,Pune,2024-05-26,0.0,,False,33,0,39089.56,11.2,18.0,LOW,0.0,,[],no risk factors,1184.53,159.01,2213.34,0.72,14:00–21:59,Pune,"D0018, D0019",2,"DailyMart, BuyNest, HealthFirst","grocery, online_marketplace, pharmacy","pos, app, online",,1,17,0,LOW,NO ACTION
A0433,C10433,personal,Delhi,2024-07-19,0.0,,False,41,0,80965.16,19.4,23.2,LOW,0.0,,[],no risk factors,1974.76,326.54,4249.04,0.71,17:00–23:59,Delhi,D0516,1,"DailyMart, Annapoorna Stores, MediQuick","grocery, pharmacy, restaurants","pos, app, online",,1,20,0,LOW,NO ACTION
A0434,C10434,personal,Mumbai,2023-03-13,0.0,,False,109,0,131482.2,16.4,20.6,LOW,0.0,,[],no risk factors,1206.26,201.65,2328.85,1.88,11:00–19:59,Mumbai,D0689,1,"BuyNest, GreenLeaf Grocers, ShopSphere","grocery, online_marketplace, restaurants","pos, app, online",,1,23,0,LOW,NO ACTION
A0435,C10435,personal,Hyderabad,2023-02-18,0.0,,False,44,0,138772.87,15.7,24.9,LOW,0.0,,[],no risk factors,3153.93,383.76,9148.1,0.77,11:00–20:59,Hyderabad,D0518,1,"Spice Route, Annapoorna Stores, ShopSphere","grocery, restaurants, fashion","pos, app, online",,1,20,0,LOW,NO ACTION
A0436,C10436,personal,Delhi,2025-03-31,0.0,,False,57,0,212807.24,3.5,14.0,LOW,0.0,,[],no risk factors,3733.46,352.19,11665.27,0.98,11:00–19:59,Delhi,D0519,1,"Tiffin Box, DailyMart, FreshBasket","grocery, restaurants, online_marketplace","pos, app, online",A0543,1,20,1,LOW,NO ACTION
A0437,C10437,personal,Mumbai,2026-05-11,0.0,,False,72,0,206393.77,18.2,28.0,LOW,0.0,,[],no risk factors,2866.58,499.06,4000.0,1.26,10:00–16:59,Mumbai,D0520,1,"DailyMart, Annapoorna Stores, Tiffin Box","grocery, restaurants, online_marketplace","pos, app, online",,1,21,0,LOW,NO ACTION
A0438,C10438,personal,Delhi,2023-08-17,0.0,,False,88,0,204319.6,10.6,17.6,LOW,0.0,,[],no risk factors,2321.81,365.22,3962.41,1.52,16:00–22:59,Delhi,D0521,1,"Annapoorna Stores, GreenLeaf Grocers, Urban Bites","grocery, restaurants, fuel","pos, app, online",A0542,1,25,1,LOW,NO ACTION
A0439,C10439,personal,Hyderabad,2026-04-15,0.0,,False,41,0,129634.76,20.9,20.5,LOW,0.0,,[],no risk factors,3161.82,606.11,9354.01,0.73,06:00–14:59,Hyderabad,"D0522, D0523",2,"FreshBasket, BuyNest, QuickFill","grocery, online_marketplace, fuel","pos, app, online",,1,21,0,LOW,NO ACTION
A0440,C10440,personal,Hyderabad,2025-05-04,0.0,,False,37,0,64322.46,18.2,27.8,LOW,0.0,,[],no risk factors,1738.44,193.94,3294.63,0.65,07:00–14:59,Hyderabad,"D0525, D0524",2,"QuickFill, CityFuel, Threads & Co","fuel, fashion, grocery","pos, online, app",,1,20,0,LOW,NO ACTION
A0441,C10441,personal,Bengaluru,2024-04-28,0.0,,False,86,0,132336.73,4.0,16.0,LOW,0.0,,[],no risk factors,1538.8,163.96,3830.76,1.51,11:00–19:59,Bengaluru,D0526,1,"Dosa Corner, Spice Route, FreshBasket","restaurants, grocery, utilities","pos, app, online",,1,23,0,LOW,NO ACTION
A0442,C10442,personal,Hyderabad,2023-11-05,0.0,,False,89,0,204803.1,17.2,20.4,LOW,0.0,,[],no risk factors,2301.16,410.58,4874.99,1.53,12:00–19:59,Hyderabad,"D0528, D0527",2,"Annapoorna Stores, GreenLeaf Grocers, DailyMart","grocery, utilities, online_marketplace","pos, app, online",,1,24,0,LOW,NO ACTION
A0443,C10443,personal,Mumbai,2025-05-18,0.0,,False,55,0,129858.34,20.5,19.0,LOW,0.0,,[],no risk factors,2361.06,283.24,5458.61,0.96,13:00–22:59,Mumbai,D0529,1,"GreenLeaf Grocers, Dosa Corner, DailyMart","grocery, restaurants, fashion","pos, app, online",,1,19,0,LOW,NO ACTION
A0444,C10444,personal,Pune,2025-12-28,0.0,,False,67,0,114585.55,5.6,22.3,LOW,0.0,,[],no risk factors,1710.23,280.92,3317.55,1.2,16:00–23:59,Pune,D0530,1,"FreshBasket, Dosa Corner, ShopSphere","grocery, restaurants, fuel","pos, app, online",,1,20,0,LOW,NO ACTION
A0445,C10445,personal,Pune,2023-01-02,0.0,,False,38,0,82983.55,3.6,14.6,LOW,0.0,,[],no risk factors,2183.78,251.05,5272.3,0.68,16:00–22:59,Pune,D0531,1,"DailyMart, AquaBill, ShopSphere","grocery, online_marketplace, utilities","pos, app, online",,1,19,0,LOW,NO ACTION
A0446,C10446,personal,Kochi,2023-10-22,0.0,,False,82,0,73878.55,16.8,26.1,LOW,0.0,,[],no risk factors,900.96,134.14,1708.49,1.44,11:00–19:59,Kochi,D0532,1,"DailyMart, Annapoorna Stores, FreshBasket","grocery, restaurants, fuel","pos, app, online",,1,25,0,LOW,NO ACTION
A0447,C10447,personal,Bengaluru,2026-01-27,0.0,,False,105,0,170725.16,16.8,22.0,LOW,0.0,,[],no risk factors,1625.95,112.02,1616.33,1.78,07:00–14:59,Bengaluru,"D0534, D0533",2,"Dosa Corner, Tiffin Box, ShopSphere","restaurants, online_marketplace, grocery","pos, app, online",,1,23,0,LOW,NO ACTION
A0448,C10448,personal,Delhi,2023-10-29,0.0,,False,70,0,158234.92,6.6,26.2,LOW,0.0,,[],no risk factors,2260.5,282.03,3473.43,1.23,13:00–21:59,Delhi,D0535,1,"DailyMart, GreenLeaf Grocers, Tiffin Box","grocery, restaurants, online_marketplace","pos, app, online",A0542,1,23,1,LOW,NO ACTION
A0449,C10449,personal,Mumbai,2023-05-22,0.0,,False,30,0,70202.42,5.0,20.0,LOW,0.0,,[],no risk factors,2340.08,420.89,4119.86,0.55,15:00–22:59,Mumbai,D0536,1,"FreshBasket, DailyMart, Annapoorna Stores","grocery, fuel, online_marketplace","pos, app, online",A0543,1,15,1,LOW,NO ACTION
A0450,C10450,personal,Coimbatore,2023-08-15,0.0,,False,49,0,41012.22,2.4,9.8,LOW,0.0,,[],no risk factors,836.98,129.08,1945.34,0.83,15:00–22:59,Coimbatore,D0537,1,"DailyMart, GreenLeaf Grocers, ShopSphere","grocery, restaurants, online_marketplace","pos, online, app",,1,20,0,LOW,NO ACTION
A0451,C10451,personal,Delhi,2022-10-15,0.0,,False,92,0,244627.32,4.5,18.1,LOW,0.0,,[],no risk factors,2658.99,387.54,4124.38,1.56,10:00–17:59,Delhi,D0538,1,"GreenLeaf Grocers, QuickFill, CityFuel","grocery, fuel, restaurants","pos, app, online",,1,25,0,LOW,NO ACTION
A0452,C10452,personal,Coimbatore,2024-05-01,0.0,,False,67,0,85246.0,4.1,16.3,LOW,0.0,,[],no risk factors,1272.33,166.85,2513.03,1.18,10:00–18:59,Coimbatore,D0539,1,"DailyMart, Spice Route, CityFuel","grocery, fuel, restaurants","pos, online, app",,1,22,0,LOW,NO ACTION
A0453,C10453,personal,Delhi,2025-12-27,0.0,,False,78,0,209920.0,10.9,24.3,LOW,0.0,,[],no risk factors,2691.28,393.63,4593.97,1.37,08:00–15:59,Delhi,D0540,1,"HighwayPetro, FreshBasket, DailyMart","grocery, restaurants, fuel","pos, app, online",A0541,1,23,1,LOW,NO ACTION
A0454,C10454,personal,Chennai,2023-08-12,0.0,,False,55,0,102632.97,21.4,15.1,LOW,0.0,,[],no risk factors,1866.05,197.86,2681.35,0.96,07:00–14:59,Chennai,D0541,1,"Dosa Corner, Annapoorna Stores, Urban Bites","grocery, restaurants, online_marketplace","pos, app, online",A0543,1,19,1,LOW,NO ACTION
A0018,C10018,personal,Bengaluru,2024-11-05,0.0,,False,103,0,174822.15,12.5,22.9,LOW,0.0,,[],no risk factors,1697.3,260.61,3975.01,1.84,15:00–23:59,Bengaluru,D0020,1,"GreenLeaf Grocers, BuyNest, ShopSphere","grocery, online_marketplace, restaurants","pos, app, online",,1,23,0,LOW,NO ACTION
A0456,C10456,personal,Kochi,2023-11-02,0.0,,False,37,0,91648.31,2.8,11.0,LOW,0.0,,[],no risk factors,2476.98,404.21,6204.62,0.66,09:00–17:59,Kochi,D0543,1,"ShopSphere, CityFuel, Annapoorna Stores","online_marketplace, grocery, fuel","pos, app, online",,1,20,0,LOW,NO ACTION
A0457,C10457,personal,Pune,2025-12-27,0.0,,False,74,0,65023.0,4.0,16.0,LOW,0.0,,[],no risk factors,878.69,159.49,1780.43,1.28,10:00–17:59,Pune,D0544,1,"Dosa Corner, Annapoorna Stores, Tiffin Box","restaurants, grocery, fuel","pos, app, online",,1,23,0,LOW,NO ACTION
A0458,C10458,personal,Chennai,2025-03-10,0.0,,False,32,0,46207.02,19.4,26.4,LOW,0.0,,[],no risk factors,1443.97,255.43,4034.37,0.55,12:00–19:59,Chennai,"D0545, D0546",2,"Annapoorna Stores, FreshBasket, ShopSphere","grocery, online_marketplace, utilities","pos, app, online",,1,19,0,LOW,NO ACTION
A0459,C10459,personal,Hyderabad,2025-02-19,0.0,,False,40,0,82500.95,3.5,14.0,LOW,0.0,,[],no risk factors,2062.52,242.65,3829.62,0.7,14:00–23:59,Hyderabad,D0547,1,"Tiffin Box, BuyNest, DailyMart","restaurants, grocery, online_marketplace","pos, app, online",A0541,1,18,1,LOW,NO ACTION
A0460,C10460,personal,Hyderabad,2024-07-27,0.0,,False,111,0,155302.05,14.6,24.8,LOW,0.0,,[],no risk factors,1399.12,175.39,2526.92,1.91,15:00–23:59,Hyderabad,D0548,1,"Tiffin Box, Urban Bites, CartKart","restaurants, grocery, online_marketplace","pos, app, online",A0541,1,26,1,LOW,NO ACTION
A0461,C10461,personal,Kochi,2024-10-24,0.0,,False,47,0,3212752.03,16.3,28.0,LOW,0.0,,[],no risk factors,68356.43,189.26,304072.95,0.84,08:00–15:59,Kochi,D0549,1,"FreshBasket, GreenLeaf Grocers, Annapoorna Stores","grocery, restaurants, online_marketplace","pos, netbanking, app","A0546, A0547",1,17,2,LOW,NO ACTION
A0462,C10462,personal,Pune,2024-07-16,0.0,,False,22,0,60119.58,4.0,16.0,LOW,0.0,,[],no risk factors,2732.71,474.31,4968.25,0.43,13:00–22:59,Pune,D0550,1,"Tiffin Box, GreenLeaf Grocers, StyleLane","restaurants, grocery, online_marketplace","pos, app, online",,1,16,0,LOW,NO ACTION
A0463,C10463,personal,Kochi,2024-08-21,0.0,,False,62,0,114102.81,16.8,14.0,LOW,0.0,,[],no risk factors,1840.37,423.36,4000.0,1.07,14:00–21:59,Kochi,"D0551, D0552",2,"Tiffin Box, Urban Bites, DailyMart","restaurants, grocery, online_marketplace","pos, app, online",,1,20,0,LOW,NO ACTION
A0464,C10464,personal,Chennai,2024-01-27,0.0,,False,61,0,114948.68,18.0,26.8,LOW,0.0,,[],no risk factors,1884.4,295.59,3447.23,1.03,12:00–20:59,Chennai,D0553,1,"DailyMart, FreshBasket, GreenLeaf Grocers","grocery, restaurants, online_marketplace","pos, app, online",,1,19,0,LOW,NO ACTION
A0465,C10465,personal,Chennai,2024-03-18,0.0,,False,72,0,176564.08,4.0,16.0,LOW,0.0,,[],no risk factors,2452.28,344.82,5317.63,1.24,09:00–17:59,Chennai,D0684,1,"FreshBasket, CartKart, Urban Bites","grocery, online_marketplace, fashion","pos, app, online",,1,24,0,LOW,NO ACTION
A0466,C10466,personal,Bengaluru,2024-07-23,0.0,,False,80,0,106801.61,4.6,18.4,LOW,0.0,,[],no risk factors,1335.02,235.21,2702.46,1.4,12:00–20:59,Bengaluru,D0555,1,"DailyMart, GreenLeaf Grocers, HighwayPetro","grocery, fuel, restaurants","pos, online, app",,1,22,0,LOW,NO ACTION
A0467,C10467,personal,Delhi,2023-03-09,0.0,,False,61,0,104520.43,4.3,17.3,LOW,0.0,,[],no risk factors,1713.45,215.49,3350.87,1.07,07:00–17:59,Delhi,D0556,1,"BuyNest, GreenLeaf Grocers, ShopSphere","grocery, restaurants, online_marketplace","pos, app, online",,1,19,0,LOW,NO ACTION
A0468,C10468,personal,Hyderabad,2023-07-04,0.0,,False,36,0,40970.45,4.0,16.0,LOW,0.0,,[],no risk factors,1138.07,125.94,2720.86,0.69,13:00–22:59,Hyderabad,D0688,1,"PowerGrid Pay, Dosa Corner, CityFuel","restaurants, grocery, utilities","pos, app, online",,1,20,0,LOW,NO ACTION
A0469,C10469,personal,Pune,2022-10-15,0.0,,False,84,0,138193.2,9.2,15.0,LOW,0.0,,[],no risk factors,1645.16,194.83,3188.21,1.45,09:00–16:59,Pune,D0559,1,"CityFuel, Dosa Corner, Annapoorna Stores","restaurants, grocery, fuel","pos, app, online",,1,27,0,LOW,NO ACTION
A0470,C10470,personal,Kochi,2023-02-13,0.0,,False,49,0,119710.57,3.0,11.8,LOW,0.0,,[],no risk factors,2443.07,481.74,5083.63,0.86,06:00–14:59,Kochi,D0560,1,"GreenLeaf Grocers, Tiffin Box, Annapoorna Stores","grocery, restaurants, utilities","pos, online, app",,1,20,0,LOW,NO ACTION
A0471,C10471,personal,Coimbatore,2023-01-11,0.0,,False,50,0,83468.9,5.0,20.0,LOW,0.0,,[],no risk factors,1669.38,207.15,3344.92,0.86,10:00–17:59,Coimbatore,D0561,1,"HealthFirst, Tiffin Box, CartKart","restaurants, utilities, online_marketplace","pos, app, online",,1,19,0,LOW,NO ACTION
A0472,C10472,personal,Coimbatore,2024-04-12,0.0,,False,99,0,187073.2,15.9,16.0,LOW,0.0,,[],no risk factors,1889.63,234.52,4414.09,1.68,15:00–23:59,Coimbatore,"D0563, D0562",2,"GreenLeaf Grocers, CartKart, BuyNest","grocery, online_marketplace, restaurants","pos, app, online",,1,24,0,LOW,NO ACTION
A0473,C10473,personal,Bengaluru,2023-08-08,0.0,,False,59,0,159070.01,18.2,28.0,LOW,0.0,,[],no risk factors,2696.1,430.62,7029.61,1.0,17:00–23:59,Bengaluru,D0564,1,"ShopSphere, CartKart, GreenLeaf Grocers","online_marketplace, grocery, restaurants","pos, online, app",,1,26,0,LOW,NO ACTION
A0474,C10474,personal,Pune,2025-10-10,0.0,,False,85,0,101397.02,5.0,20.0,LOW,0.0,,[],no risk factors,1192.91,207.86,2753.77,1.44,13:00–21:59,Pune,D0565,1,"FreshBasket, CartKart, Annapoorna Stores","grocery, online_marketplace, restaurants","pos, app, online",,1,23,0,LOW,NO ACTION
A0475,C10475,personal,Bengaluru,2023-07-04,0.0,,False,40,0,38783.04,3.7,14.7,LOW,0.0,,[],no risk factors,969.58,221.35,2059.44,0.73,08:00–17:59,Bengaluru,"D0566, D0567",2,"GreenLeaf Grocers, Spice Route, ShopSphere","grocery, restaurants, online_marketplace","pos, online, app",,1,22,0,LOW,NO ACTION
A0476,C10476,personal,Coimbatore,2026-05-03,0.0,,False,67,0,189264.49,26.9,22.9,LOW,0.0,,[],no risk factors,2824.84,307.36,4819.53,1.16,14:00–20:59,Coimbatore,D0568,1,"DailyMart, Spice Route, Kurta House","grocery, restaurants, online_marketplace","pos, app, online",,1,22,0,LOW,NO ACTION
A0477,C10477,personal,Chennai,2024-09-28,0.0,,False,35,0,56981.2,2.4,9.5,LOW,0.0,,[],no risk factors,1628.03,263.14,3248.92,0.67,09:00–16:59,Chennai,D0569,1,"Spice Route, DailyMart, Annapoorna Stores","restaurants, grocery, online_marketplace","pos, app, online",,1,17,0,LOW,NO ACTION
A0478,C10478,personal,Pune,2024-01-03,0.0,,False,31,0,67186.29,17.5,25.7,LOW,0.0,,[],no risk factors,2167.3,271.64,3592.43,0.53,12:00–19:59,Pune,D0570,1,"Urban Bites, Annapoorna Stores, PowerGrid Pay","restaurants, grocery, online_marketplace","pos, app, online",,1,15,0,LOW,NO ACTION
A0479,C10479,personal,Mumbai,2024-01-26,0.0,,False,61,0,138107.12,4.2,16.6,LOW,0.0,,[],no risk factors,2264.05,311.0,4606.1,1.09,16:00–23:59,Mumbai,"D0572, D0571",2,"Spice Route, Tiffin Box, Annapoorna Stores","restaurants, grocery, online_marketplace","pos, app, online",,1,22,0,LOW,NO ACTION
A0480,C10480,personal,Pune,2024-10-31,0.0,,False,63,0,130233.43,3.5,14.0,LOW,0.0,,[],no risk factors,2067.2,283.9,4693.36,1.07,07:00–15:59,Pune,D0573,1,"Annapoorna Stores, BuyNest, GreenLeaf Grocers","grocery, online_marketplace, restaurants","pos, app, online",,1,24,0,LOW,NO ACTION
A0481,C10481,personal,Mumbai,2023-02-03,0.0,,False,39,0,30786.36,2.7,10.8,LOW,0.0,,[],no risk factors,789.39,178.17,1583.05,0.7,08:00–14:59,Mumbai,"D0574, D0575",2,"Dosa Corner, DailyMart, FreshBasket","grocery, restaurants, fuel","pos, online, app",,1,17,0,LOW,NO ACTION
A0482,C10482,personal,Mumbai,2024-07-06,0.0,,False,31,0,73321.29,20.0,35.2,LOW,0.0,,[],no risk factors,2365.2,369.04,4064.0,0.53,14:00–20:59,Mumbai,D0576,1,"Annapoorna Stores, DailyMart, Dosa Corner","grocery, online_marketplace, restaurants","pos, online, app",,1,16,0,LOW,NO ACTION
A0483,C10483,personal,Bengaluru,2026-02-02,0.0,,False,83,0,172558.65,3.6,14.3,LOW,0.0,,[],no risk factors,2079.02,286.39,4864.61,1.43,16:00–23:59,Bengaluru,D0577,1,"Annapoorna Stores, FreshBasket, GreenLeaf Grocers","grocery, online_marketplace, utilities","pos, app, online",,1,25,0,LOW,NO ACTION
A0484,C10484,personal,Hyderabad,2024-07-01,0.0,,False,67,0,65573.9,6.8,27.0,LOW,0.0,,[],no risk factors,978.71,153.37,1996.55,1.22,12:00–19:59,Hyderabad,D0687,1,"GreenLeaf Grocers, Spice Route, Annapoorna Stores","grocery, restaurants, online_marketplace","pos, app, online",,1,19,0,LOW,NO ACTION
A0485,C10485,personal,Bengaluru,2024-09-02,0.0,,False,67,0,122647.89,16.4,20.7,LOW,0.0,,[],no risk factors,1830.57,390.46,3058.84,1.14,14:00–21:59,Bengaluru,D0579,1,"GreenLeaf Grocers, CartKart, DailyMart","grocery, online_marketplace, restaurants","pos, app, online",,1,22,0,LOW,NO ACTION
A0486,C10486,personal,Hyderabad,2025-07-31,0.0,,False,95,0,147517.41,16.5,20.9,LOW,0.0,,[],no risk factors,1552.81,226.09,3154.02,1.61,13:00–21:59,Hyderabad,D0580,1,"GreenLeaf Grocers, Annapoorna Stores, FreshBasket","grocery, fuel, restaurants","pos, online, app",,1,25,0,LOW,NO ACTION
A0487,C10487,personal,Kochi,2023-08-12,0.0,,False,98,0,119654.99,6.9,27.6,LOW,0.0,,[],no risk factors,1220.97,175.63,3124.47,1.66,08:00–15:59,"Kochi, Singapore, SG",D0581,1,"FreshBasket, DailyMart, GreenLeaf Grocers","grocery, fashion, restaurants","pos, app, online",,2,25,0,LOW,NO ACTION
A0488,C10488,personal,Pune,2024-01-17,0.0,,False,81,0,117479.38,5.3,21.3,LOW,0.0,,[],no risk factors,1450.36,249.87,2788.88,1.37,12:00–20:59,Pune,D0582,1,"Dosa Corner, Annapoorna Stores, GreenLeaf Grocers","restaurants, grocery, online_marketplace","pos, app, online",,1,24,0,LOW,NO ACTION
A0489,C10489,personal,Coimbatore,2024-04-28,0.0,,False,41,0,76603.49,2.0,7.8,LOW,0.0,,[],no risk factors,1868.38,282.38,5000.0,0.72,07:00–16:59,Coimbatore,D0583,1,"Tiffin Box, Annapoorna Stores, BuyNest","restaurants, grocery, online_marketplace","pos, app, online",,1,18,0,LOW,NO ACTION
A0490,C10490,personal,Hyderabad,2022-10-01,0.0,,False,114,0,115375.12,21.4,19.1,LOW,0.0,,[],no risk factors,1012.06,114.44,1514.0,1.97,12:00–19:59,Hyderabad,D0584,1,"GreenLeaf Grocers, Annapoorna Stores, DailyMart","grocery, online_marketplace, fuel","pos, app, online",A0543,1,26,1,LOW,NO ACTION
A0491,C10491,personal,Chennai,2022-10-03,0.0,,False,54,0,48923.12,3.8,15.1,LOW,0.0,,[],no risk factors,905.98,148.42,2267.86,0.96,13:00–20:59,Chennai,D0685,1,"GreenLeaf Grocers, DailyMart, HighwayPetro","grocery, restaurants, online_marketplace","pos, app, online",,1,21,0,LOW,NO ACTION
A0492,C10492,personal,Delhi,2023-12-15,0.0,,False,43,0,86226.32,2.6,10.5,LOW,0.0,,[],no risk factors,2005.26,333.4,5543.1,0.75,14:00–23:59,Delhi,D0586,1,"GreenLeaf Grocers, Spice Route, FreshBasket","grocery, restaurants, utilities","pos, app, online",,1,22,0,LOW,NO ACTION
A0493,C10493,personal,Kochi,2022-11-27,0.0,,False,32,0,209766.76,16.2,19.9,LOW,0.0,,[],no risk factors,6555.21,415.47,10699.89,0.57,15:00–23:59,Kochi,D0587,1,"GreenLeaf Grocers, ShopSphere, Spice Route","grocery, online_marketplace, restaurants","pos, app, online",,1,21,0,LOW,NO ACTION
A0494,C10494,personal,Chennai,2025-07-05,0.0,,False,65,0,83933.9,4.0,16.0,LOW,0.0,,[],no risk factors,1291.29,202.73,3078.77,1.16,11:00–18:59,Chennai,D0588,1,"Annapoorna Stores, BuyNest, ShopSphere","grocery, online_marketplace, restaurants","pos, app, online",,1,20,0,LOW,NO ACTION
A0495,C10495,personal,Mumbai,2024-05-11,0.0,,False,70,0,49592.81,30.5,27.4,LOW,0.0,,[],no risk factors,708.47,107.06,1650.27,1.19,09:00–16:59,Mumbai,"D0589, D0590",2,"Dosa Corner, Urban Bites, GreenLeaf Grocers","restaurants, grocery, fuel","pos, app, online",,1,22,0,LOW,NO ACTION
A0496,C10496,personal,Hyderabad,2024-07-25,0.0,,False,48,0,115490.14,15.8,20.0,LOW,0.0,,[],no risk factors,2406.04,263.62,3167.34,0.84,13:00–20:59,Hyderabad,D0591,1,"ShopSphere, Annapoorna Stores, Urban Bites","grocery, restaurants, online_marketplace","pos, app, online",,1,21,0,LOW,NO ACTION
A0497,C10497,personal,Pune,2023-12-27,0.0,,False,29,0,78459.36,3.5,14.0,LOW,0.0,,[],no risk factors,2705.5,208.83,4875.15,0.49,09:00–16:59,Pune,D0592,1,"Annapoorna Stores, CartKart, Urban Bites","grocery, restaurants, online_marketplace","pos, app, upi",A0541,1,16,1,LOW,NO ACTION
A0498,C10498,personal,Chennai,2023-07-31,0.0,,False,96,0,182371.67,5.0,20.0,LOW,0.0,,[],no risk factors,1899.7,272.9,3403.46,1.66,11:00–18:59,Chennai,D0593,1,"Annapoorna Stores, Tiffin Box, FreshBasket","grocery, restaurants, pharmacy","pos, app, online",A0541,1,25,1,LOW,NO ACTION
A0499,C10499,personal,Coimbatore,2024-10-19,0.0,,False,72,0,111158.77,17.4,24.6,LOW,0.0,,[],no risk factors,1543.87,204.03,3008.08,1.26,12:00–19:59,Coimbatore,D0594,1,"Urban Bites, FreshBasket, Spice Route","grocery, restaurants, fuel","pos, app, online",,1,27,0,LOW,NO ACTION
A0500,C10500,personal,Bengaluru,2024-04-22,0.0,,False,34,0,41018.66,3.9,15.5,LOW,0.0,,[],no risk factors,1206.43,228.9,2900.97,0.67,07:00–15:59,Bengaluru,D0595,1,"GreenLeaf Grocers, Tiffin Box, DailyMart","grocery, restaurants, online_marketplace","pos, app, online",,1,17,0,LOW,NO ACTION
A0501,C10501,personal,Coimbatore,2023-05-22,0.0,,False,101,0,185533.43,18.2,28.0,LOW,0.0,,[],no risk factors,1836.96,184.31,2184.96,1.77,10:00–17:59,Coimbatore,D0596,1,"FreshBasket, DailyMart, Threads & Co","grocery, restaurants, online_marketplace","pos, app, online",,1,25,0,LOW,NO ACTION
A0019,C10019,personal,Coimbatore,2026-02-12,0.0,,False,57,0,153307.84,21.4,20.0,LOW,0.0,,[],no risk factors,2689.61,260.75,3566.15,0.97,11:00–18:59,Coimbatore,D0021,1,"DailyMart, ShopSphere, QuickPay Recharge","grocery, fuel, online_marketplace","pos, app, online",A0542,1,24,1,LOW,NO ACTION
A0503,C10503,personal,Mumbai,2026-05-29,0.0,,False,52,0,81459.25,14.9,17.6,LOW,0.0,,[],no risk factors,1566.52,250.9,3559.35,0.9,15:00–23:59,Mumbai,D0598,1,"FreshBasket, ShopSphere, Annapoorna Stores","grocery, restaurants, online_marketplace","pos, app, online",,1,20,0,LOW,NO ACTION
A0504,C10504,personal,Bengaluru,2025-04-23,0.0,,False,104,0,228220.41,7.1,28.4,LOW,0.0,,[],no risk factors,2194.43,453.71,5000.0,1.76,08:00–15:59,Bengaluru,D0599,1,"Urban Bites, Dosa Corner, DailyMart","restaurants, grocery, utilities","pos, app, online",,1,23,0,LOW,NO ACTION
A0505,C10505,personal,Coimbatore,2025-01-20,0.0,,False,43,0,101369.28,17.8,26.4,LOW,0.0,,[],no risk factors,2357.43,413.91,4000.0,0.78,08:00–15:59,Coimbatore,D0600,1,"Annapoorna Stores, DailyMart, QuickFill","grocery, restaurants, fuel","pos, online",,1,15,0,LOW,NO ACTION
A0506,C10506,personal,Delhi,2022-10-01,0.0,,False,73,0,102923.48,9.2,12.2,LOW,0.0,,[],no risk factors,1409.91,256.12,2772.25,1.28,11:00–18:59,Delhi,D0601,1,"Annapoorna Stores, DailyMart, GreenLeaf Grocers","grocery, restaurants, utilities","pos, app, online",,1,23,0,LOW,NO ACTION
A0507,C10507,personal,Chennai,2026-05-10,0.0,,False,21,0,44419.68,13.5,16.0,LOW,0.0,,[],no risk factors,2115.22,482.72,3000.0,0.38,14:00–23:59,Chennai,D0690,1,"GreenLeaf Grocers, FreshBasket, CityFuel","grocery, restaurants, fuel","pos, app, online",,1,16,0,LOW,NO ACTION
A0508,C10508,personal,Bengaluru,2024-08-07,0.0,,False,30,0,74736.74,3.0,12.0,LOW,0.0,,[],no risk factors,2491.22,309.62,7913.39,0.52,16:00–23:59,Bengaluru,D0603,1,"DailyMart, CircuitHub, BuyNest","fuel, grocery, online_marketplace","pos, app, online",,1,19,0,LOW,NO ACTION
A0509,C10509,personal,Coimbatore,2022-10-31,0.0,,False,67,0,88271.08,12.8,24.0,LOW,0.0,,[],no risk factors,1317.48,172.45,3356.27,1.14,13:00–21:59,Coimbatore,D0604,1,"FreshBasket, GreenLeaf Grocers, ShopSphere","grocery, fuel, utilities","pos, app, online",,1,22,0,LOW,NO ACTION
A0510,C10510,personal,Delhi,2026-04-07,0.0,,False,37,0,67359.05,4.0,16.2,LOW,0.0,,[],no risk factors,1820.51,295.0,3539.31,0.66,07:00–15:59,Delhi,D0605,1,"FreshBasket, DailyMart, Tiffin Box","grocery, restaurants, online_marketplace","pos, online, app",,1,17,0,LOW,NO ACTION
A0511,C10511,personal,Pune,2024-01-14,0.0,,False,71,0,150942.02,18.8,17.7,LOW,0.0,,[],no risk factors,2125.94,286.44,4303.54,1.22,13:00–22:59,Pune,D0681,1,"Annapoorna Stores, FreshBasket, DailyMart","grocery, restaurants, fuel","pos, app, online",,1,23,0,LOW,NO ACTION
A0512,C10512,personal,Mumbai,2024-03-15,0.0,,False,90,0,265976.83,4.2,16.8,LOW,0.0,,[],no risk factors,2955.3,452.19,9427.1,1.61,09:00–17:59,Mumbai,D0691,1,"Urban Bites, CityFuel, HighwayPetro","restaurants, fuel, online_marketplace","pos, app, online",,1,25,0,LOW,NO ACTION
A0513,C10513,personal,Delhi,2022-12-06,0.0,,False,64,0,168035.62,8.9,17.1,LOW,0.0,,[],no risk factors,2625.56,291.88,4587.55,1.1,15:00–21:59,Delhi,D0608,1,"FreshBasket, Annapoorna Stores, GreenLeaf Grocers","grocery, online_marketplace, fuel","pos, app, online",A0542,1,23,1,LOW,NO ACTION
A0514,C10514,personal,Coimbatore,2026-04-24,0.0,,False,84,0,150833.25,17.6,30.3,LOW,0.0,,[],no risk factors,1795.63,246.45,3134.88,1.45,10:00–17:59,Coimbatore,"D0609, D0610",2,"FreshBasket, ShopSphere, Spice Route","grocery, restaurants, online_marketplace","pos, online, app",A0541,1,24,1,LOW,NO ACTION
A0515,C10515,personal,Bengaluru,2024-06-15,0.0,,False,34,0,27153.98,10.0,28.0,LOW,0.0,,[],no risk factors,798.65,129.04,1457.15,0.63,06:00–13:59,Bengaluru,D0611,1,"FreshBasket, GreenLeaf Grocers, Urban Bites","grocery, restaurants, utilities","pos, online, app",,1,21,0,LOW,NO ACTION
A0516,C10516,personal,Mumbai,2025-03-19,0.0,,False,71,0,63807.1,16.5,21.1,LOW,0.0,,[],no risk factors,898.69,158.57,1984.48,1.22,07:00–16:59,Mumbai,D0612,1,"FreshBasket, BuyNest, QuickFill","grocery, online_marketplace, fuel","pos, app, online",,1,20,0,LOW,NO ACTION
A0517,C10517,personal,Bengaluru,2024-01-17,0.0,,False,61,0,108973.3,10.4,15.0,LOW,0.0,,[],no risk factors,1786.45,228.3,3920.84,1.03,16:00–23:59,Bengaluru,"D0614, D0613",2,"Tiffin Box, CarePlus Pharmacy, Dosa Corner","restaurants, grocery, pharmacy","pos, app, online",,1,23,0,LOW,NO ACTION
A0518,C10518,personal,Chennai,2024-09-20,0.0,,False,24,0,25725.2,2.1,8.4,LOW,0.0,,[],no risk factors,1071.88,253.65,1706.77,0.49,15:00–21:59,Chennai,D0615,1,"FreshBasket, GreenLeaf Grocers, ShopSphere","grocery, restaurants, utilities","pos, app, online",,1,16,0,LOW,NO ACTION
A0519,C10519,personal,Hyderabad,2022-08-13,0.0,,False,100,0,90584.16,5.0,20.0,LOW,0.0,,[],no risk factors,905.84,130.14,2170.05,1.69,13:00–21:59,Hyderabad,D0616,1,"DailyMart, Annapoorna Stores, FreshBasket","grocery, restaurants, online_marketplace","pos, app, online",,1,27,0,LOW,NO ACTION
A0520,C10520,personal,Delhi,2022-08-04,0.0,,False,76,0,54639.97,3.8,15.1,LOW,0.0,,[],no risk factors,718.95,119.32,1455.05,1.29,15:00–23:59,Delhi,D0617,1,"DailyMart, Annapoorna Stores, BuyNest","grocery, online_marketplace, restaurants","pos, app, online",,1,21,0,LOW,NO ACTION
A0521,C10521,business,Pune,2024-05-26,0.0,,False,414,0,7171178.4,26.4,28.1,LOW,0.0,,[],no risk factors,17321.69,370.57,68349.62,7.02,09:00–16:59,Pune,D0618,1,"Tiffin Box, Spice Route, Dosa Corner","restaurants, grocery, fashion","pos, app, online","A0523, A0533, A0531",1,29,18,LOW,NO ACTION
A0522,C10522,business,Hyderabad,2023-12-09,0.0,,False,402,0,6831918.04,21.8,42.0,LOW,0.0,,[],no risk factors,16994.82,321.5,66191.6,6.81,14:00–22:59,Hyderabad,D0619,1,"ShopSphere, FreshBasket, BuyNest","online_marketplace, grocery, restaurants","pos, app, online","A0528, A0529, A0536",1,29,18,LOW,NO ACTION
A0523,C10523,business,Delhi,2025-04-26,0.0,,False,341,0,7131303.76,27.4,32.0,LOW,0.0,,[],no risk factors,20912.91,233.17,91180.12,5.78,11:00–19:59,Delhi,D0620,1,"Annapoorna Stores, FreshBasket, GreenLeaf Grocers","grocery, restaurants, online_marketplace","pos, app, online","A0540, A0534, A0531",1,27,18,LOW,NO ACTION
A0524,C10524,business,Coimbatore,2026-04-24,0.0,,False,328,0,5859147.4,21.4,32.8,LOW,0.0,,[],no risk factors,17863.25,293.06,64448.35,5.56,13:00–22:59,Coimbatore,D0621,1,"Annapoorna Stores, GreenLeaf Grocers, ShopSphere","grocery, restaurants, online_marketplace","pos, app, online","A0540, A0532, A0533",1,28,19,LOW,NO ACTION
A0525,C10525,business,Bengaluru,2022-11-19,0.0,,False,285,0,5202768.77,17.1,29.0,LOW,0.0,,[],no risk factors,18255.33,131.4,82970.23,4.83,12:00–21:59,Bengaluru,D0622,1,"Annapoorna Stores, DailyMart, Tiffin Box","grocery, restaurants, online_marketplace","pos, app, online","A0531, A0537, A0540",1,29,14,LOW,NO ACTION
A0526,C10526,business,Mumbai,2025-08-20,0.0,,False,356,0,5620086.18,13.8,42.0,LOW,0.0,,[],no risk factors,15786.76,311.26,54294.94,6.03,12:00–19:59,Mumbai,"D0624, D0623",2,"Urban Bites, Dosa Corner, Spice Route","restaurants, grocery, online_marketplace","pos, app, online","A0538, A0522, A0524",1,29,16,LOW,NO ACTION
A0527,C10527,business,Kochi,2022-10-13,0.0,,False,436,0,7775410.86,21.4,21.4,LOW,0.0,,[],no risk factors,17833.51,161.68,85842.76,7.39,07:00–15:59,Kochi,"D0625, D0626",2,"Dosa Corner, Urban Bites, CartKart","restaurants, grocery, online_marketplace","pos, app, online","A0528, A0525, A0531",1,29,19,LOW,NO ACTION
A0528,C10528,business,Chennai,2026-05-01,0.0,,False,227,0,5500057.85,26.8,31.0,LOW,0.0,,[],no risk factors,24229.33,625.72,95116.56,3.85,09:00–17:59,Chennai,D0627,1,"GreenLeaf Grocers, Annapoorna Stores, HighwayPetro","grocery, restaurants, utilities","pos, app, upi","A0529, A0535, A0521",1,28,18,LOW,NO ACTION
A0529,C10529,business,Delhi,2024-08-05,0.0,,False,317,0,7170110.25,14.2,23.7,LOW,0.0,,[],no risk factors,22618.64,185.59,113779.38,5.37,12:00–20:59,Delhi,"D0629, D0628",2,"BuyNest, Dosa Corner, ShopSphere","restaurants, grocery, online_marketplace","pos, app, online","A0534, A0528, A0523",1,29,18,LOW,NO ACTION
A0530,C10530,business,Delhi,2025-06-08,0.0,,False,255,0,6755324.16,15.8,24.0,LOW,0.0,,[],no risk factors,26491.47,309.23,123294.7,4.32,08:00–15:59,Delhi,D0630,1,"ShopSphere, DailyMart, Annapoorna Stores","grocery, online_marketplace, restaurants","pos, app, online","A0529, A0521, A0527",1,29,17,LOW,NO ACTION
A0531,C10531,business,Bengaluru,2023-08-19,0.0,,False,306,0,8194188.63,16.3,28.0,LOW,0.0,,[],no risk factors,26778.39,192.52,123474.73,5.19,11:00–19:59,Bengaluru,D0631,1,"Annapoorna Stores, FreshBasket, CartKart","grocery, restaurants, online_marketplace","pos, app, netbanking","A0540, A0526, A0537",1,28,19,LOW,NO ACTION
A0532,C10532,business,Coimbatore,2025-11-05,0.0,,False,288,0,6761361.14,13.8,26.0,LOW,0.0,,[],no risk factors,23476.95,219.19,115993.64,4.88,07:00–15:59,Coimbatore,D0632,1,"DailyMart, Annapoorna Stores, FreshBasket","grocery, restaurants, online_marketplace","pos, app, netbanking","A0524, A0538, A0531",1,28,18,LOW,NO ACTION
A0533,C10533,business,Chennai,2024-09-01,0.0,,False,284,0,6945295.2,12.0,18.2,LOW,0.0,,[],no risk factors,24455.26,508.03,113269.42,4.81,08:00–15:59,Chennai,D0633,1,"FreshBasket, DailyMart, GreenLeaf Grocers","grocery, online_marketplace, restaurants","pos, app, online","A0534, A0527, A0539",1,29,19,LOW,NO ACTION
A0534,C10534,business,Kochi,2024-09-18,0.0,,False,289,0,6778168.22,20.9,28.0,LOW,0.0,,[],no risk factors,23453.87,394.29,103022.27,4.9,12:00–21:59,Kochi,"D0634, D0635",2,"GreenLeaf Grocers, Annapoorna Stores, FreshBasket","grocery, restaurants, online_marketplace","pos, app, netbanking","A0536, A0540, A0526",1,29,17,LOW,NO ACTION
A0535,C10535,business,Coimbatore,2023-08-25,0.0,,False,325,0,8641211.83,7.0,28.0,LOW,0.0,,[],no risk factors,26588.34,444.01,105756.48,5.51,11:00–19:59,Coimbatore,D0636,1,"Tiffin Box, ShopSphere, Urban Bites","restaurants, online_marketplace, grocery","pos, app, online","A0537, A0533, A0539",1,29,18,LOW,NO ACTION
A0536,C10536,business,Delhi,2022-08-17,0.0,,False,329,0,6029080.86,21.4,32.8,LOW,0.0,,[],no risk factors,18325.47,762.95,81155.69,5.58,09:00–16:59,Delhi,D0637,1,"Annapoorna Stores, GreenLeaf Grocers, HighwayPetro","grocery, fuel, online_marketplace","pos, app, online","A0532, A0524, A0523",1,28,17,LOW,NO ACTION
A0005,C10005,personal,Mumbai,2022-09-27,0.0,,False,88,0,146395.7,17.0,22.8,LOW,0.0,,[],no risk factors,1663.59,297.67,3575.08,1.49,15:00–23:59,Mumbai,D0006,1,"DailyMart, GreenLeaf Grocers, FreshBasket","grocery, restaurants, fashion","pos, app, online",,1,23,0,LOW,NO ACTION
A0538,C10538,business,Hyderabad,2022-09-28,0.0,,False,252,0,6490005.58,20.6,32.0,LOW,0.0,,[],no risk factors,25753.99,318.93,108166.93,4.27,08:00–16:59,Hyderabad,D0639,1,"FreshBasket, Dosa Corner, BuyNest","grocery, restaurants, online_marketplace","pos, app, upi","A0524, A0521, A0537",1,27,18,LOW,NO ACTION
A0539,C10539,business,Hyderabad,2024-07-12,0.0,,False,365,0,6009234.83,28.8,38.0,LOW,0.0,,[],no risk factors,16463.66,213.63,80853.61,6.19,11:00–19:59,Hyderabad,D0640,1,"GreenLeaf Grocers, FreshBasket, Spice Route","grocery, restaurants, fuel","pos, app, netbanking","A0521, A0532, A0524",1,29,16,LOW,NO ACTION
A0540,C10540,business,Delhi,2023-01-02,0.0,,False,401,0,6753755.35,16.8,28.0,LOW,0.0,,[],no risk factors,16842.28,283.49,68151.6,6.8,14:00–23:59,Delhi,D0641,1,"GreenLeaf Grocers, DailyMart, ShopSphere","grocery, online_marketplace, restaurants","pos, app, online","A0528, A0524, A0526",1,28,18,LOW,NO ACTION
A0541,C10541,business,Coimbatore,2023-04-16,0.0,,False,221,0,436224.02,23.1,20.0,LOW,0.0,,[],no risk factors,1973.86,301.03,4801.92,3.75,10:00–17:59,Coimbatore,"D0643, D0642",2,"DailyMart, GreenLeaf Grocers, CartKart","grocery, restaurants, online_marketplace","pos, app, online",,1,27,0,LOW,NO ACTION
A0542,C10542,business,Mumbai,2022-10-14,0.0,,False,190,0,399975.54,3.6,14.3,LOW,0.0,,[],no risk factors,2105.13,299.62,5624.68,3.22,13:00–20:59,Mumbai,D0644,1,"Spice Route, ShopSphere, FreshBasket","restaurants, grocery, online_marketplace","pos, app, online",,1,25,0,LOW,NO ACTION
A0543,C10543,business,Bengaluru,2025-11-25,0.0,,False,341,0,821260.12,18.2,28.0,LOW,0.0,,[],no risk factors,2408.39,452.24,4919.54,5.78,13:00–21:59,Bengaluru,D0645,1,"Annapoorna Stores, GreenLeaf Grocers, Urban Bites","grocery, restaurants, fuel","pos, app, online",,1,28,0,LOW,NO ACTION
A0544,C10544,business,Hyderabad,2024-12-02,0.0,,False,317,0,572008.26,18.2,28.0,LOW,0.0,,[],no risk factors,1804.44,262.37,3706.7,5.37,09:00–18:59,Hyderabad,D0646,1,"FreshBasket, Annapoorna Stores, GreenLeaf Grocers","grocery, restaurants, fuel","pos, app, online",,1,29,0,LOW,NO ACTION
A0545,C10545,business,Bengaluru,2024-10-29,0.0,,False,340,0,779010.58,8.5,18.7,LOW,0.0,,[],no risk factors,2291.21,301.39,4915.9,5.76,13:00–21:59,Bengaluru,D0647,1,"FreshBasket, DailyMart, BuyNest","grocery, online_marketplace, restaurants","pos, app, online",,1,28,0,LOW,NO ACTION
A0546,C10546,business,Hyderabad,2023-04-14,0.0,,False,236,0,659596.3,3.9,15.5,LOW,0.0,,[],no risk factors,2794.9,506.88,5178.86,4.0,09:00–17:59,Hyderabad,"D0649, D0648",2,"DailyMart, Dosa Corner, HighwayPetro","grocery, restaurants, fuel","pos, app, online",,1,29,0,LOW,NO ACTION
A0547,C10547,business,Delhi,2026-05-17,0.0,,False,310,0,668504.48,18.2,28.0,LOW,0.0,,[],no risk factors,2156.47,320.66,4023.17,5.25,09:00–17:59,Delhi,"D0650, D0651",2,"FreshBasket, GreenLeaf Grocers, DailyMart","grocery, restaurants, online_marketplace","pos, app, online",,1,29,0,LOW,NO ACTION
A0020,C10020,personal,Bengaluru,2025-02-27,0.0,,False,31,0,48375.14,7.1,28.4,LOW,0.0,,[],no risk factors,1560.49,262.41,3790.94,0.55,11:00–18:59,Bengaluru,"D0022, D0023",2,"Urban Bites, DailyMart, Spice Route","restaurants, grocery, online_marketplace","pos, online, app",,1,17,0,LOW,NO ACTION
A0021,C10021,personal,Delhi,2025-10-24,0.0,,False,91,0,331857.37,17.2,24.0,LOW,0.0,,[],no risk factors,3646.78,380.01,6000.0,1.57,09:00–16:59,Delhi,D0024,1,"Annapoorna Stores, Dosa Corner, DailyMart","grocery, restaurants, online_marketplace","pos, app, online",,1,25,0,LOW,NO ACTION
A0022,C10022,personal,Mumbai,2023-11-15,0.0,,False,97,0,191896.57,16.6,24.7,LOW,0.0,,[],no risk factors,1978.32,362.08,3878.11,1.64,10:00–18:59,Mumbai,D0025,1,"Spice Route, Dosa Corner, Annapoorna Stores","restaurants, grocery, fuel","pos, app, online",,1,26,0,LOW,NO ACTION
A0023,C10023,personal,Delhi,2025-02-11,0.0,,False,26,0,72156.9,12.8,24.0,LOW,0.0,,[],no risk factors,2775.27,223.22,7125.66,0.46,09:00–16:59,Delhi,D0026,1,"BuyNest, Spice Route, Tiffin Box","grocery, restaurants, online_marketplace","pos, online, app",,1,15,0,LOW,NO ACTION
A0008,C10008,personal,Delhi,2024-10-21,0.0,,False,59,0,189291.27,4.0,16.0,LOW,0.0,,[],no risk factors,3208.33,642.83,6903.01,1.02,08:00–18:59,"Delhi, Bangkok, TH",D0009,1,"BuyNest, ShopSphere, Dosa Corner","online_marketplace, restaurants, grocery","pos, app, online",,2,24,0,LOW,NO ACTION
A0007,C10007,personal,Hyderabad,2023-05-10,0.0,,False,75,0,95280.3,4.2,17.0,LOW,0.0,,[],no risk factors,1270.4,251.32,2325.85,1.27,11:00–18:59,Hyderabad,D0008,1,"GreenLeaf Grocers, FreshBasket, Urban Bites","grocery, restaurants, online_marketplace","pos, online, app",,1,23,0,LOW,NO ACTION
A0006,C10006,personal,Coimbatore,2023-05-26,0.0,,False,45,0,51094.73,14.6,14.0,LOW,0.0,,[],no risk factors,1135.44,265.98,2146.46,0.79,10:00–17:59,Coimbatore,D0007,1,"Annapoorna Stores, GreenLeaf Grocers, DailyMart","grocery, online_marketplace, restaurants","pos, app, online",,1,14,0,LOW,NO ACTION
A0025,C10025,personal,Pune,2023-01-04,0.0,,False,47,0,60903.77,21.9,20.4,LOW,0.0,,[],no risk factors,1295.82,223.42,2444.53,0.81,12:00–20:59,Pune,D0028,1,"CartKart, Dosa Corner, Spice Route","restaurants, online_marketplace, fashion","pos, online, app",,1,19,0,LOW,NO ACTION
A0026,C10026,personal,Pune,2024-07-05,0.0,,False,36,0,46330.18,4.0,16.0,LOW,0.0,,[],no risk factors,1286.95,267.8,2736.28,0.62,11:00–19:59,Pune,D0029,1,"Tiffin Box, FreshBasket, MediQuick","grocery, restaurants, pharmacy","pos, app, online",,1,19,0,LOW,NO ACTION
A0027,C10027,personal,Pune,2025-03-19,0.0,,False,60,0,108393.86,5.1,20.4,LOW,0.0,,[],no risk factors,1806.56,194.75,3757.6,1.03,11:00–17:59,Pune,D0030,1,"Spice Route, Annapoorna Stores, ShopSphere","restaurants, grocery, online_marketplace","pos, app, online",A0542,1,21,1,LOW,NO ACTION
A0029,C10029,personal,Mumbai,2024-02-21,0.0,,False,39,0,47706.57,2.2,9.0,LOW,0.0,,[],no risk factors,1223.25,221.37,2570.35,0.71,13:00–18:59,Mumbai,"D0032, D0033",2,"DailyMart, ShopSphere, Annapoorna Stores","grocery, online_marketplace, fashion","pos, app, online",,1,17,0,LOW,NO ACTION
A0030,C10030,personal,Coimbatore,2022-11-23,0.0,,False,60,0,114382.53,18.2,27.6,LOW,0.0,,[],no risk factors,1906.38,261.31,2753.03,1.03,14:00–20:59,Coimbatore,D0034,1,"GreenLeaf Grocers, FreshBasket, Spice Route","grocery, restaurants, online_marketplace","pos, app, online",,1,22,0,LOW,NO ACTION
A0032,C10032,personal,Bengaluru,2022-10-07,0.0,,False,46,0,151808.66,5.7,22.8,LOW,0.0,,[],no risk factors,3300.19,375.62,9903.15,0.79,11:00–18:59,Bengaluru,D0036,1,"FreshBasket, Annapoorna Stores, Spice Route","grocery, restaurants, online_marketplace","pos, app, online",A0543,1,18,1,LOW,NO ACTION
A0034,C10034,personal,Mumbai,2022-10-13,0.0,,False,44,0,106090.86,18.0,27.1,LOW,0.0,,[],no risk factors,2411.16,574.58,3843.45,0.88,09:00–15:59,Mumbai,D0038,1,"Dosa Corner, HighwayPetro, Annapoorna Stores","grocery, restaurants, fuel","pos, app, online",,1,18,0,LOW,NO ACTION
A0035,C10035,personal,Coimbatore,2025-07-09,0.0,,False,72,0,105181.13,16.6,31.2,LOW,0.0,,[],no risk factors,1460.85,228.36,2930.89,1.24,10:00–17:59,Coimbatore,D0684,1,"GreenLeaf Grocers, Annapoorna Stores, DailyMart","grocery, fashion, utilities","pos, app, online",,1,21,0,LOW,NO ACTION
A0036,C10036,personal,Bengaluru,2026-05-20,0.0,,False,43,0,30379.77,17.0,22.2,LOW,0.0,,[],no risk factors,706.51,115.66,1469.19,0.73,13:00–21:59,Bengaluru,D0041,1,"DailyMart, Dosa Corner, CityFuel","grocery, restaurants, fuel","pos, app, online",,1,22,0,LOW,NO ACTION
A0037,C10037,personal,Chennai,2025-04-15,0.0,,False,43,0,69556.41,2.7,10.9,LOW,0.0,,[],no risk factors,1617.59,229.75,3405.18,0.77,17:00–23:59,Chennai,"D0042, D0043",2,"FreshBasket, DailyMart, BuyNest","grocery, online_marketplace, restaurants","pos, app, online",,1,17,0,LOW,NO ACTION
A0038,C10038,personal,Hyderabad,2024-08-08,0.0,,False,93,0,220247.86,22.5,28.0,LOW,0.0,,[],no risk factors,2368.26,290.84,4983.42,1.58,15:00–22:59,Hyderabad,D0044,1,"Dosa Corner, FreshBasket, Annapoorna Stores","grocery, restaurants, online_marketplace","pos, app, online",A0543,1,27,1,LOW,NO ACTION
A0039,C10039,personal,Chennai,2025-04-27,0.0,,False,96,0,185809.81,3.4,13.4,LOW,0.0,,[],no risk factors,1935.52,280.85,3998.56,1.66,13:00–22:59,Chennai,D0045,1,"ShopSphere, CartKart, FreshBasket","grocery, online_marketplace, restaurants","pos, app, online",,1,24,0,LOW,NO ACTION
A0040,C10040,personal,Hyderabad,2023-01-21,0.0,,False,86,0,151066.45,2.2,9.0,LOW,0.0,,[],no risk factors,1756.59,230.84,3506.72,1.46,15:00–22:59,Hyderabad,D0046,1,"GreenLeaf Grocers, Tiffin Box, Dosa Corner","grocery, restaurants, online_marketplace","pos, online, app",,1,23,0,LOW,NO ACTION
A0024,C10024,personal,Chennai,2023-06-11,0.0,,False,35,0,3089852.75,17.5,19.3,LOW,0.0,,[],no risk factors,88281.51,212.52,397441.92,0.62,07:00–21:59,Chennai,D0027,1,"GreenLeaf Grocers, CityFuel, FreshBasket","grocery, fuel, restaurants","pos, netbanking, app","A0544, A0545",1,19,2,LOW,NO ACTION
