account_id,share_grocery,share_restaurants,share_fuel,share_pharmacy,share_fashion,share_online_marketplace,share_utilities,share_electronics,share_travel,share_gift_cards,share_crypto_exchange,share_transfer,pos_grocery,pos_restaurants,pos_fuel,pos_pharmacy,pos_fashion,pos_online_marketplace,pos_utilities,pos_electronics,pos_travel,pos_gift_cards,pos_crypto_exchange,pos_transfer,amount_mean,amount_std,duration,n,hour_sin,hour_cos,night,foreign,new_device,devices,payee_young,payee_fan_in,velocity,Amount,Time,Device,Location,Merchant,Velocity,Network,Sequence
A0278,0.6,0.0,0.0,0.0,0.2,0.2,0.0,0.0,0.0,0.0,0.0,0.0,0.2,0.0,0.0,0.0,1.0,0.6,0.0,0.0,0.0,0.0,0.0,0.0,6.6932,1.0495,7.9444,1.7918,0.6078,-0.7492,0.0,0.0,0.0,1.0,0.0,0.0,2.0,0.0692,0.0,0.0,0.0,0.0,0.4,0.0,0.0
A0504,0.2,0.2,0.4,0.0,0.0,0.0,0.2,0.0,0.0,0.0,0.0,0.0,0.8,0.6,0.2,0.0,0.0,0.0,1.0,0.0,0.0,0.0,0.0,0.0,7.5463,0.9029,8.7056,1.7918,0.0965,-0.7328,0.0,0.0,0.0,1.0,0.0,0.0,1.0,0.0,0.0,0.0,0.0,0.0,0.2,0.0,0.0
A0521,0.4,0.4,0.0,0.0,0.0,0.0,0.0,0.0,0.0,0.0,0.0,0.2,0.2,0.8,0.0,0.0,0.0,0.0,0.0,0.0,0.0,0.0,0.0,0.6,7.9024,2.0086,5.6238,1.7918,-0.2449,-0.8742,0.0,0.0,0.0,1.0,0.0,1.1632,2.0,0.0,0.0,0.0,0.0,0.0,0.4,0.5816,0.1
A0322,0.4,0.0,0.0,0.0,0.2,0.2,0.2,0.0,0.0,0.0,0.0,0.0,0.6,0.0,0.0,0.0,0.2,0.4,1.0,0.0,0.0,0.0,0.0,0.0,7.9723,0.8032,8.6876,1.7918,-0.1932,-0.6381,0.0,0.0,0.0,1.0,0.0,0.0,0.0,0.0304,0.0,0.0,0.0,0.0,0.0,0.0,0.0
A0487,0.4,0.0,0.6,0.0,0.0,0.0,0.0,0.0,0.0,0.0,0.0,0.0,0.6,0.0,0.2,0.0,0.0,0.0,0.0,0.0,0.0,0.0,0.0,0.0,6.3647,1.1236,7.9547,1.7918,-0.0586,-0.7914,0.0,0.0,0.0,0.0,0.0,0.0,1.0,0.0,0.0,0.0,0.0,0.0,0.2,0.0,0.0
A0100,0.4,0.0,0.2,0.0,0.0,0.2,0.2,0.0,0.0,0.0,0.0,0.0,0.4,0.0,0.8,0.0,0.0,0.2,0.6,0.0,0.0,0.0,0.0,0.0,6.9558,0.404,8.6741,1.7918,-0.0103,-0.8542,0.0,0.0,0.0,1.0,0.0,0.0,0.0,0.0,0.0,0.0,0.0,0.0,0.0,0.0,0.0
A0178,0.2,0.2,0.6,0.0,0.0,0.0,0.0,0.0,0.0,0.0,0.0,0.0,0.6,0.2,0.4,0.0,0.0,0.0,0.0,0.0,0.0,0.0,0.0,0.0,6.6702,0.6917,8.4009,1.7918,0.0932,-0.5078,0.0,0.0,0.0,0.0,0.0,0.0,0.0,0.0,0.2,0.0,0.0,0.0,0.0588,0.0,0.0
A0324,0.4,0.6,0.0,0.0,0.0,0.0,0.0,0.0,0.0,0.0,0.0,0.0,0.4,0.2,0.0,0.0,0.0,0.0,0.0,0.0,0.0,0.0,0.0,0.0,6.967,0.7247,8.654,1.7918,-0.5629,-0.4078,0.0,0.0,0.0,0.0,0.0,0.0,1.0,0.0,0.0,0.0,0.0,0.0,0.2,0.0,0.0
A0051,0.4,0.0,0.0,0.4,0.0,0.0,0.2,0.0,0.0,0.0,0.0,0.0,0.4,0.0,0.0,0.2,0.0,0.0,0.8,0.0,0.0,0.0,0.0,0.0,7.2237,0.4214,8.8826,1.7918,0.5,-0.866,0.0,0.0,0.0,1.0,0.0,0.0,1.0,0.0,0.0,0.0,0.0,0.08,0.2,0.0,0.0
A0108,0.6,0.0,0.0,0.2,0.0,0.2,0.0,0.0,0.0,0.0,0.0,0.0,0.4,0.0,0.0,0.8,0.0,0.2,0.0,0.0,0.0,0.0,0.0,0.0,6.788,0.7772,9.6236,1.7918,-0.0482,-0.3664,0.0,0.0,0.0,1.0,0.0,0.0,0.0,0.0,0.1,0.0,0.0,0.12,0.0718,0.0,0.0
A0546,0.2,0.6,0.2,0.0,0.0,0.0,0.0,0.0,0.0,0.0,0.0,0.0,1.0,0.4,0.2,0.0,0.0,0.0,0.0,0.0,0.0,0.0,0.0,0.0,7.0496,0.601,7.4504,1.7918,-0.1214,-0.8396,0.0,0.0,0.0,0.0,0.0,0.0,0.0,0.0,0.0,0.0,0.0,0.0,0.0,0.0,0.0
A0532,0.0,0.2,0.2,0.0,0.0,0.0,0.2,0.0,0.0,0.0,0.0,0.4,0.0,0.8,0.2,0.0,0.0,0.0,0.4,0.0,0.0,0.0,0.0,0.6,8.396,2.6597,7.9309,1.7918,0.2449,-0.7914,0.0,0.0,0.0,1.0,0.0,1.4351,1.0,0.0,0.0,0.0,0.0,0.0,0.2,0.7175,0.2
A0267,0.2,0.0,0.0,0.0,0.4,0.4,0.0,0.0,0.0,0.0,0.0,0.0,0.2,0.0,0.0,0.0,0.6,0.4,0.0,0.0,0.0,0.0,0.0,0.0,8.0112,0.8095,8.2874,1.7918,-0.1518,-0.7664,0.0,0.0,0.0,1.0,0.0,0.0,0.0,0.0,0.1,0.0,0.0,0.0,0.0,0.0,0.0
A0310,0.2,0.4,0.2,0.0,0.0,0.0,0.0,0.2,0.0,0.0,0.0,0.0,0.8,0.4,0.2,0.0,0.0,0.0,0.0,0.6,0.0,0.0,0.0,0.0,7.0253,0.4938,7.1231,1.7918,0.3518,-0.5664,0.0,0.0,0.0,1.0,0.0,0.0,0.0,0.0,0.0,0.0,0.0,0.04,0.0834,0.0,0.0
A0373,0.0,0.4,0.0,0.0,0.4,0.0,0.2,0.0,0.0,0.0,0.0,0.0,0.0,0.2,0.0,0.0,0.4,0.0,0.8,0.0,0.0,0.0,0.0,0.0,6.5597,0.5831,9.5558,1.7918,0.5449,-0.6182,0.0,0.0,0.0,1.0,0.0,0.0,1.0,0.0,0.0,0.0,0.0,0.08,0.2,0.0,0.0
A0314,0.0,0.2,0.2,0.2,0.4,0.0,0.0,0.0,0.0,0.0,0.0,0.0,0.0,0.2,1.0,0.6,0.4,0.0,0.0,0.0,0.0,0.0,0.0,0.0,6.522,1.0664,8.6837,1.7918,0.781,-0.5664,0.0,0.0,0.0,0.0,0.0,0.0,1.0,0.0,0.0,0.0,0.0,0.04,0.2,0.0,0.0
A0098,0.2,0.2,0.2,0.0,0.0,0.4,0.0,0.0,0.0,0.0,0.0,0.0,0.6,0.4,1.0,0.0,0.0,0.2,0.0,0.0,0.0,0.0,0.0,0.0,7.2427,1.4729,8.7232,1.7918,0.3414,-0.6878,0.0,0.0,0.0,1.0,0.0,0.0,0.0,0.0818,0.0,0.0,0.0,0.04,0.0,0.0,0.0
A0533,0.6,0.2,0.0,0.0,0.0,0.2,0.0,0.0,0.0,0.0,0.0,0.0,0.2,0.4,0.0,0.0,0.0,0.6,0.0,0.0,0.0,0.0,0.0,0.0,7.5309,1.1244,4.6761,1.7918,0.4449,-0.8742,0.0,0.0,0.0,1.0,0.0,0.0,2.0,0.0,0.0,0.0,0.0,0.0,0.4,0.0,0.0
A0559,0.0,0.0,0.0,0.0,0.0,0.0,0.0,0.25,0.0,0.25,0.25,0.25,0.0,0.0,0.0,0.0,0.0,0.0,0.0,0.75,0.0,1.0,0.5,0.25,9.1463,0.5161,3.0007,1.6094,0.5,-0.866,0.0,0.0,0.0,2.0,0.25,1.0116,4.0,0.3223,0.0,0.0,0.0,0.8,0.8,1.0,0.625
A0172,0.0,0.0,0.0,0.0,0.0,0.0,0.0,0.25,0.0,0.5,0.0,0.25,0.0,0.0,0.0,0.0,0.0,0.0,0.0,0.5,0.0,0.75,0.0,0.25,9.7735,0.6402,3.7373,1.6094,0.8263,0.5518,1.0,1.0,1.0,1.0,0.25,0.4055,3.0,0.4415,1.0,1.0,1.0,0.7,0.6,0.8277,0.625
A0447,0.4,0.2,0.2,0.0,0.0,0.0,0.0,0.2,0.0,0.0,0.0,0.0,0.6,1.0,0.4,0.0,0.0,0.0,0.0,0.2,0.0,0.0,0.0,0.0,6.3417,1.3605,7.4201,1.7918,0.1235,-0.7381,0.0,0.0,0.0,1.0,0.0,0.0,1.0,0.0798,0.0,0.0,0.0,0.0,0.2,0.0,0.0
A0164,0.2,0.4,0.0,0.0,0.0,0.2,0.0,0.2,0.0,0.0,0.0,0.0,0.4,0.6,0.0,0.0,0.0,0.2,0.0,0.8,0.0,0.0,0.0,0.0,6.1457,1.3092,7.5396,1.7918,-0.2283,-0.5182,0.0,0.0,0.0,1.0,0.0,0.0,0.0,0.0,0.0,0.0,0.0,0.12,0.0036,0.0,0.0
A0243,0.0,0.2,0.4,0.2,0.0,0.2,0.0,0.0,0.0,0.0,0.0,0.0,0.0,0.6,0.4,0.2,0.0,0.8,0.0,0.0,0.0,0.0,0.0,0.0,6.619,0.7996,8.8546,1.7918,-0.6346,-0.5664,0.0,0.0,0.0,1.0,0.0,0.0,0.0,0.0,0.0,0.0,0.0,0.04,0.0,0.0,0.0
A0395,0.0,0.2,0.4,0.2,0.0,0.2,0.0,0.0,0.0,0.0,0.0,0.0,0.0,0.6,0.8,0.2,0.0,0.4,0.0,0.0,0.0,0.0,0.0,0.0,7.3662,0.6228,8.928,1.7918,-0.1828,-0.5596,0.0,0.0,0.0,1.0,0.0,0.0,0.0,0.0,0.1,0.0,0.0,0.04,0.0,0.0,0.0
A0305,0.0,0.2,0.2,0.0,0.2,0.2,0.2,0.0,0.0,0.0,0.0,0.0,0.0,0.2,1.0,0.0,0.6,0.4,0.8,0.0,0.0,0.0,0.0,0.0,7.2754,0.4079,8.9323,1.7918,0.5214,-0.6396,0.0,0.0,0.0,1.0,0.0,0.0,1.0,0.0,0.0,0.0,0.0,0.04,0.2,0.0,0.0
A0215,0.2,0.2,0.4,0.2,0.0,0.0,0.0,0.0,0.0,0.0,0.0,0.0,1.0,0.8,0.2,0.4,0.0,0.0,0.0,0.0,0.0,0.0,0.0,0.0,6.6752,0.5605,8.3686,1.7918,-0.3311,-0.6492,0.0,0.0,0.0,0.0,0.0,0.0,0.0,0.0,0.0,0.0,0.0,0.0,0.012,0.0,0.0
A0241,0.2,0.2,0.0,0.2,0.0,0.0,0.2,0.0,0.0,0.0,0.2,0.0,0.6,1.0,0.0,0.8,0.0,0.0,0.2,0.0,0.0,0.0,0.4,0.0,7.4431,1.2837,8.3617,1.7918,-0.4243,-0.6243,0.0,0.0,0.0,1.0,0.0,0.0,1.0,0.0552,0.2,0.0,0.0,0.24,0.2,0.0,0.2
A0062,0.4,0.2,0.4,0.0,0.0,0.0,0.0,0.0,0.0,0.0,0.0,0.0,0.4,1.0,0.2,0.0,0.0,0.0,0.0,0.0,0.0,0.0,0.0,0.0,6.1082,0.7777,8.0833,1.7918,-0.6732,-0.4732,0.0,0.0,0.0,0.0,0.0,0.0,1.0,0.0,0.0,0.0,0.0,0.0,0.2,0.0,0.0
A0403,0.0,0.0,0.0,0.0,0.0,0.0,0.0,0.0,0.0,0.0,0.0,1.0,0.0,0.0,0.0,0.0,0.0,0.0,0.0,0.0,0.0,0.0,0.0,0.5,12.7725,0.4811,10.1901,1.0986,-0.1206,-0.05,0.0,0.0,0.0,1.0,0.5,1.5041,0.0,0.644,0.5,0.0,0.0,0.3,0.152,1.0,0.5
A0391,0.0,0.2,0.6,0.0,0.0,0.2,0.0,0.0,0.0,0.0,0.0,0.0,0.0,0.4,0.2,0.0,0.0,0.8,0.0,0.0,0.0,0.0,0.0,0.0,7.5717,1.1313,8.3697,1.7918,-0.5346,-0.6361,0.0,0.0,0.0,1.0,0.0,0.0,0.0,0.0546,0.0,0.0,0.0,0.0,0.0,0.0,0.0
A0063,0.4,0.0,0.0,0.0,0.0,0.2,0.2,0.0,0.2,0.0,0.0,0.0,0.6,0.0,0.0,0.0,0.0,0.8,0.4,0.0,0.2,0.0,0.0,0.0,6.6167,1.1549,9.3473,1.7918,0.0,-0.9328,0.0,0.0,0.0,1.0,0.0,0.0,0.0,0.0058,0.0,0.0,0.0,0.04,0.0,0.0,0.0
A0480,0.4,0.4,0.0,0.0,0.0,0.2,0.0,0.0,0.0,0.0,0.0,0.0,0.6,0.2,0.0,0.0,0.0,1.0,0.0,0.0,0.0,0.0,0.0,0.0,7.3215,1.2117,9.0779,1.7918,0.1682,-0.6278,0.0,0.0,0.0,1.0,0.0,0.0,0.0,0.0466,0.0,0.0,0.0,0.04,0.0,0.0,0.0
A0069,0.2,0.2,0.2,0.0,0.0,0.2,0.2,0.0,0.0,0.0,0.0,0.0,1.0,0.2,0.6,0.0,0.0,0.4,0.8,0.0,0.0,0.0,0.0,0.0,8.0563,0.2392,8.6496,1.7918,-0.3182,-0.7182,0.0,0.0,0.0,2.0,0.0,0.0,1.0,0.0,0.0,0.0,0.0,0.0,0.2,0.0,0.0
A0342,0.2,0.4,0.0,0.2,0.0,0.2,0.0,0.0,0.0,0.0,0.0,0.0,0.4,0.6,0.0,0.2,0.0,0.8,0.0,0.0,0.0,0.0,0.0,0.0,5.7654,1.0569,7.342,1.7918,-0.0518,-0.926,0.0,0.0,0.0,1.0,0.0,0.0,0.0,0.0,0.0,0.0,0.0,0.04,0.0,0.0,0.0
A0182,0.8,0.2,0.0,0.0,0.0,0.0,0.0,0.0,0.0,0.0,0.0,0.0,0.2,0.8,0.0,0.0,0.0,0.0,0.0,0.0,0.0,0.0,0.0,0.0,7.1559,0.6645,8.4381,1.7918,-0.2414,-0.661,0.0,0.0,0.0,0.0,0.0,0.0,0.0,0.0,0.0,0.0,0.0,0.0,0.0204,0.0,0.0
A0264,0.0,0.4,0.2,0.0,0.0,0.2,0.2,0.0,0.0,0.0,0.0,0.0,0.0,0.8,0.6,0.0,0.0,0.2,0.4,0.0,0.0,0.0,0.0,0.0,7.177,0.7144,9.2092,1.7918,-0.2967,-0.7845,0.0,0.0,0.0,2.0,0.0,0.0,0.0,0.0,0.0,0.0,0.0,0.04,0.0506,0.0,0.0
A0321,0.4,0.2,0.0,0.2,0.0,0.0,0.2,0.0,0.0,0.0,0.0,0.0,0.2,0.8,0.0,0.6,0.0,0.0,1.0,0.0,0.0,0.0,0.0,0.0,6.2596,0.8315,5.3712,1.7918,-0.1414,-0.9278,0.0,0.0,0.0,1.0,0.0,0.0,1.0,0.0,0.0,0.0,0.0,0.08,0.2102,0.0,0.0
A0259,0.2,0.0,0.0,0.0,0.2,0.4,0.2,0.0,0.0,0.0,0.0,0.0,0.8,0.0,0.0,0.0,1.0,0.4,0.2,0.0,0.0,0.0,0.0,0.0,6.6961,1.4395,9.0466,1.7918,-0.2482,-0.4699,0.0,0.0,0.0,1.0,0.0,0.0,0.0,0.0208,0.0,0.0,0.0,0.0,0.0,0.0,0.0
A0503,0.2,0.0,0.2,0.0,0.0,0.2,0.2,0.2,0.0,0.0,0.0,0.0,0.2,0.0,0.6,0.0,0.0,0.4,0.8,1.0,0.0,0.0,0.0,0.0,7.3322,1.2623,8.3193,1.7918,-0.7975,0.2414,0.0,0.0,0.0,1.0,0.0,0.0,0.0,0.1054,0.0,0.0,0.0,0.2,0.0242,0.0,0.0
A0282,0.6,0.0,0.0,0.0,0.2,0.0,0.0,0.0,0.2,0.0,0.0,0.0,0.4,0.0,0.0,0.0,0.2,0.0,0.0,0.0,1.0,0.0,0.0,0.0,7.7067,0.266,8.8766,1.7918,-0.325,-0.8664,0.0,0.0,0.0,1.0,0.0,0.0,1.0,0.0,0.0,0.0,0.0,0.12,0.2,0.0,0.0
A0426,0.4,0.2,0.2,0.2,0.0,0.0,0.0,0.0,0.0,0.0,0.0,0.0,0.8,0.2,0.4,0.6,0.0,0.0,0.0,0.0,0.0,0.0,0.0,0.0,6.4648,0.8763,8.3386,1.7918,0.5214,-0.6396,0.0,0.0,0.0,0.0,0.0,0.0,1.0,0.0,0.0,0.0,0.0,0.0,0.2,0.0,0.0
A0536,0.4,0.0,0.0,0.2,0.0,0.0,0.2,0.0,0.0,0.0,0.0,0.2,0.4,0.0,0.0,0.6,0.0,0.0,0.2,0.0,0.0,0.0,0.0,0.8,7.9226,1.6273,6.0375,1.7918,0.0068,-0.7982,0.0,0.0,0.0,1.0,0.0,1.1632,2.0,0.0,0.0,0.0,0.0,0.0,0.4,0.5816,0.1
A0544,0.4,0.2,0.0,0.4,0.0,0.0,0.0,0.0,0.0,0.0,0.0,0.0,0.8,0.2,0.0,0.4,0.0,0.0,0.0,0.0,0.0,0.0,0.0,0.0,6.624,0.9182,7.3623,1.7918,-0.3982,-0.7396,0.0,0.0,0.0,0.0,0.0,0.0,1.0,0.0,0.0,0.0,0.0,0.0,0.2,0.0,0.0
A0333,0.4,0.2,0.2,0.0,0.0,0.2,0.0,0.0,0.0,0.0,0.0,0.0,0.6,1.0,0.2,0.0,0.0,0.4,0.0,0.0,0.0,0.0,0.0,0.0,7.9383,0.748,8.6993,1.7918,0.7414,-0.4878,0.0,0.0,0.0,1.0,0.0,0.0,1.0,0.0338,0.0,0.0,0.0,0.0,0.2,0.0,0.0
A0232,0.4,0.0,0.2,0.4,0.0,0.0,0.0,0.0,0.0,0.0,0.0,0.0,0.4,0.0,0.2,0.6,0.0,0.0,0.0,0.0,0.0,0.0,0.0,0.0,6.3146,0.4935,5.8258,1.7918,-0.2967,-0.8381,0.0,0.0,0.0,0.0,0.0,0.0,2.0,0.0,0.0,0.0,0.0,0.04,0.4,0.0,0.0
A0430,0.8,0.0,0.0,0.2,0.0,0.0,0.0,0.0,0.0,0.0,0.0,0.0,0.2,0.0,0.0,0.8,0.0,0.0,0.0,0.0,0.0,0.0,0.0,0.0,5.6056,0.7416,7.3834,1.7918,0.0482,-0.9664,0.0,0.0,0.0,0.0,0.0,0.0,1.0,0.0,0.0,0.0,0.0,0.0,0.2,0.0,0.0
A0227,0.2,0.2,0.2,0.0,0.2,0.2,0.0,0.0,0.0,0.0,0.0,0.0,0.8,0.6,0.2,0.0,1.0,0.4,0.0,0.0,0.0,0.0,0.0,0.0,7.1164,0.7546,8.0335,1.7918,-0.9078,-0.1897,0.0,0.0,0.0,1.0,0.0,0.0,1.0,0.0,0.0,0.0,0.0,0.0,0.2,0.0,0.0
A0368,0.2,0.2,0.2,0.2,0.0,0.0,0.2,0.0,0.0,0.0,0.0,0.0,0.6,1.0,0.8,0.2,0.0,0.0,0.4,0.0,0.0,0.0,0.0,0.0,6.2165,0.986,8.8523,1.7918,0.0835,-0.8346,0.0,0.0,0.0,1.0,0.0,0.0,1.0,0.0,0.0,0.0,0.0,0.2,0.2,0.0,0.0
A0354,0.0,0.0,0.0,0.0,0.0,0.0,0.0,1.0,0.0,0.0,0.0,0.0,0.0,0.0,0.0,0.0,0.0,0.0,0.0,1.0,0.0,0.0,0.0,0.0,10.1267,0.0,0.0,0.6931,-0.5,0.866,0.0,0.0,0.0,1.0,0.0,0.0,0.0,0.669,0.5,0.0,0.0,0.0,0.0,0.0,0.0
A0125,0.4,0.0,0.0,0.0,0.0,0.4,0.2,0.0,0.0,0.0,0.0,0.0,0.6,0.0,0.0,0.0,0.0,0.4,0.2,0.0,0.0,0.0,0.0,0.0,7.3289,0.5633,8.3413,1.7918,-0.4346,-0.7128,0.0,0.0,0.0,1.0,0.0,0.0,1.0,0.0,0.0,0.0,0.0,0.04,0.2,0.0,0.0
A0061,0.0,0.0,0.0,0.0,0.0,0.0,0.9,0.1,0.0,0.0,0.0,0.0,0.0,0.0,0.0,0.0,0.0,0.0,0.2,0.1,0.0,0.0,0.0,0.0,2.6484,2.685,2.8811,2.3979,-0.6864,0.723,0.0,0.0,1.0,1.0,0.0,0.0,9.0,0.1,1.0,1.0,0.0,0.18,1.0,0.0,0.0
A0021,0.4,0.2,0.0,0.0,0.0,0.2,0.2,0.0,0.0,0.0,0.0,0.0,0.2,1.0,0.0,0.0,0.0,0.6,0.4,0.0,0.0,0.0,0.0,0.0,6.723,0.864,8.4149,1.7918,0.0318,-0.8414,0.0,0.0,0.0,1.0,0.0,0.0,1.0,0.0,0.0,0.0,0.0,0.0,0.2,0.0,0.0
A0200,0.0,0.0,0.0,0.0,0.0,0.0,0.0,0.0,0.0,0.0,0.0,1.0,0.0,0.0,0.0,0.0,0.0,0.0,0.0,0.0,0.0,0.0,0.0,1.0,9.4315,0.0,0.0,0.6931,-0.866,0.5,0.0,0.0,0.0,1.0,0.0,2.7081,0.0,0.682,1.0,0.0,0.0,0.6,0.0,1.0,0.5
A0528,0.2,0.0,0.0,0.2,0.0,0.2,0.0,0.0,0.0,0.0,0.0,0.4,0.2,0.0,0.0,0.6,0.0,0.4,0.0,0.0,0.0,0.0,0.0,0.8,8.5248,2.0827,7.4751,1.7918,-0.2103,-0.7078,0.0,0.0,0.0,1.0,0.0,1.5686,1.0,0.0,0.0,0.0,0.0,0.0,0.2,0.7843,0.2
A0290,0.4,0.0,0.2,0.0,0.2,0.0,0.2,0.0,0.0,0.0,0.0,0.0,0.2,0.0,0.4,0.0,0.6,0.0,1.0,0.0,0.0,0.0,0.0,0.0,6.5237,0.4263,8.9882,1.7918,-0.1629,-0.325,0.0,0.0,0.0,1.0,0.0,0.0,0.0,0.0,0.2,0.0,0.0,0.04,0.0,0.0,0.0
A0539,0.2,0.2,0.0,0.0,0.0,0.2,0.0,0.2,0.0,0.0,0.0,0.2,0.2,1.0,0.0,0.0,0.0,0.8,0.0,0.6,0.0,0.0,0.0,0.4,8.4364,2.2814,5.0707,1.7918,-0.9128,-0.3518,0.0,0.0,0.0,1.0,0.0,0.8755,2.0,0.1296,0.0,0.0,0.0,0.0,0.4,0.4377,0.1
A0497,0.2,0.0,0.0,0.4,0.0,0.2,0.2,0.0,0.0,0.0,0.0,0.0,0.6,0.0,0.0,0.2,0.0,0.8,1.0,0.0,0.0,0.0,0.0,0.0,6.362,1.072,9.6881,1.7918,-0.1518,-0.7528,0.0,0.0,0.0,1.0,0.0,0.0,0.0,0.0,0.0,0.0,0.0,0.28,0.08,0.0,0.0
A0529,0.4,0.6,0.0,0.0,0.0,0.0,0.0,0.0,0.0,0.0,0.0,0.0,0.6,0.2,0.0,0.0,0.0,0.0,0.0,0.0,0.0,0.0,0.0,0.0,5.8885,0.4473,5.744,1.7918,-0.781,-0.4629,0.0,0.0,0.0,0.0,0.0,0.0,1.0,0.0,0.0,0.0,0.0,0.0,0.2,0.0,0.0
A0226,0.4,0.2,0.0,0.2,0.0,0.0,0.2,0.0,0.0,0.0,0.0,0.0,0.2,0.6,0.0,0.8,0.0,0.0,1.0,0.0,0.0,0.0,0.0,0.0,7.0958,0.8172,8.6743,1.7918,-0.5414,-0.5914,0.0,0.0,0.0,1.0,0.0,0.0,0.0,0.0,0.0,0.0,0.0,0.12,0.0,0.0,0.0
A0523,0.2,0.4,0.0,0.0,0.0,0.4,0.0,0.0,0.0,0.0,0.0,0.0,0.4,0.2,0.0,0.0,0.0,0.6,0.0,0.0,0.0,0.0,0.0,0.0,6.7638,1.1012,5.4874,1.7918,-0.8146,-0.4146,0.0,0.0,0.0,1.0,0.0,0.0,1.0,0.0,0.0,0.0,0.0,0.0,0.2,0.0,0.0
A0171,0.4,0.0,0.0,0.0,0.2,0.0,0.4,0.0,0.0,0.0,0.0,0.0,0.2,0.0,0.0,0.0,0.8,0.0,0.6,0.0,0.0,0.0,0.0,0.0,7.0867,0.5458,8.6276,1.7918,0.5932,-0.5982,0.0,0.0,0.0,1.0,0.0,0.0,1.0,0.0,0.0,0.0,0.0,0.0,0.2,0.0,0.0
A0087,0.4,0.0,0.0,0.2,0.0,0.2,0.2,0.0,0.0,0.0,0.0,0.0,0.2,0.0,0.0,0.4,0.0,1.0,0.8,0.0,0.0,0.0,0.0,0.0,6.7291,1.4946,9.0473,1.7918,-0.5796,-0.721,0.0,0.0,0.0,1.0,0.0,0.0,1.0,0.094,0.0,0.0,0.0,0.24,0.2,0.0,0.0
A0079,0.4,0.2,0.0,0.0,0.0,0.2,0.2,0.0,0.0,0.0,0.0,0.0,0.2,1.0,0.0,0.0,0.0,0.6,0.4,0.0,0.0,0.0,0.0,0.0,6.4653,1.185,7.7752,1.7918,-0.5932,0.0518,0.0,0.0,0.0,1.0,0.0,0.0,0.0,0.0114,0.2,0.0,0.0,0.0,0.0,0.0,0.0
A0213,0.4,0.4,0.2,0.0,0.0,0.0,0.0,0.0,0.0,0.0,0.0,0.0,0.4,0.2,1.0,0.0,0.0,0.0,0.0,0.0,0.0,0.0,0.0,0.0,7.9703,0.1959,9.2587,1.7918,0.1518,-0.7664,0.0,0.0,0.0,0.0,0.0,0.0,0.0,0.0246,0.0,0.0,0.0,0.08,0.08,0.0,0.0
A0457,0.4,0.2,0.0,0.0,0.4,0.0,0.0,0.0,0.0,0.0,0.0,0.0,0.4,0.2,0.0,0.0,0.8,0.0,0.0,0.0,0.0,0.0,0.0,0.0,6.6738,0.8605,8.8345,1.7918,-0.4346,-0.5457,0.0,0.0,0.0,0.0,0.0,0.0,1.0,0.0054,0.0,0.0,0.0,0.0,0.2,0.0,0.0
A0313,0.0,0.4,0.0,0.0,0.2,0.2,0.2,0.0,0.0,0.0,0.0,0.0,0.0,0.4,0.0,0.0,0.2,0.8,1.0,0.0,0.0,0.0,0.0,0.0,5.9591,0.6909,8.0367,1.7918,-0.4346,-0.7528,0.0,0.0,0.0,1.0,0.0,0.0,0.0,0.0,0.0,0.0,0.0,0.0,0.0,0.0,0.0
A0233,0.4,0.2,0.0,0.0,0.2,0.2,0.0,0.0,0.0,0.0,0.0,0.0,0.2,0.4,0.0,0.0,0.8,0.6,0.0,0.0,0.0,0.0,0.0,0.0,6.9306,1.1817,8.7229,1.7918,0.3414,-0.7278,0.0,0.0,0.0,1.0,0.0,0.0,0.0,0.0298,0.0,0.0,0.0,0.08,0.0,0.0,0.0
A0276,0.6,0.0,0.0,0.2,0.2,0.0,0.0,0.0,0.0,0.0,0.0,0.0,0.6,0.0,0.0,0.2,0.4,0.0,0.0,0.0,0.0,0.0,0.0,0.0,6.8948,0.8791,7.8789,1.7918,0.3732,-0.7928,0.0,0.0,0.0,0.0,0.0,0.0,1.0,0.0,0.0,0.0,0.0,0.0,0.2,0.0,0.0
A0257,0.2,0.2,0.0,0.2,0.2,0.2,0.0,0.0,0.0,0.0,0.0,0.0,0.4,0.2,0.0,1.0,0.8,0.6,0.0,0.0,0.0,0.0,0.0,0.0,6.8273,0.5396,7.8119,1.7918,0.1482,-0.5396,0.0,0.0,0.0,1.0,0.0,0.0,0.0,0.0,0.0,0.0,0.0,0.0,0.0,0.0,0.0
A0074,0.2,0.2,0.2,0.0,0.2,0.2,0.0,0.0,0.0,0.0,0.0,0.0,0.6,0.2,1.0,0.0,0.4,0.8,0.0,0.0,0.0,0.0,0.0,0.0,6.3586,0.7259,8.8609,1.7918,0.4828,-0.6692,0.0,0.0,0.0,1.0,0.0,0.0,1.0,0.0,0.0,0.0,0.0,0.0,0.2,0.0,0.0
A0031,0.0,0.0,0.0,0.0,0.0,1.0,0.0,0.0,0.0,0.0,0.0,0.0,0.0,0.0,0.0,0.0,0.0,0.3333,0.0,0.0,0.0,0.0,0.0,0.0,9.7468,0.3901,8.6624,1.3863,-0.3392,0.9326,0.0,0.0,0.0,1.0,0.0,0.0,0.0,0.8143,0.8333,0.0,0.0,0.0667,0.2,0.5,0.0
A0042,0.0,0.4,0.0,0.2,0.2,0.2,0.0,0.0,0.0,0.0,0.0,0.0,0.0,0.6,0.0,0.8,0.2,0.4,0.0,0.0,0.0,0.0,0.0,0.0,5.9507,1.005,8.606,1.7918,-0.3214,-0.6796,0.0,0.0,0.0,1.0,0.0,0.0,1.0,0.0,0.0,0.0,0.0,0.0,0.2,0.0,0.0
A0367,0.2,0.2,0.0,0.0,0.2,0.0,0.4,0.0,0.0,0.0,0.0,0.0,0.8,1.0,0.0,0.0,0.6,0.0,0.2,0.0,0.0,0.0,0.0,0.0,7.5064,0.779,9.0321,1.7918,0.2629,-0.781,0.0,0.0,0.0,1.0,0.0,0.0,0.0,0.0,0.0,0.0,0.0,0.0,0.0,0.0,0.0
A0525,0.4,0.0,0.4,0.0,0.0,0.2,0.0,0.0,0.0,0.0,0.0,0.0,0.2,0.0,0.6,0.0,0.0,0.8,0.0,0.0,0.0,0.0,0.0,0.0,6.2297,0.7176,5.0852,1.7918,-0.9727,-0.0,0.0,0.0,0.0,1.0,0.0,0.0,1.0,0.0,0.0,0.0,0.0,0.0,0.2,0.0,0.0
A0414,0.2,0.2,0.2,0.0,0.0,0.2,0.2,0.0,0.0,0.0,0.0,0.0,0.4,1.0,0.2,0.0,0.0,0.6,0.8,0.0,0.0,0.0,0.0,0.0,7.2457,0.6775,9.5584,1.7918,-0.0732,-0.756,0.0,0.0,0.0,1.0,0.0,0.0,0.0,0.0094,0.0,0.0,0.0,0.04,0.0,0.0,0.0
A0248,0.4,0.2,0.0,0.4,0.0,0.0,0.0,0.0,0.0,0.0,0.0,0.0,0.2,1.0,0.0,0.4,0.0,0.0,0.0,0.0,0.0,0.0,0.0,0.0,6.1383,0.4432,8.0582,1.7918,0.1828,-0.856,0.0,0.0,0.0,0.0,0.0,0.0,0.0,0.0,0.0,0.0,0.0,0.04,0.0,0.0,0.0
A0421,0.0,0.4,0.2,0.0,0.2,0.0,0.0,0.0,0.2,0.0,0.0,0.0,0.0,0.2,0.4,0.0,0.8,0.0,0.0,0.0,0.6,0.0,0.0,0.0,7.4256,1.4761,8.4412,1.7918,0.0717,-0.6914,0.0,0.0,0.0,1.0,0.0,0.0,0.0,0.079,0.0,0.0,0.0,0.08,0.0,0.0,0.0
A0034,0.6,0.0,0.0,0.0,0.0,0.2,0.2,0.0,0.0,0.0,0.0,0.0,0.2,0.0,0.0,0.0,0.0,0.4,0.8,0.0,0.0,0.0,0.0,0.0,7.1635,0.6942,9.1002,1.7918,0.3035,-0.7864,0.0,0.0,0.0,1.0,0.0,0.0,0.0,0.0,0.0,0.0,0.0,0.0,0.022,0.0,0.0
A0046,0.4,0.2,0.2,0.0,0.2,0.0,0.0,0.0,0.0,0.0,0.0,0.0,0.6,0.2,1.0,0.0,0.4,0.0,0.0,0.0,0.0,0.0,0.0,0.0,6.1479,0.6657,9.1765,1.7918,-0.1614,-0.6396,0.0,0.0,0.0,0.0,0.0,0.0,0.0,0.0,0.0,0.0,0.0,0.08,0.0,0.0,0.0
A0432,0.0,0.0,0.0,0.0,0.0,0.0,0.0,0.25,0.0,0.5,0.0,0.25,0.0,0.0,0.0,0.0,0.0,0.0,0.0,0.5,0.0,0.75,0.0,0.25,9.7787,0.7927,3.5264,1.6094,0.6553,0.7468,1.0,1.0,1.0,1.0,0.25,0.2231,3.0,0.335,1.0,1.0,1.0,0.7,0.6,0.7366,0.625
A0193,0.4,0.2,0.0,0.0,0.2,0.0,0.2,0.0,0.0,0.0,0.0,0.0,0.4,0.8,0.0,0.0,0.2,0.0,0.6,0.0,0.0,0.0,0.0,0.0,6.9472,1.2307,7.2497,1.7918,-0.7596,-0.1,0.0,0.0,0.0,1.0,0.0,0.0,0.0,0.0,0.0,0.0,0.0,0.04,0.009,0.0,0.0
A0146,0.2,0.4,0.0,0.0,0.0,0.0,0.2,0.2,0.0,0.0,0.0,0.0,1.0,0.4,0.0,0.0,0.0,0.0,0.2,0.6,0.0,0.0,0.0,0.0,7.3414,0.6467,9.2163,1.7918,-0.3767,-0.8596,0.0,0.0,0.0,1.0,0.0,0.0,0.0,0.0,0.0,0.0,0.0,0.24,0.0512,0.0,0.0
A0203,0.4,0.4,0.0,0.0,0.0,0.2,0.0,0.0,0.0,0.0,0.0,0.0,0.2,0.6,0.0,0.0,0.0,1.0,0.0,0.0,0.0,0.0,0.0,0.0,6.501,0.7168,9.4966,1.7918,-0.1,-0.5732,0.0,0.0,0.0,1.0,0.0,0.0,0.0,0.0,0.0,0.0,0.0,0.0,0.0372,0.0,0.0
A0417,0.2,0.2,0.2,0.0,0.2,0.2,0.0,0.0,0.0,0.0,0.0,0.0,0.2,0.8,0.6,0.0,0.4,1.0,0.0,0.0,0.0,0.0,0.0,0.0,7.4952,1.1022,8.0667,1.7918,-0.4664,-0.7113,0.0,0.0,0.0,1.0,0.0,0.0,0.0,0.0358,0.0,0.0,0.0,0.04,0.0,0.0,0.0
A0048,0.4,0.0,0.2,0.0,0.2,0.2,0.0,0.0,0.0,0.0,0.0,0.0,0.2,0.0,0.4,0.0,1.0,0.6,0.0,0.0,0.0,0.0,0.0,0.0,7.7619,0.2961,7.8929,1.7918,-0.3146,-0.7243,0.0,0.0,0.0,1.0,0.0,0.0,0.0,0.0,0.0,0.0,0.0,0.0,0.0,0.0,0.0
A0195,0.0,0.2,0.4,0.2,0.0,0.2,0.0,0.0,0.0,0.0,0.0,0.0,0.0,0.8,0.2,0.6,0.0,1.0,0.0,0.0,0.0,0.0,0.0,0.0,7.6873,0.9578,8.0509,1.7918,0.2379,-0.8742,0.0,0.0,0.0,1.0,0.0,0.0,1.0,0.038,0.0,0.0,0.0,0.04,0.2,0.0,0.0
A0538,0.0,0.2,0.2,0.2,0.0,0.0,0.0,0.0,0.0,0.0,0.0,0.4,0.0,0.4,1.0,0.6,0.0,0.0,0.0,0.0,0.0,0.0,0.0,0.2,8.4067,2.6374,7.5379,1.7918,-0.2,-0.7864,0.0,0.0,0.0,1.0,0.0,1.7228,2.0,0.0,0.0,0.0,0.0,0.0,0.4,0.8614,0.2
A0531,0.0,0.2,0.0,0.0,0.4,0.2,0.2,0.0,0.0,0.0,0.0,0.0,0.0,0.2,0.0,0.0,0.8,0.6,0.4,0.0,0.0,0.0,0.0,0.0,6.4873,1.0158,5.5101,1.7918,-0.886,-0.2518,0.0,0.0,0.0,1.0,0.0,0.0,2.0,0.0,0.0,0.0,0.0,0.0,0.4,0.0,0.0
A0179,0.4,0.2,0.2,0.0,0.0,0.2,0.0,0.0,0.0,0.0,0.0,0.0,0.2,0.8,0.6,0.0,0.0,1.0,0.0,0.0,0.0,0.0,0.0,0.0,6.7903,1.1514,8.7074,1.7918,0.4278,-0.6182,0.0,0.0,0.0,1.0,0.0,0.0,0.0,0.0234,0.0,0.0,0.0,0.0,0.0398,0.0,0.0
A0369,0.4,0.2,0.2,0.0,0.2,0.0,0.0,0.0,0.0,0.0,0.0,0.0,0.2,0.6,0.4,0.0,0.8,0.0,0.0,0.0,0.0,0.0,0.0,0.0,7.2631,0.57,8.3418,1.7918,-0.5878,-0.7146,0.0,0.0,0.0,0.0,0.0,0.0,1.0,0.0,0.0,0.0,0.0,0.04,0.2,0.0,0.0
A0219,0.6,0.2,0.0,0.0,0.2,0.0,0.0,0.0,0.0,0.0,0.0,0.0,0.6,0.4,0.0,0.0,0.2,0.0,0.0,0.0,0.0,0.0,0.0,0.0,6.9682,0.6286,8.0876,1.7918,-0.5381,-0.0835,0.0,0.0,0.0,0.0,0.0,0.0,0.0,0.0,0.2,0.0,0.0,0.0,0.0,0.0,0.0
A0053,0.0,0.4,0.2,0.0,0.0,0.0,0.4,0.0,0.0,0.0,0.0,0.0,0.0,0.2,0.6,0.0,0.0,0.0,0.4,0.0,0.0,0.0,0.0,0.0,5.9896,1.1229,7.9416,1.7918,-0.8596,-0.1767,0.0,0.0,0.0,1.0,0.0,0.0,1.0,0.0,0.0,0.0,0.0,0.04,0.2,0.0,0.0
A0334,0.0,0.0,0.0,0.0,0.0,0.0,0.0,0.0,0.0,0.0,0.0,1.0,0.0,0.0,0.0,0.0,0.0,0.0,0.0,0.0,0.0,0.0,0.0,0.25,10.7412,0.0303,7.1151,1.6094,0.1121,0.0647,0.0,0.0,0.0,1.0,0.0,0.6931,1.0,0.9342,0.375,0.0,0.0,0.6,0.2,0.3466,0.5
A0316,0.2,0.6,0.0,0.0,0.0,0.2,0.0,0.0,0.0,0.0,0.0,0.0,0.4,0.2,0.0,0.0,0.0,0.8,0.0,0.0,0.0,0.0,0.0,0.0,6.6855,1.0328,8.7016,1.7918,-0.8742,-0.2379,0.0,0.0,0.0,1.0,0.0,0.0,1.0,0.0474,0.0,0.0,0.0,0.0,0.2864,0.0,0.0
A0537,0.2,0.4,0.0,0.0,0.0,0.0,0.0,0.2,0.0,0.0,0.0,0.2,0.2,0.4,0.0,0.0,0.0,0.0,0.0,0.6,0.0,0.0,0.0,1.0,8.3198,2.734,7.2733,1.7918,-0.6982,-0.5664,0.0,0.0,0.0,1.0,0.0,0.6931,2.0,0.1032,0.0,0.0,0.0,0.0,0.4,0.3466,0.1
A0461,0.2,0.0,0.4,0.0,0.0,0.2,0.0,0.0,0.0,0.0,0.0,0.2,0.8,0.0,0.2,0.0,0.0,0.4,0.0,0.0,0.0,0.0,0.0,1.0,7.853,2.472,8.8608,1.7918,0.4828,-0.6692,0.0,0.0,0.0,1.0,0.0,0.5878,0.0,0.0,0.0,0.0,0.0,0.16,0.1208,0.2939,0.1
A0415,0.2,0.2,0.2,0.2,0.0,0.2,0.0,0.0,0.0,0.0,0.0,0.0,1.0,0.6,0.2,0.4,0.0,0.8,0.0,0.0,0.0,0.0,0.0,0.0,6.8512,0.9009,8.6703,1.7918,-0.8328,-0.4767,0.0,0.0,0.0,1.0,0.0,0.0,1.0,0.0,0.0,0.0,0.0,0.0,0.2,0.0,0.0
A0527,0.0,0.2,0.0,0.0,0.0,0.2,0.2,0.0,0.0,0.0,0.0,0.4,0.0,0.6,0.0,0.0,0.0,0.8,1.0,0.0,0.0,0.0,0.0,0.2,8.1314,2.9285,6.2437,1.7918,-0.1586,-0.5975,0.0,0.0,0.0,2.0,0.0,1.3863,1.0,0.0,0.0,0.0,0.0,0.0,0.2,0.6931,0.2
A0155,0.0,0.6,0.0,0.0,0.0,0.4,0.0,0.0,0.0,0.0,0.0,0.0,0.0,0.2,0.0,0.0,0.0,0.4,0.0,0.0,0.0,0.0,0.0,0.0,6.0399,0.5779,8.9533,1.7918,-0.1697,-0.4596,0.0,0.0,0.0,1.0,0.0,0.0,0.0,0.0,0.2,0.0,0.0,0.04,0.0424,0.0,0.0
A0325,0.2,0.4,0.0,0.0,0.4,0.0,0.0,0.0,0.0,0.0,0.0,0.0,0.2,0.6,0.0,0.0,0.4,0.0,0.0,0.0,0.0,0.0,0.0,0.0,6.3315,1.0223,9.2427,1.7918,-0.4146,-0.801,0.0,0.0,0.0,0.0,0.0,0.0,1.0,0.0,0.0,0.0,0.0,0.0,0.2,0.0,0.0
A0557,0.0,0.0,0.0,0.0,0.0,0.0,0.0,0.25,0.0,0.25,0.25,0.25,0.0,0.0,0.0,0.0,0.0,0.0,0.0,0.75,0.0,1.0,0.5,0.25,9.0192,0.476,2.5164,1.6094,0.5,-0.866,0.0,0.0,0.0,1.0,0.25,0.9163,3.0,0.3127,0.0,0.0,0.0,0.8,0.6,1.0,0.625
A0423,0.0,0.2,0.2,0.4,0.0,0.2,0.0,0.0,0.0,0.0,0.0,0.0,0.0,0.8,1.0,0.4,0.0,0.2,0.0,0.0,0.0,0.0,0.0,0.0,6.8857,1.4332,8.4137,1.7918,-0.5396,-0.5982,0.0,0.0,0.0,1.0,0.0,0.0,0.0,0.0336,0.0,0.0,0.0,0.04,0.0778,0.0,0.0
A0363,0.4,0.2,0.0,0.2,0.2,0.0,0.0,0.0,0.0,0.0,0.0,0.0,0.2,0.8,0.0,0.4,0.6,0.0,0.0,0.0,0.0,0.0,0.0,0.0,6.5053,0.7012,7.6089,1.7918,-0.5035,-0.2828,0.0,0.0,0.0,0.0,0.0,0.0,1.0,0.0,0.1,0.0,0.0,0.0,0.2,0.0,0.0
A0140,0.8,0.0,0.0,0.0,0.0,0.0,0.2,0.0,0.0,0.0,0.0,0.0,0.2,0.0,0.0,0.0,0.0,0.0,0.6,0.0,0.0,0.0,0.0,0.0,7.3798,0.7754,8.3662,1.7918,0.1621,-0.5278,0.0,0.0,0.0,1.0,0.0,0.0,0.0,0.0,0.0,0.0,0.0,0.0,0.031,0.0,0.0
A0530,0.2,0.0,0.0,0.2,0.0,0.2,0.0,0.2,0.0,0.0,0.0,0.2,0.4,0.0,0.0,1.0,0.0,0.6,0.0,0.2,0.0,0.0,0.0,0.8,7.9415,2.5946,5.4795,1.7918,0.1414,-0.9278,0.0,0.0,0.0,1.0,0.0,1.1632,2.0,0.0134,0.0,0.0,0.0,0.04,0.4,0.5816,0.1
A0137,0.2,0.2,0.4,0.2,0.0,0.0,0.0,0.0,0.0,0.0,0.0,0.0,0.2,0.8,0.6,0.4,0.0,0.0,0.0,0.0,0.0,0.0,0.0,0.0,7.1203,0.9702,8.3741,1.7918,-0.3725,-0.8174,0.0,0.0,0.0,0.0,0.0,0.0,0.0,0.0,0.0,0.0,0.0,0.0,0.0,0.0,0.0
A0032,0.2,0.6,0.2,0.0,0.0,0.0,0.0,0.0,0.0,0.0,0.0,0.0,0.6,0.2,0.4,0.0,0.0,0.0,0.0,0.0,0.0,0.0,0.0,0.0,7.1002,0.7651,9.3472,1.7918,-0.6278,-0.3146,0.0,0.0,0.0,0.0,0.0,0.0,0.0,0.0,0.0,0.0,0.0,0.04,0.134,0.0,0.0
A0492,0.4,0.2,0.2,0.0,0.2,0.0,0.0,0.0,0.0,0.0,0.0,0.0,0.6,0.4,0.2,0.0,1.0,0.0,0.0,0.0,0.0,0.0,0.0,0.0,7.0825,0.9927,10.0401,1.7918,-0.861,0.2414,0.0,0.0,0.0,0.0,0.0,0.0,0.0,0.002,0.0,0.0,0.0,0.04,0.0,0.0,0.0
A0013,0.0,0.6,0.2,0.0,0.0,0.2,0.0,0.0,0.0,0.0,0.0,0.0,0.0,0.2,0.8,0.0,0.0,0.6,0.0,0.0,0.0,0.0,0.0,0.0,6.8051,1.4184,9.2426,1.7918,-0.6664,-0.325,0.0,0.0,0.0,1.0,0.0,0.0,0.0,0.0628,0.0,0.0,0.0,0.0,0.0,0.0,0.0
A0346,0.4,0.0,0.2,0.0,0.0,0.0,0.4,0.0,0.0,0.0,0.0,0.0,0.2,0.0,0.6,0.0,0.0,0.0,0.4,0.0,0.0,0.0,0.0,0.0,7.4263,0.6721,8.9115,1.7918,-0.1732,-0.7828,0.0,0.0,0.0,1.0,0.0,0.0,0.0,0.0,0.0,0.0,0.0,0.04,0.0382,0.0,0.0
A0451,0.2,0.0,0.4,0.0,0.2,0.2,0.0,0.0,0.0,0.0,0.0,0.0,1.0,0.0,0.4,0.0,0.6,0.2,0.0,0.0,0.0,0.0,0.0,0.0,7.8613,0.2916,8.1099,1.7918,-0.1414,-0.5914,0.0,0.0,0.0,1.0,0.0,0.0,1.0,0.0,0.1,0.0,0.0,0.0,0.2,0.0,0.0
A0159,0.2,0.4,0.0,0.0,0.0,0.2,0.0,0.0,0.2,0.0,0.0,0.0,0.2,0.8,0.0,0.0,0.0,0.4,0.0,0.0,0.6,0.0,0.0,0.0,6.7855,1.4972,9.9146,1.7918,0.0,-0.9328,0.0,0.0,0.0,1.0,0.0,0.0,0.0,0.0938,0.0,0.0,0.0,0.2,0.0056,0.0,0.0
A0230,0.0,0.0,0.6,0.0,0.2,0.0,0.0,0.2,0.0,0.0,0.0,0.0,0.0,0.0,0.2,0.0,0.8,0.0,0.0,1.0,0.0,0.0,0.0,0.0,6.4261,1.0683,8.8567,1.7918,-0.6396,-0.425,0.0,0.0,0.0,1.0,0.0,0.0,0.0,0.0684,0.0,0.0,0.0,0.04,0.0,0.0,0.0
A0380,0.4,0.2,0.2,0.0,0.0,0.0,0.0,0.0,0.2,0.0,0.0,0.0,0.2,1.0,0.8,0.0,0.0,0.0,0.0,0.0,0.4,0.0,0.0,0.0,6.7404,0.7965,8.3447,1.7918,-0.125,-0.8128,0.0,0.0,0.0,1.0,0.0,0.0,1.0,0.0078,0.0,0.0,0.0,0.04,0.2,0.0,0.0
A0002,0.2,0.0,0.0,0.2,0.0,0.4,0.2,0.0,0.0,0.0,0.0,0.0,0.4,0.0,0.0,0.6,0.0,0.8,0.2,0.0,0.0,0.0,0.0,0.0,6.2752,1.0532,8.3752,1.7918,-0.3485,-0.8313,0.0,0.0,0.0,1.0,0.0,0.0,1.0,0.0,0.0,0.0,0.0,0.0,0.2,0.0,0.0
A0375,0.2,0.0,0.2,0.0,0.2,0.4,0.0,0.0,0.0,0.0,0.0,0.0,0.4,0.0,0.8,0.0,0.6,0.2,0.0,0.0,0.0,0.0,0.0,0.0,6.7602,0.3941,8.8427,1.7918,0.0732,-0.8596,0.0,0.0,0.0,1.0,0.0,0.0,0.0,0.0,0.0,0.0,0.0,0.04,0.0,0.0,0.0
A0452,0.2,0.2,0.2,0.0,0.0,0.2,0.2,0.0,0.0,0.0,0.0,0.0,1.0,0.4,0.2,0.0,0.0,0.8,0.6,0.0,0.0,0.0,0.0,0.0,6.9417,0.7461,8.2548,1.7918,-0.6243,-0.4243,0.0,0.0,0.0,1.0,0.0,0.0,1.0,0.0,0.0,0.0,0.0,0.0,0.2,0.0,0.0
A0167,0.0,0.0,0.0,0.2,0.2,0.6,0.0,0.0,0.0,0.0,0.0,0.0,0.0,0.0,0.0,1.0,0.4,0.2,0.0,0.0,0.0,0.0,0.0,0.0,7.1793,0.6568,8.3498,1.7918,-0.5664,-0.6982,0.0,0.0,0.0,2.0,0.0,0.0,1.0,0.0,0.0,0.0,0.0,0.0,0.2,0.0,0.0
A0547,0.2,0.2,0.2,0.0,0.2,0.0,0.2,0.0,0.0,0.0,0.0,0.0,0.8,1.0,0.2,0.0,0.4,0.0,0.6,0.0,0.0,0.0,0.0,0.0,6.7496,1.0317,7.2045,1.7918,-0.5078,-0.4932,0.0,0.0,0.0,1.0,0.0,0.0,1.0,0.0056,0.0,0.0,0.0,0.0,0.2,0.0,0.0
A0399,0.0,0.6,0.0,0.0,0.2,0.2,0.0,0.0,0.0,0.0,0.0,0.0,0.0,0.6,0.0,0.0,0.4,0.2,0.0,0.0,0.0,0.0,0.0,0.0,6.4966,1.2067,8.606,1.7918,-0.5864,-0.5035,0.0,0.0,0.0,1.0,0.0,0.0,1.0,0.0472,0.0,0.0,0.0,0.0,0.2,0.0,0.0
A0356,0.6,0.0,0.2,0.0,0.2,0.0,0.0,0.0,0.0,0.0,0.0,0.0,0.2,0.0,1.0,0.0,0.8,0.0,0.0,0.0,0.0,0.0,0.0,0.0,7.1176,0.5375,8.684,1.7918,-0.1449,-0.6182,0.0,0.0,0.0,0.0,0.0,0.0,0.0,0.0,0.0,0.0,0.0,0.04,0.0092,0.0,0.0
A0291,0.0,0.2,0.4,0.2,0.2,0.0,0.0,0.0,0.0,0.0,0.0,0.0,0.0,1.0,0.2,0.8,0.6,0.0,0.0,0.0,0.0,0.0,0.0,0.0,6.8974,0.9465,9.0751,1.7918,-0.5182,-0.4146,0.0,0.0,0.0,0.0,0.0,0.0,0.0,0.0,0.0,0.0,0.0,0.08,0.1142,0.0,0.0
A0411,0.2,0.0,0.2,0.0,0.0,0.2,0.2,0.2,0.0,0.0,0.0,0.0,0.4,0.0,0.8,0.0,0.0,0.6,1.0,0.2,0.0,0.0,0.0,0.0,8.3379,0.4903,8.5516,1.7918,-0.2828,-0.5864,0.0,0.0,0.0,1.0,0.0,0.0,0.0,0.0384,0.1,0.0,0.0,0.0,0.0,0.0,0.0
A0372,0.2,0.0,0.4,0.4,0.0,0.0,0.0,0.0,0.0,0.0,0.0,0.0,1.0,0.0,0.4,0.2,0.0,0.0,0.0,0.0,0.0,0.0,0.0,0.0,6.4963,0.3834,8.3664,1.7918,-0.7414,-0.3414,0.0,0.0,0.0,0.0,0.0,0.0,0.0,0.0,0.0,0.0,0.0,0.08,0.0046,0.0,0.0
A0186,0.0,0.0,0.0,0.0,0.0,1.0,0.0,0.0,0.0,0.0,0.0,0.0,0.0,0.0,0.0,0.0,0.0,0.5,0.0,0.0,0.0,0.0,0.0,0.0,9.2103,0.0,7.955,1.0986,-0.3794,0.916,0.0,0.0,0.0,1.0,0.0,0.0,0.0,0.288,0.75,0.0,0.0,0.1,0.0,0.5,0.0
A0436,0.4,0.2,0.2,0.0,0.0,0.0,0.0,0.0,0.2,0.0,0.0,0.0,0.6,0.4,0.8,0.0,0.0,0.0,0.0,0.0,0.2,0.0,0.0,0.0,7.8644,1.1399,7.9846,1.7918,-0.6492,-0.1518,0.0,0.0,0.0,1.0,0.0,0.0,0.0,0.0188,0.0,0.0,0.0,0.2,0.068,0.0,0.0
A0036,0.0,0.2,0.4,0.2,0.2,0.0,0.0,0.0,0.0,0.0,0.0,0.0,0.0,0.2,0.6,1.0,0.4,0.0,0.0,0.0,0.0,0.0,0.0,0.0,5.719,1.0682,9.2201,1.7918,-0.9128,-0.0482,0.0,0.0,0.0,0.0,0.0,0.0,0.0,0.0,0.0,0.0,0.0,0.08,0.0,0.0,0.0
A0408,0.8,0.0,0.0,0.0,0.2,0.0,0.0,0.0,0.0,0.0,0.0,0.0,0.2,0.0,0.0,0.0,0.6,0.0,0.0,0.0,0.0,0.0,0.0,0.0,6.9385,0.6055,9.5935,1.7918,-0.2732,-0.6196,0.0,0.0,0.0,0.0,0.0,0.0,0.0,0.0,0.0,0.0,0.0,0.04,0.0,0.0,0.0
A0475,0.2,0.0,0.4,0.0,0.0,0.2,0.2,0.0,0.0,0.0,0.0,0.0,0.6,0.0,0.4,0.0,0.0,0.2,1.0,0.0,0.0,0.0,0.0,0.0,6.6936,0.6545,9.5818,1.7918,-0.3864,-0.4828,0.0,0.0,0.0,2.0,0.0,0.0,0.0,0.0,0.0,0.0,0.0,0.04,0.0,0.0,0.0
A0553,0.0,0.0,0.0,0.0,0.0,0.0,0.0,0.25,0.0,0.25,0.25,0.25,0.0,0.0,0.0,0.0,0.0,0.0,0.0,0.75,0.0,1.0,0.5,0.25,9.0615,0.4873,2.9383,1.6094,0.5,-0.866,0.0,0.0,0.25,3.0,0.25,0.5596,3.0,0.4838,0.0,0.25,0.0,0.8,0.6,0.9048,0.625
A0308,0.6,0.0,0.0,0.0,0.0,0.2,0.0,0.2,0.0,0.0,0.0,0.0,0.2,0.0,0.0,0.0,0.0,1.0,0.0,0.4,0.0,0.0,0.0,0.0,8.0492,0.9148,8.432,1.7918,0.1932,-0.881,0.0,0.0,0.0,1.0,0.0,0.0,0.0,0.1686,0.0,0.0,0.0,0.08,0.0,0.0,0.0
A0060,0.2,0.2,0.0,0.0,0.2,0.2,0.2,0.0,0.0,0.0,0.0,0.0,1.0,0.2,0.0,0.0,0.6,0.4,0.8,0.0,0.0,0.0,0.0,0.0,6.2956,0.5924,7.0937,1.7918,-0.6629,-0.4346,0.0,0.0,0.0,1.0,0.0,0.0,1.0,0.0,0.0,0.0,0.0,0.0,0.2,0.0,0.0
A0113,0.6,0.0,0.0,0.0,0.0,0.0,0.2,0.2,0.0,0.0,0.0,0.0,0.6,0.0,0.0,0.0,0.0,0.0,0.4,0.2,0.0,0.0,0.0,0.0,7.3913,1.1545,8.045,1.7918,0.4664,-0.8078,0.0,0.0,0.0,1.0,0.0,0.0,0.0,0.1072,0.0,0.0,0.0,0.0,0.0,0.0,0.0
A0387,0.4,0.0,0.4,0.2,0.0,0.0,0.0,0.0,0.0,0.0,0.0,0.0,0.4,0.0,0.2,0.6,0.0,0.0,0.0,0.0,0.0,0.0,0.0,0.0,7.0394,0.9414,9.0529,1.7918,-0.7878,-0.5146,0.0,0.0,0.0,0.0,0.0,0.0,0.0,0.0,0.0,0.0,0.0,0.0,0.0,0.0,0.0
A0301,0.4,0.0,0.4,0.0,0.2,0.0,0.0,0.0,0.0,0.0,0.0,0.0,0.8,0.0,0.2,0.0,0.4,0.0,0.0,0.0,0.0,0.0,0.0,0.0,7.194,0.6133,8.8443,1.7918,0.1586,-0.7146,0.0,0.0,0.0,0.0,0.0,0.0,0.0,0.0,0.0,0.0,0.0,0.16,0.0,0.0,0.0
A0180,0.0,0.4,0.2,0.0,0.2,0.2,0.0,0.0,0.0,0.0,0.0,0.0,0.0,0.4,0.2,0.0,1.0,0.8,0.0,0.0,0.0,0.0,0.0,0.0,7.7293,0.5573,9.5814,1.7918,-0.6278,-0.4182,0.0,0.0,0.0,1.0,0.0,0.0,0.0,0.0462,0.0,0.0,0.0,0.04,0.0068,0.0,0.0
A0303,0.4,0.0,0.2,0.0,0.0,0.0,0.4,0.0,0.0,0.0,0.0,0.0,0.2,0.0,1.0,0.0,0.0,0.0,0.6,0.0,0.0,0.0,0.0,0.0,6.3069,0.9818,9.983,1.7918,0.0518,-0.9796,0.0,0.0,0.0,1.0,0.0,0.0,0.0,0.0,0.0,0.0,0.0,0.16,0.0,0.0,0.0
A0545,0.4,0.2,0.0,0.0,0.0,0.2,0.2,0.0,0.0,0.0,0.0,0.0,0.6,0.4,0.0,0.0,0.0,0.8,0.2,0.0,0.0,0.0,0.0,0.0,7.195,0.8955,5.3222,1.7918,-0.9278,0.1414,0.0,0.0,0.0,1.0,0.0,0.0,2.0,0.0,0.0,0.0,0.0,0.0,0.4,0.0,0.0
A0542,0.4,0.0,0.2,0.0,0.2,0.2,0.0,0.0,0.0,0.0,0.0,0.0,0.2,0.0,0.4,0.0,1.0,0.8,0.0,0.0,0.0,0.0,0.0,0.0,7.3689,1.1283,6.2806,1.7918,-0.5975,-0.4414,0.0,0.0,0.0,1.0,0.0,0.0,1.0,0.0472,0.0,0.0,0.0,0.0,0.2,0.0,0.0
A0488,0.4,0.6,0.0,0.0,0.0,0.0,0.0,0.0,0.0,0.0,0.0,0.0,0.8,0.2,0.0,0.0,0.0,0.0,0.0,0.0,0.0,0.0,0.0,0.0,6.3688,0.7524,8.6528,1.7918,-0.7878,0.1682,0.0,0.0,0.0,0.0,0.0,0.0,0.0,0.0,0.0,0.0,0.0,0.0,0.0,0.0,0.0
A0106,0.8,0.0,0.0,0.2,0.0,0.0,0.0,0.0,0.0,0.0,0.0,0.0,0.2,0.0,0.0,0.6,0.0,0.0,0.0,0.0,0.0,0.0,0.0,0.0,6.3582,0.7828,8.0871,1.7918,-0.8174,0.1932,0.0,0.0,0.0,0.0,0.0,0.0,1.0,0.0,0.0,0.0,0.0,0.0,0.2,0.0,0.0
A0117,0.4,0.2,0.0,0.2,0.0,0.0,0.2,0.0,0.0,0.0,0.0,0.0,0.4,0.8,0.0,1.0,0.0,0.0,0.2,0.0,0.0,0.0,0.0,0.0,5.9064,1.3282,8.8708,1.7918,0.0035,-0.9459,0.0,0.0,0.0,1.0,0.0,0.0,1.0,0.0,0.0,0.0,0.0,0.12,0.2,0.0,0.0
A0170,0.0,0.0,0.0,0.0,0.0,0.0,0.0,0.0,0.0,0.0,0.0,1.0,0.0,0.0,0.0,0.0,0.0,0.0,0.0,0.0,0.0,0.0,0.0,1.0,9.6552,0.0,0.0,0.6931,0.7071,-0.7071,0.0,0.0,0.0,1.0,0.0,2.9444,1.0,0.516,0.0,0.0,0.0,0.6,0.2,1.0,0.5
A0218,0.4,0.2,0.0,0.0,0.0,0.4,0.0,0.0,0.0,0.0,0.0,0.0,0.6,0.4,0.0,0.0,0.0,0.2,0.0,0.0,0.0,0.0,0.0,0.0,7.4257,1.1185,9.0532,1.7918,-0.721,-0.5796,0.0,0.0,0.0,1.0,0.0,0.0,1.0,0.0756,0.0,0.0,0.0,0.0,0.2,0.0,0.0
A0454,0.2,0.4,0.0,0.2,0.0,0.2,0.0,0.0,0.0,0.0,0.0,0.0,0.8,0.4,0.0,1.0,0.0,0.2,0.0,0.0,0.0,0.0,0.0,0.0,6.3776,1.1316,9.3626,1.7918,0.8664,-0.325,0.0,0.0,0.0,1.0,0.0,0.0,0.0,0.0,0.0,0.0,0.0,0.04,0.0,0.0,0.0
A0520,0.6,0.0,0.0,0.0,0.0,0.2,0.2,0.0,0.0,0.0,0.0,0.0,0.2,0.0,0.0,0.0,0.0,0.6,0.4,0.0,0.0,0.0,0.0,0.0,5.8695,1.2167,7.3722,1.7918,-0.6664,0.6078,0.0,0.0,0.0,1.0,0.0,0.0,0.0,0.0334,0.0,0.0,0.0,0.04,0.029,0.0,0.0
A0555,0.0,0.0,0.0,0.0,0.0,0.0,0.0,0.25,0.0,0.25,0.25,0.25,0.0,0.0,0.0,0.0,0.0,0.0,0.0,0.75,0.0,1.0,0.5,0.25,9.0919,0.5545,2.7674,1.6094,0.5,-0.866,0.0,0.0,0.25,3.0,0.25,0.2231,3.0,0.3988,0.0,0.25,0.0,0.8,0.6,0.7366,0.625
A0150,0.4,0.2,0.0,0.0,0.2,0.2,0.0,0.0,0.0,0.0,0.0,0.0,0.6,0.2,0.0,0.0,0.8,0.4,0.0,0.0,0.0,0.0,0.0,0.0,7.1269,0.5656,8.3678,1.7918,-0.6078,-0.1835,0.0,0.0,0.0,1.0,0.0,0.0,1.0,0.0,0.0,0.0,0.0,0.04,0.2,0.0,0.0
A0358,0.4,0.0,0.0,0.0,0.0,0.4,0.0,0.2,0.0,0.0,0.0,0.0,0.6,0.0,0.0,0.0,0.0,0.2,0.0,1.0,0.0,0.0,0.0,0.0,7.5037,1.3705,9.3268,1.7918,0.0035,-0.5596,0.0,0.0,0.0,1.0,0.0,0.0,0.0,0.093,0.0,0.0,0.0,0.16,0.04,0.0,0.0
A0420,0.2,0.0,0.0,0.2,0.2,0.0,0.2,0.2,0.0,0.0,0.0,0.0,0.6,0.0,0.0,0.8,1.0,0.0,0.2,0.4,0.0,0.0,0.0,0.0,6.1639,1.001,9.9146,1.7918,-0.3982,-0.5932,0.0,0.0,0.0,1.0,0.0,0.0,0.0,0.0,0.0,0.0,0.0,0.16,0.02,0.0,0.0
A0124,0.0,0.2,0.0,0.2,0.4,0.2,0.0,0.0,0.0,0.0,0.0,0.0,0.0,0.6,0.0,0.2,0.4,0.8,0.0,0.0,0.0,0.0,0.0,0.0,7.3198,0.6902,8.281,1.7918,-0.7113,-0.1629,0.0,0.0,0.0,1.0,0.0,0.0,1.0,0.0022,0.0,0.0,0.0,0.0,0.2,0.0,0.0
A0277,0.4,0.0,0.2,0.0,0.0,0.2,0.0,0.0,0.2,0.0,0.0,0.0,0.8,0.0,0.2,0.0,0.0,0.4,0.0,0.0,0.6,0.0,0.0,0.0,7.7377,0.5985,7.9334,1.7918,-0.325,-0.8528,0.0,0.0,0.0,1.0,0.0,0.0,2.0,0.0,0.0,0.0,0.0,0.16,0.4,0.0,0.0
A0526,0.0,0.0,0.2,0.2,0.2,0.0,0.0,0.0,0.0,0.0,0.0,0.4,0.0,0.0,0.6,0.2,0.8,0.0,0.0,0.0,0.0,0.0,0.0,0.4,8.7362,1.6236,6.1306,1.7918,-0.6196,-0.4732,0.0,0.0,0.0,1.0,0.0,1.4816,2.0,0.0,0.0,0.0,0.0,0.0,0.4,0.7408,0.2
A0245,0.2,0.2,0.2,0.2,0.0,0.2,0.0,0.0,0.0,0.0,0.0,0.0,0.4,0.2,0.8,0.6,0.0,1.0,0.0,0.0,0.0,0.0,0.0,0.0,7.8577,0.9128,9.9632,1.7918,-0.6664,-0.2214,0.0,0.0,0.0,1.0,0.0,0.0,1.0,0.097,0.0,0.0,0.0,0.16,0.2756,0.0,0.0
A0145,0.6,0.0,0.0,0.0,0.0,0.0,0.0,0.4,0.0,0.0,0.0,0.0,0.2,0.0,0.0,0.0,0.0,0.0,0.0,0.6,0.0,0.0,0.0,0.0,7.3245,0.8071,7.4202,1.7918,-0.4414,-0.6182,0.0,0.0,0.0,1.0,0.0,0.0,1.0,0.0,0.0,0.0,0.0,0.04,0.2414,0.0,0.0
A0056,0.0,0.4,0.4,0.0,0.2,0.0,0.0,0.0,0.0,0.0,0.0,0.0,0.0,0.4,0.8,0.0,0.2,0.0,0.0,0.0,0.0,0.0,0.0,0.0,6.8874,0.7145,8.3419,1.7918,-0.4146,-0.801,0.0,0.0,0.0,0.0,0.0,0.0,0.0,0.0,0.0,0.0,0.0,0.0,0.046,0.0,0.0
A0198,0.2,0.0,0.2,0.0,0.0,0.4,0.0,0.2,0.0,0.0,0.0,0.0,1.0,0.0,0.2,0.0,0.0,0.4,0.0,0.8,0.0,0.0,0.0,0.0,7.2692,1.2528,8.0541,1.7918,-0.6293,-0.3864,0.0,0.0,0.0,1.0,0.0,0.0,0.0,0.0374,0.0,0.0,0.0,0.0,0.0,0.0,0.0
A0335,0.0,0.4,0.0,0.0,0.0,0.4,0.2,0.0,0.0,0.0,0.0,0.0,0.0,0.2,0.0,0.0,0.0,0.4,1.0,0.0,0.0,0.0,0.0,0.0,7.3059,1.2004,8.8885,1.7918,-0.9459,-0.0035,0.0,0.0,0.0,2.0,0.0,0.0,0.0,0.022,0.0,0.0,0.0,0.0,0.0,0.0,0.0
A0471,0.6,0.0,0.0,0.0,0.2,0.2,0.0,0.0,0.0,0.0,0.0,0.0,0.2,0.0,0.0,0.0,0.4,1.0,0.0,0.0,0.0,0.0,0.0,0.0,6.8311,1.1512,7.2886,1.7918,-0.1932,-0.8381,0.0,0.0,0.0,1.0,0.0,0.0,1.0,0.0198,0.0,0.0,0.0,0.04,0.2064,0.0,0.0
A0406,0.2,0.2,0.0,0.4,0.0,0.2,0.0,0.0,0.0,0.0,0.0,0.0,0.2,0.6,0.0,0.4,0.0,0.8,0.0,0.0,0.0,0.0,0.0,0.0,6.4928,1.2138,8.6478,1.7918,-0.0518,-0.926,0.0,0.0,0.0,1.0,0.0,0.0,0.0,0.0,0.0,0.0,0.0,0.0,0.0,0.0,0.0
A0202,0.2,0.4,0.0,0.0,0.2,0.0,0.0,0.2,0.0,0.0,0.0,0.0,0.4,0.2,0.0,0.0,1.0,0.0,0.0,0.6,0.0,0.0,0.0,0.0,7.641,0.6161,9.8208,1.7918,-0.3664,-0.3311,0.0,0.0,0.0,1.0,0.0,0.0,0.0,0.0,0.1,0.0,0.0,0.08,0.04,0.0,0.0
A0543,0.4,0.0,0.0,0.0,0.6,0.0,0.0,0.0,0.0,0.0,0.0,0.0,0.6,0.0,0.0,0.0,0.2,0.0,0.0,0.0,0.0,0.0,0.0,0.0,7.5335,1.055,5.9087,1.7918,-0.6796,0.4043,0.0,0.0,0.0,0.0,0.0,0.0,1.0,0.0,0.0,0.0,0.0,0.0,0.2,0.0,0.0
A0283,0.0,0.6,0.0,0.0,0.0,0.0,0.4,0.0,0.0,0.0,0.0,0.0,0.0,0.2,0.0,0.0,0.0,0.0,0.6,0.0,0.0,0.0,0.0,0.0,6.5955,0.4525,8.0502,1.7918,-0.2346,-0.2629,0.0,0.0,0.0,1.0,0.0,0.0,0.0,0.0,0.0,0.0,0.0,0.0,0.2018,0.0,0.0
A0409,0.8,0.0,0.0,0.0,0.0,0.2,0.0,0.0,0.0,0.0,0.0,0.0,0.2,0.0,0.0,0.0,0.0,0.4,0.0,0.0,0.0,0.0,0.0,0.0,7.2739,0.1892,8.8751,1.7918,-0.8692,-0.2828,0.0,0.0,0.0,1.0,0.0,0.0,0.0,0.0,0.0,0.0,0.0,0.0,0.0,0.0,0.0
A0340,0.2,0.0,0.0,0.2,0.2,0.2,0.0,0.0,0.0,0.0,0.0,0.2,1.0,0.0,0.0,0.4,0.2,0.8,0.0,0.0,0.0,0.0,0.0,0.6,7.3312,2.6227,7.4974,1.7918,-0.5113,-0.2664,0.0,0.0,0.0,1.0,0.0,0.3365,0.0,0.0,0.0,0.0,0.0,0.0,0.0,0.1682,0.1
A0142,0.4,0.2,0.0,0.0,0.0,0.2,0.0,0.0,0.2,0.0,0.0,0.0,0.6,1.0,0.0,0.0,0.0,0.2,0.0,0.0,0.4,0.0,0.0,0.0,6.8974,1.0168,8.1873,1.7918,-0.4182,-0.0414,0.0,0.0,0.0,1.0,0.0,0.0,0.0,0.0,0.1,0.0,0.0,0.04,0.007,0.0,0.0
A0384,0.2,0.0,0.2,0.0,0.0,0.4,0.2,0.0,0.0,0.0,0.0,0.0,1.0,0.0,0.8,0.0,0.0,0.2,0.4,0.0,0.0,0.0,0.0,0.0,6.6284,0.6269,8.6593,1.7918,-0.4243,-0.4243,0.0,0.0,0.0,1.0,0.0,0.0,1.0,0.0,0.1,0.0,0.0,0.0,0.2,0.0,0.0
A0216,0.2,0.4,0.2,0.0,0.2,0.0,0.0,0.0,0.0,0.0,0.0,0.0,1.0,0.2,0.8,0.0,0.4,0.0,0.0,0.0,0.0,0.0,0.0,0.0,6.6707,1.0461,8.6925,1.7918,0.2732,-0.8596,0.0,0.0,0.0,0.0,0.0,0.0,1.0,0.0,0.0,0.0,0.0,0.0,0.2,0.0,0.0
A0495,0.0,0.0,0.0,0.0,0.0,0.0,0.0,0.0,1.0,0.0,0.0,0.0,0.0,0.0,0.0,0.0,0.0,0.0,0.0,0.0,1.0,0.0,0.0,0.0,8.6468,0.0,0.0,0.6931,-0.2588,-0.9659,0.0,0.0,1.0,1.0,0.0,0.0,0.0,0.427,0.0,1.0,0.0,0.0,0.0,0.0,0.0
A0033,0.0,0.0,0.0,0.0,0.0,0.0,0.0,0.0,0.0,0.0,0.0,1.0,0.0,0.0,0.0,0.0,0.0,0.0,0.0,0.0,0.0,0.0,0.0,1.0,9.4834,0.0,0.0,0.6931,-0.9659,0.2588,0.0,0.0,0.0,1.0,0.0,2.7726,0.0,1.0,0.0,0.0,0.0,0.6,0.0,1.0,0.5
A0008,0.0,0.2,0.2,0.0,0.0,0.4,0.0,0.2,0.0,0.0,0.0,0.0,0.0,1.0,0.4,0.0,0.0,0.2,0.0,0.6,0.0,0.0,0.0,0.0,8.7277,0.3191,9.3781,1.7918,-0.2414,-0.701,0.0,0.4,0.0,1.0,0.0,0.0,0.0,0.0194,0.0,0.0,0.0,0.04,0.0,0.0,0.0
A0158,0.0,0.0,0.0,0.0,0.0,1.0,0.0,0.0,0.0,0.0,0.0,0.0,0.0,0.0,0.0,0.0,0.0,0.3333,0.0,0.0,0.0,0.0,0.0,0.0,9.4807,0.1911,8.6633,1.3863,-0.3392,0.9326,0.0,0.0,0.0,1.0,0.0,0.0,0.0,0.0627,0.6667,0.0,0.0,0.0667,0.0633,0.5,0.0
A0085,0.4,0.2,0.0,0.0,0.2,0.2,0.0,0.0,0.0,0.0,0.0,0.0,0.2,1.0,0.0,0.0,0.6,0.4,0.0,0.0,0.0,0.0,0.0,0.0,6.7832,0.5246,8.0465,1.7918,-0.8624,-0.3346,0.0,0.0,0.0,1.0,0.0,0.0,1.0,0.0,0.0,0.0,0.0,0.0,0.2,0.0,0.0
A0122,0.4,0.4,0.0,0.0,0.0,0.2,0.0,0.0,0.0,0.0,0.0,0.0,0.8,0.4,0.0,0.0,0.0,0.2,0.0,0.0,0.0,0.0,0.0,0.0,5.5473,0.2763,9.2309,1.7918,-0.7732,-0.1,0.0,0.0,0.0,1.0,0.0,0.0,1.0,0.0,0.2,0.0,0.0,0.0,0.2,0.0,0.0
A0237,0.0,0.2,0.0,0.2,0.2,0.0,0.4,0.0,0.0,0.0,0.0,0.0,0.0,1.0,0.0,0.6,0.4,0.0,0.2,0.0,0.0,0.0,0.0,0.0,6.3395,0.4334,8.4159,1.7918,-0.8078,-0.4664,0.0,0.0,0.0,1.0,0.0,0.0,1.0,0.0,0.0,0.0,0.0,0.0,0.2,0.0,0.0
A0231,0.4,0.0,0.0,0.0,0.4,0.0,0.0,0.0,0.2,0.0,0.0,0.0,0.2,0.0,0.0,0.0,0.4,0.0,0.0,0.0,0.8,0.0,0.0,0.0,6.8741,0.9019,8.6715,1.7918,-0.7293,0.0268,0.0,0.0,0.0,1.0,0.0,0.0,1.0,0.0,0.0,0.0,0.0,0.04,0.2,0.0,0.0
A0466,0.2,0.2,0.2,0.0,0.2,0.0,0.0,0.0,0.2,0.0,0.0,0.0,0.2,0.4,0.6,0.0,0.8,0.0,0.0,0.0,1.0,0.0,0.0,0.0,7.8388,1.0014,8.4261,1.7918,-0.7381,-0.3664,0.0,0.0,0.0,1.0,0.0,0.0,0.0,0.1244,0.0,0.0,0.0,0.12,0.0,0.0,0.0
A0209,0.6,0.2,0.0,0.2,0.0,0.0,0.0,0.0,0.0,0.0,0.0,0.0,0.4,0.2,0.0,0.6,0.0,0.0,0.0,0.0,0.0,0.0,0.0,0.0,5.9788,1.0932,8.0222,1.7918,-0.2967,-0.7845,0.0,0.0,0.0,0.0,0.0,0.0,0.0,0.0,0.0,0.0,0.0,0.0,0.0,0.0,0.0
A0385,0.2,0.2,0.4,0.0,0.2,0.0,0.0,0.0,0.0,0.0,0.0,0.0,0.4,0.6,0.2,0.0,1.0,0.0,0.0,0.0,0.0,0.0,0.0,0.0,6.6171,1.052,8.6093,1.7918,-0.5078,-0.4932,0.0,0.0,0.0,0.0,0.0,0.0,0.0,0.0154,0.0,0.0,0.0,0.0,0.0,0.0,0.0
A0312,0.6,0.2,0.0,0.0,0.0,0.2,0.0,0.0,0.0,0.0,0.0,0.0,0.2,0.8,0.0,0.0,0.0,0.4,0.0,0.0,0.0,0.0,0.0,0.0,7.5443,0.3646,9.1906,1.7918,-0.6113,0.6796,0.0,0.0,0.0,1.0,0.0,0.0,0.0,0.0,0.0,0.0,0.0,0.04,0.0488,0.0,0.0
A0026,0.0,0.2,0.0,0.4,0.2,0.2,0.0,0.0,0.0,0.0,0.0,0.0,0.0,0.2,0.0,0.4,0.6,1.0,0.0,0.0,0.0,0.0,0.0,0.0,7.1492,1.1305,9.2223,1.7918,-0.5982,-0.2897,0.0,0.0,0.0,1.0,0.0,0.0,0.0,0.0796,0.0,0.0,0.0,0.12,0.0532,0.0,0.0
A0476,0.2,0.2,0.0,0.0,0.0,0.2,0.2,0.2,0.0,0.0,0.0,0.0,1.0,0.2,0.0,0.0,0.0,0.4,0.8,0.6,0.0,0.0,0.0,0.0,7.3379,1.4919,7.8741,1.7918,-0.7914,-0.2449,0.0,0.0,0.0,1.0,0.0,0.0,0.0,0.062,0.0,0.0,0.0,0.0,0.0576,0.0,0.0
A0288,0.2,0.6,0.2,0.0,0.0,0.0,0.0,0.0,0.0,0.0,0.0,0.0,1.0,0.2,0.4,0.0,0.0,0.0,0.0,0.0,0.0,0.0,0.0,0.0,6.5465,0.5086,9.1025,1.7918,-0.3525,-0.7692,0.0,0.0,0.0,0.0,0.0,0.0,0.0,0.0,0.0,0.0,0.0,0.0,0.0,0.0,0.0
A0513,0.6,0.0,0.0,0.2,0.0,0.0,0.0,0.0,0.2,0.0,0.0,0.0,0.6,0.0,0.0,0.2,0.0,0.0,0.0,0.0,0.4,0.0,0.0,0.0,7.5451,0.9099,8.4299,1.7918,-0.926,-0.1553,0.0,0.0,0.0,1.0,0.0,0.0,1.0,0.0594,0.0,0.0,0.0,0.04,0.2,0.0,0.0
A0404,0.8,0.0,0.0,0.0,0.0,0.2,0.0,0.0,0.0,0.0,0.0,0.0,0.2,0.0,0.0,0.0,0.0,0.8,0.0,0.0,0.0,0.0,0.0,0.0,6.9347,0.5822,8.8684,1.7918,-0.9528,0.2553,0.0,0.0,0.0,1.0,0.0,0.0,1.0,0.0,0.0,0.0,0.0,0.0,0.2,0.0,0.0
A0431,0.2,0.4,0.0,0.0,0.2,0.0,0.2,0.0,0.0,0.0,0.0,0.0,0.2,0.6,0.0,0.0,1.0,0.0,0.4,0.0,0.0,0.0,0.0,0.0,6.3636,1.0382,8.6925,1.7918,-0.7243,-0.3146,0.0,0.0,0.0,1.0,0.0,0.0,0.0,0.0094,0.0,0.0,0.0,0.0,0.0028,0.0,0.0
A0089,0.4,0.0,0.2,0.0,0.2,0.2,0.0,0.0,0.0,0.0,0.0,0.0,0.4,0.0,0.2,0.0,0.6,0.8,0.0,0.0,0.0,0.0,0.0,0.0,7.1704,0.631,8.4184,1.7918,0.2346,-0.8492,0.0,0.0,0.0,1.0,0.0,0.0,1.0,0.0,0.0,0.0,0.0,0.04,0.2,0.0,0.0
A0073,0.0,0.0,0.0,0.0,0.0,1.0,0.0,0.0,0.0,0.0,0.0,0.0,0.0,0.0,0.0,0.0,0.0,0.5,0.0,0.0,0.0,0.0,0.0,0.0,9.7596,0.1438,7.9471,1.0986,-0.3794,0.916,0.0,0.0,0.0,1.0,0.0,0.0,0.0,0.6725,0.75,0.0,0.0,0.1,0.0,0.5,0.0
A0541,0.2,0.0,0.0,0.2,0.2,0.4,0.0,0.0,0.0,0.0,0.0,0.0,1.0,0.0,0.0,0.4,0.2,0.6,0.0,0.0,0.0,0.0,0.0,0.0,7.3919,1.0914,5.5264,1.7918,-0.1379,-0.901,0.0,0.0,0.0,2.0,0.0,0.0,1.0,0.0606,0.0,0.0,0.0,0.0,0.2,0.0,0.0
A0512,0.4,0.2,0.0,0.2,0.0,0.2,0.0,0.0,0.0,0.0,0.0,0.0,0.6,0.2,0.0,0.4,0.0,1.0,0.0,0.0,0.0,0.0,0.0,0.0,6.6968,0.9608,7.3633,1.7918,-0.3414,-0.7914,0.0,0.0,0.0,1.0,0.0,0.0,1.0,0.0,0.0,0.0,0.0,0.04,0.2,0.0,0.0
A0081,0.4,0.2,0.0,0.0,0.2,0.2,0.0,0.0,0.0,0.0,0.0,0.0,0.8,0.6,0.0,0.0,0.4,0.2,0.0,0.0,0.0,0.0,0.0,0.0,6.6163,0.532,8.6545,1.7918,-0.8624,-0.3346,0.0,0.0,0.0,1.0,0.0,0.0,0.0,0.0,0.0,0.0,0.0,0.04,0.0562,0.0,0.0
A0437,0.0,0.2,0.0,0.0,0.2,0.4,0.0,0.2,0.0,0.0,0.0,0.0,0.0,0.8,0.0,0.0,0.2,0.6,0.0,0.4,0.0,0.0,0.0,0.0,8.3378,1.6007,8.2354,1.7918,-0.3878,-0.5146,0.0,0.0,0.0,1.0,0.0,0.0,1.0,0.2916,0.1,0.0,0.0,0.12,0.2,0.0,0.0
A0249,0.2,0.0,0.6,0.0,0.0,0.0,0.0,0.0,0.2,0.0,0.0,0.0,0.2,0.0,0.4,0.0,0.0,0.0,0.0,0.0,1.0,0.0,0.0,0.0,7.8853,0.9587,8.8338,1.7918,-0.5664,-0.4346,0.0,0.0,0.0,1.0,0.0,0.0,0.0,0.0212,0.0,0.0,0.0,0.04,0.0,0.0,0.0
A0252,0.0,0.4,0.2,0.2,0.2,0.0,0.0,0.0,0.0,0.0,0.0,0.0,0.0,0.4,0.8,0.2,1.0,0.0,0.0,0.0,0.0,0.0,0.0,0.0,7.6462,0.6905,9.2481,1.7918,0.1103,-0.681,0.0,0.0,0.0,0.0,0.0,0.0,0.0,0.0,0.0,0.0,0.0,0.2,0.08,0.0,0.0
A0442,0.6,0.0,0.2,0.2,0.0,0.0,0.0,0.0,0.0,0.0,0.0,0.0,0.4,0.0,1.0,0.2,0.0,0.0,0.0,0.0,0.0,0.0,0.0,0.0,7.2392,0.3882,7.9239,1.7918,-0.3767,-0.1697,0.0,0.0,0.0,0.0,0.0,0.0,0.0,0.0,0.2,0.0,0.0,0.04,0.095,0.0,0.0
A0064,0.6,0.2,0.0,0.0,0.0,0.0,0.2,0.0,0.0,0.0,0.0,0.0,0.2,0.4,0.0,0.0,0.0,0.0,0.6,0.0,0.0,0.0,0.0,0.0,6.8208,0.4935,7.358,1.7918,0.3449,-0.6182,0.0,0.0,0.0,1.0,0.0,0.0,1.0,0.0,0.0,0.0,0.0,0.0,0.2,0.0,0.0
A0220,0.4,0.2,0.2,0.2,0.0,0.0,0.0,0.0,0.0,0.0,0.0,0.0,0.4,0.2,0.6,1.0,0.0,0.0,0.0,0.0,0.0,0.0,0.0,0.0,6.6374,0.8282,8.292,1.7918,-0.6313,-0.0379,0.0,0.0,0.0,0.0,0.0,0.0,0.0,0.0,0.0,0.0,0.0,0.0,0.0,0.0,0.0
A0076,0.2,0.2,0.2,0.0,0.2,0.2,0.0,0.0,0.0,0.0,0.0,0.0,0.4,0.2,1.0,0.0,0.6,0.8,0.0,0.0,0.0,0.0,0.0,0.0,7.5319,0.5191,8.8697,1.7918,0.3975,-0.5243,0.0,0.0,0.0,1.0,0.0,0.0,1.0,0.0058,0.2,0.0,0.0,0.04,0.2,0.0,0.0
A0212,0.4,0.0,0.0,0.0,0.0,0.2,0.2,0.2,0.0,0.0,0.0,0.0,0.2,0.0,0.0,0.0,0.0,0.6,1.0,0.4,0.0,0.0,0.0,0.0,6.6143,0.8283,9.5653,1.7918,-0.921,-0.0897,0.0,0.0,0.0,1.0,0.0,0.0,0.0,0.0,0.0,0.0,0.0,0.16,0.0,0.0,0.0
A0348,0.0,0.0,0.0,0.0,0.0,0.0,0.0,0.25,0.0,0.5,0.0,0.25,0.0,0.0,0.0,0.0,0.0,0.0,0.0,0.5,0.0,0.75,0.0,0.25,9.6917,0.5348,4.1306,1.6094,0.6036,0.7866,1.0,1.0,1.0,1.0,0.25,0.5596,2.0,0.5408,1.0,1.0,1.0,0.8,0.4,0.9048,0.625
A0486,0.2,0.0,0.2,0.0,0.2,0.2,0.2,0.0,0.0,0.0,0.0,0.0,1.0,0.0,0.6,0.0,0.4,0.8,0.2,0.0,0.0,0.0,0.0,0.0,7.3393,1.4172,8.3966,1.7918,-0.7313,0.0717,0.0,0.0,0.0,1.0,0.0,0.0,0.0,0.0512,0.0,0.0,0.0,0.0,0.0,0.0,0.0
A0522,0.2,0.2,0.0,0.2,0.0,0.2,0.0,0.2,0.0,0.0,0.0,0.0,0.2,0.8,0.0,0.6,0.0,0.4,0.0,1.0,0.0,0.0,0.0,0.0,7.2614,1.1974,7.3365,1.7918,-0.4449,0.5278,0.0,0.0,0.0,1.0,0.0,0.0,2.0,0.0188,0.0,0.0,0.0,0.0,0.4,0.0,0.0
A0141,0.0,0.0,0.4,0.0,0.2,0.2,0.0,0.0,0.2,0.0,0.0,0.0,0.0,0.0,0.4,0.0,0.2,0.6,0.0,0.0,1.0,0.0,0.0,0.0,7.4222,0.8676,8.9269,1.7918,-0.2629,-0.7381,0.0,0.0,0.0,1.0,0.0,0.0,0.0,0.0586,0.0,0.0,0.0,0.2,0.1168,0.0,0.0
A0470,0.6,0.0,0.0,0.0,0.0,0.0,0.2,0.2,0.0,0.0,0.0,0.0,0.2,0.0,0.0,0.0,0.0,0.0,0.4,1.0,0.0,0.0,0.0,0.0,7.1804,0.8459,7.4691,1.7918,0.5932,-0.681,0.0,0.0,0.0,1.0,0.0,0.0,1.0,0.0,0.0,0.0,0.0,0.04,0.2,0.0,0.0
A0263,0.2,0.0,0.0,0.0,0.0,0.4,0.2,0.0,0.2,0.0,0.0,0.0,1.0,0.0,0.0,0.0,0.0,0.2,0.8,0.0,0.4,0.0,0.0,0.0,8.206,1.3452,7.9267,1.7918,-0.4381,-0.7796,0.0,0.0,0.0,1.0,0.0,0.0,1.0,0.1638,0.0,0.0,0.0,0.12,0.2,0.0,0.0
A0077,0.0,0.6,0.0,0.0,0.2,0.2,0.0,0.0,0.0,0.0,0.0,0.0,0.0,0.2,0.0,0.0,1.0,0.6,0.0,0.0,0.0,0.0,0.0,0.0,7.0161,0.7053,7.4015,1.7918,-0.2482,-0.9128,0.0,0.0,0.0,1.0,0.0,0.0,1.0,0.0,0.0,0.0,0.0,0.0,0.2804,0.0,0.0
A0300,0.4,0.0,0.2,0.0,0.4,0.0,0.0,0.0,0.0,0.0,0.0,0.0,0.2,0.0,1.0,0.0,0.4,0.0,0.0,0.0,0.0,0.0,0.0,0.0,7.2094,0.2104,8.7077,1.7918,-0.4864,-0.6767,0.0,0.0,0.0,0.0,0.0,0.0,1.0,0.0,0.0,0.0,0.0,0.04,0.2,0.0,0.0
A0540,0.4,0.0,0.0,0.0,0.0,0.2,0.2,0.0,0.0,0.0,0.0,0.2,0.4,0.0,0.0,0.0,0.0,0.2,1.0,0.0,0.0,0.0,0.0,0.8,7.9446,1.9305,5.9713,1.7918,-0.8045,0.1449,0.0,0.0,0.0,1.0,0.0,0.7885,1.0,0.0,0.0,0.0,0.0,0.0,0.2,0.3942,0.1
A0422,0.4,0.0,0.4,0.0,0.0,0.2,0.0,0.0,0.0,0.0,0.0,0.0,0.4,0.0,0.2,0.0,0.0,0.8,0.0,0.0,0.0,0.0,0.0,0.0,7.2038,0.7318,8.599,1.7918,-0.5346,-0.476,0.0,0.0,0.0,1.0,0.0,0.0,0.0,0.0264,0.0,0.0,0.0,0.0,0.0246,0.0,0.0
A0228,0.0,0.6,0.0,0.0,0.2,0.2,0.0,0.0,0.0,0.0,0.0,0.0,0.0,0.4,0.0,0.0,0.6,0.2,0.0,0.0,0.0,0.0,0.0,0.0,6.4367,1.1256,7.2855,1.7918,-0.8196,0.2732,0.0,0.0,0.0,1.0,0.0,0.0,0.0,0.0,0.0,0.0,0.0,0.0,0.0732,0.0,0.0
A0022,0.2,0.4,0.2,0.0,0.0,0.0,0.0,0.2,0.0,0.0,0.0,0.0,0.2,0.6,1.0,0.0,0.0,0.0,0.0,0.4,0.0,0.0,0.0,0.0,7.2708,0.6505,7.2421,1.7918,-0.2146,-0.7182,0.0,0.0,0.0,1.0,0.0,0.0,1.0,0.0,0.0,0.0,0.0,0.0,0.2,0.0,0.0
A0054,0.2,0.2,0.0,0.0,0.0,0.4,0.2,0.0,0.0,0.0,0.0,0.0,0.8,0.2,0.0,0.0,0.0,0.4,0.6,0.0,0.0,0.0,0.0,0.0,6.1121,0.8605,8.4162,1.7918,0.1897,-0.6043,0.0,0.0,0.0,1.0,0.0,0.0,1.0,0.0,0.0,0.0,0.0,0.04,0.2134,0.0,0.0
A0247,0.4,0.2,0.0,0.0,0.0,0.2,0.2,0.0,0.0,0.0,0.0,0.0,0.4,0.2,0.0,0.0,0.0,0.8,0.6,0.0,0.0,0.0,0.0,0.0,6.4439,1.1258,8.7232,1.7918,-0.4828,-0.4828,0.0,0.0,0.0,1.0,0.0,0.0,0.0,0.0054,0.0,0.0,0.0,0.0,0.02,0.0,0.0
A0472,0.4,0.0,0.4,0.0,0.2,0.0,0.0,0.0,0.0,0.0,0.0,0.0,0.2,0.0,0.6,0.0,0.4,0.0,0.0,0.0,0.0,0.0,0.0,0.0,6.866,0.8391,8.3566,1.7918,-0.901,0.0621,0.0,0.0,0.0,0.0,0.0,0.0,0.0,0.0,0.0,0.0,0.0,0.0,0.0,0.0,0.0
A0345,0.2,0.6,0.0,0.0,0.2,0.0,0.0,0.0,0.0,0.0,0.0,0.0,0.8,0.2,0.0,0.0,0.6,0.0,0.0,0.0,0.0,0.0,0.0,0.0,5.5013,0.7523,7.9457,1.7918,-0.9528,0.1518,0.0,0.0,0.0,0.0,0.0,0.0,1.0,0.0,0.0,0.0,0.0,0.0,0.2,0.0,0.0
A0199,0.4,0.2,0.0,0.0,0.0,0.4,0.0,0.0,0.0,0.0,0.0,0.0,0.4,0.8,0.0,0.0,0.0,0.2,0.0,0.0,0.0,0.0,0.0,0.0,6.8198,0.6994,8.8386,1.7918,-0.681,-0.3932,0.0,0.0,0.0,1.0,0.0,0.0,1.0,0.0,0.0,0.0,0.0,0.0,0.2,0.0,0.0
A0040,0.4,0.2,0.2,0.0,0.2,0.0,0.0,0.0,0.0,0.0,0.0,0.0,0.8,0.6,0.2,0.0,0.4,0.0,0.0,0.0,0.0,0.0,0.0,0.0,7.2496,0.5398,8.0324,1.7918,-0.721,0.0139,0.0,0.0,0.0,0.0,0.0,0.0,1.0,0.0,0.0,0.0,0.0,0.04,0.2,0.0,0.0
A0329,0.0,0.4,0.2,0.2,0.0,0.2,0.0,0.0,0.0,0.0,0.0,0.0,0.0,0.6,0.4,0.2,0.0,0.8,0.0,0.0,0.0,0.0,0.0,0.0,6.7616,0.9531,8.705,1.7918,-0.556,-0.756,0.0,0.0,0.0,1.0,0.0,0.0,1.0,0.0,0.0,0.0,0.0,0.04,0.2,0.0,0.0
A0519,0.8,0.0,0.0,0.2,0.0,0.0,0.0,0.0,0.0,0.0,0.0,0.0,0.2,0.0,0.0,0.8,0.0,0.0,0.0,0.0,0.0,0.0,0.0,0.0,5.9139,1.1899,7.9507,1.7918,-0.5278,-0.0379,0.0,0.0,0.0,0.0,0.0,0.0,0.0,0.0,0.0,0.0,0.0,0.04,0.0,0.0,0.0
A0524,0.4,0.2,0.0,0.0,0.0,0.2,0.0,0.0,0.0,0.0,0.0,0.2,0.2,0.4,0.0,0.0,0.0,0.8,0.0,0.0,0.0,0.0,0.0,1.0,8.0564,1.9533,6.233,1.7918,-0.7328,-0.0965,0.0,0.0,0.0,1.0,0.0,1.0296,1.0,0.0,0.0,0.0,0.0,0.0,0.2,0.5148,0.1
A0268,0.4,0.2,0.0,0.0,0.0,0.2,0.2,0.0,0.0,0.0,0.0,0.0,0.4,1.0,0.0,0.0,0.0,0.8,0.2,0.0,0.0,0.0,0.0,0.0,6.8647,1.2928,7.3322,1.7918,-0.7528,-0.1518,0.0,0.0,0.0,1.0,0.0,0.0,1.0,0.0836,0.0,0.0,0.0,0.0,0.2,0.0,0.0
A0196,0.6,0.0,0.2,0.0,0.0,0.0,0.2,0.0,0.0,0.0,0.0,0.0,0.2,0.0,0.4,0.0,0.0,0.0,0.6,0.0,0.0,0.0,0.0,0.0,6.6672,0.9089,9.0521,1.7918,-0.7664,-0.1518,0.0,0.0,0.0,1.0,0.0,0.0,1.0,0.0,0.0,0.0,0.0,0.0,0.2,0.0,0.0
A0293,0.2,0.2,0.4,0.0,0.0,0.2,0.0,0.0,0.0,0.0,0.0,0.0,0.6,0.4,0.8,0.0,0.0,0.2,0.0,0.0,0.0,0.0,0.0,0.0,7.9231,0.9886,8.865,1.7918,-0.8796,-0.1214,0.0,0.0,0.0,1.0,0.0,0.0,1.0,0.032,0.0,0.0,0.0,0.0,0.2,0.0,0.0
A0287,0.6,0.2,0.2,0.0,0.0,0.0,0.0,0.0,0.0,0.0,0.0,0.0,0.2,0.8,0.4,0.0,0.0,0.0,0.0,0.0,0.0,0.0,0.0,0.0,6.4409,0.4973,8.9227,1.7918,-0.5864,-0.5464,0.0,0.0,0.0,0.0,0.0,0.0,0.0,0.0,0.0,0.0,0.0,0.04,0.0068,0.0,0.0
A0370,0.0,0.0,0.0,0.0,0.0,0.0,0.0,0.0,0.0,0.0,0.0,1.0,0.0,0.0,0.0,0.0,0.0,0.0,0.0,0.0,0.0,0.0,0.0,1.0,9.4977,0.0,0.0,0.6931,-0.866,-0.5,0.0,0.0,1.0,1.0,0.0,2.6391,0.0,0.331,0.0,1.0,0.0,0.0,0.029,1.0,0.5
A0071,0.0,0.2,0.4,0.2,0.0,0.2,0.0,0.0,0.0,0.0,0.0,0.0,0.0,0.6,0.4,1.0,0.0,0.2,0.0,0.0,0.0,0.0,0.0,0.0,7.3754,0.8646,7.9415,1.7918,-0.7146,-0.3878,0.0,0.0,0.0,1.0,0.0,0.0,0.0,0.0274,0.0,0.0,0.0,0.0,0.1754,0.0,0.0
A0019,0.0,0.2,0.0,0.0,0.2,0.2,0.2,0.0,0.2,0.0,0.0,0.0,0.0,0.8,0.0,0.0,0.2,1.0,0.6,0.0,0.4,0.0,0.0,0.0,7.4902,1.1919,9.2487,1.7918,-0.6864,-0.2132,0.0,0.0,0.0,1.0,0.0,0.0,1.0,0.082,0.1,0.0,0.0,0.12,0.2,0.0,0.0
A0416,0.4,0.0,0.0,0.2,0.0,0.0,0.4,0.0,0.0,0.0,0.0,0.0,0.2,0.0,0.0,0.8,0.0,0.0,0.4,0.0,0.0,0.0,0.0,0.0,6.2896,0.5906,7.9739,1.7918,-0.5449,0.4182,0.0,0.0,0.0,1.0,0.0,0.0,0.0,0.0,0.0,0.0,0.0,0.0,0.0,0.0,0.0
A0469,0.0,0.4,0.0,0.0,0.2,0.2,0.0,0.2,0.0,0.0,0.0,0.0,0.0,0.2,0.0,0.0,0.6,0.4,0.0,1.0,0.0,0.0,0.0,0.0,7.2023,1.658,8.0106,1.7918,0.1,-0.8424,0.0,0.0,0.0,1.0,0.0,0.0,0.0,0.065,0.0,0.0,0.0,0.0,0.0,0.0,0.0
A0112,0.4,0.4,0.0,0.0,0.2,0.0,0.0,0.0,0.0,0.0,0.0,0.0,0.2,0.4,0.0,0.0,1.0,0.0,0.0,0.0,0.0,0.0,0.0,0.0,6.9976,0.8373,8.7869,1.7918,-0.3532,-0.2518,0.0,0.0,0.0,0.0,0.0,0.0,0.0,0.0,0.2,0.0,0.0,0.0,0.0466,0.0,0.0
A0084,0.0,0.2,0.2,0.0,0.0,0.2,0.2,0.2,0.0,0.0,0.0,0.0,0.0,0.6,1.0,0.0,0.0,0.4,0.2,0.8,0.0,0.0,0.0,0.0,8.0046,1.1943,9.4337,1.7918,-0.7864,-0.0,0.0,0.0,0.0,2.0,0.0,0.0,0.0,0.1682,0.0,0.0,0.0,0.24,0.0192,0.0,0.0
A0315,0.0,0.0,0.0,0.0,0.0,0.0,0.0,0.25,0.0,0.5,0.0,0.25,0.0,0.0,0.0,0.0,0.0,0.0,0.0,0.5,0.0,0.75,0.0,0.25,9.7463,0.7153,3.9083,1.6094,0.891,0.4397,0.75,1.0,1.0,1.0,0.25,0.4055,3.0,0.5565,1.0,1.0,1.0,0.8,0.6,0.8277,0.625
A0393,0.2,0.0,0.0,0.2,0.2,0.2,0.0,0.0,0.2,0.0,0.0,0.0,1.0,0.0,0.0,0.4,0.2,0.8,0.0,0.0,0.6,0.0,0.0,0.0,7.7121,1.3711,7.9819,1.7918,-0.8424,0.3828,0.0,0.0,0.0,1.0,0.0,0.0,0.0,0.0936,0.0,0.0,0.0,0.12,0.0,0.0,0.0
A0490,0.4,0.2,0.0,0.4,0.0,0.0,0.0,0.0,0.0,0.0,0.0,0.0,0.4,1.0,0.0,0.2,0.0,0.0,0.0,0.0,0.0,0.0,0.0,0.0,5.3544,1.0391,7.9717,1.7918,-0.7492,-0.6078,0.0,0.0,0.0,0.0,0.0,0.0,0.0,0.0,0.0,0.0,0.0,0.04,0.0,0.0,0.0
A0014,0.2,0.2,0.0,0.2,0.0,0.4,0.0,0.0,0.0,0.0,0.0,0.0,0.2,0.8,0.0,1.0,0.0,0.4,0.0,0.0,0.0,0.0,0.0,0.0,6.4034,1.0564,8.361,1.7918,-0.8293,-0.4828,0.0,0.0,0.0,1.0,0.0,0.0,1.0,0.0,0.0,0.0,0.0,0.0,0.2,0.0,0.0
A0095,0.6,0.0,0.0,0.0,0.2,0.2,0.0,0.0,0.0,0.0,0.0,0.0,0.2,0.0,0.0,0.0,0.4,0.6,0.0,0.0,0.0,0.0,0.0,0.0,7.3415,0.3441,8.4337,1.7918,-0.2967,0.4381,0.0,0.0,0.0,1.0,0.0,0.0,1.0,0.0,0.2,0.0,0.0,0.12,0.2,0.0,0.0
A0023,0.0,0.4,0.0,0.0,0.0,0.2,0.0,0.0,0.0,0.2,0.2,0.0,0.0,0.2,0.0,0.0,0.0,1.0,0.0,0.0,0.0,0.6,0.8,0.0,7.7878,1.4963,9.6684,1.7918,-0.2414,-0.6318,0.0,0.0,0.0,1.0,0.0,0.0,0.0,0.0562,0.2,0.0,0.0,0.2,0.04,0.0,0.4
A0177,0.4,0.2,0.0,0.0,0.0,0.2,0.2,0.0,0.0,0.0,0.0,0.0,0.2,0.4,0.0,0.0,0.0,1.0,0.6,0.0,0.0,0.0,0.0,0.0,6.6986,0.9431,8.9067,1.7918,-0.7646,-0.5449,0.0,0.0,0.0,1.0,0.0,0.0,1.0,0.0,0.0,0.0,0.0,0.04,0.2,0.0,0.0
A0284,0.2,0.0,0.4,0.0,0.4,0.0,0.0,0.0,0.0,0.0,0.0,0.0,0.6,0.0,0.4,0.0,0.2,0.0,0.0,0.0,0.0,0.0,0.0,0.0,6.9435,0.5933,8.6006,1.7918,-0.2828,-0.6692,0.0,0.0,0.0,0.0,0.0,0.0,1.0,0.0,0.0,0.0,0.0,0.0,0.2,0.0,0.0
A0066,0.4,0.4,0.2,0.0,0.0,0.0,0.0,0.0,0.0,0.0,0.0,0.0,0.4,0.8,0.2,0.0,0.0,0.0,0.0,0.0,0.0,0.0,0.0,0.0,6.1873,0.6444,8.9018,1.7918,-0.8596,-0.2732,0.0,0.0,0.0,0.0,0.0,0.0,0.0,0.0,0.0,0.0,0.0,0.04,0.0412,0.0,0.0
A0161,0.2,0.0,0.0,0.4,0.0,0.2,0.2,0.0,0.0,0.0,0.0,0.0,1.0,0.0,0.0,0.4,0.0,0.2,0.8,0.0,0.0,0.0,0.0,0.0,7.1013,0.7571,8.388,1.7918,-0.8396,0.3214,0.0,0.0,0.0,1.0,0.0,0.0,1.0,0.0,0.0,0.0,0.0,0.0,0.2,0.0,0.0
A0401,0.4,0.4,0.0,0.0,0.0,0.0,0.0,0.2,0.0,0.0,0.0,0.0,0.4,0.2,0.0,0.0,0.0,0.0,0.0,0.8,0.0,0.0,0.0,0.0,6.8448,1.181,8.0912,1.7918,0.0,-0.8692,0.0,0.0,0.0,1.0,0.0,0.0,0.0,0.0208,0.0,0.0,0.0,0.12,0.011,0.0,0.0
A0235,0.2,0.0,0.0,0.2,0.2,0.2,0.2,0.0,0.0,0.0,0.0,0.0,0.8,0.0,0.0,0.2,0.6,0.4,1.0,0.0,0.0,0.0,0.0,0.0,6.3347,1.0044,8.4656,1.7918,-0.6914,-0.1146,0.0,0.0,0.0,1.0,0.0,0.0,0.0,0.0,0.0,0.0,0.0,0.0,0.0,0.0,0.0
A0478,0.2,0.4,0.0,0.0,0.0,0.0,0.2,0.0,0.2,0.0,0.0,0.0,0.8,0.6,0.0,0.0,0.0,0.0,0.4,0.0,0.2,0.0,0.0,0.0,7.164,1.5293,9.852,1.7918,-0.5629,-0.2614,0.0,0.0,0.0,1.0,0.0,0.0,1.0,0.1156,0.1,0.0,0.0,0.12,0.2,0.0,0.0
A0240,0.4,0.2,0.0,0.2,0.0,0.2,0.0,0.0,0.0,0.0,0.0,0.0,0.2,0.6,0.0,1.0,0.0,0.8,0.0,0.0,0.0,0.0,0.0,0.0,8.0985,0.7024,8.0467,1.7918,-0.7528,-0.0482,0.0,0.0,0.0,1.0,0.0,0.0,1.0,0.0962,0.0,0.0,0.0,0.0,0.2,0.0,0.0
A0388,0.2,0.4,0.0,0.0,0.2,0.0,0.2,0.0,0.0,0.0,0.0,0.0,0.8,0.2,0.0,0.0,1.0,0.0,0.4,0.0,0.0,0.0,0.0,0.0,5.8613,0.8422,8.4244,1.7918,-0.3767,-0.8596,0.0,0.0,0.0,1.0,0.0,0.0,0.0,0.0,0.0,0.0,0.0,0.0,0.0,0.0,0.0
A0239,0.2,0.4,0.0,0.0,0.2,0.2,0.0,0.0,0.0,0.0,0.0,0.0,0.4,0.2,0.0,0.0,1.0,0.6,0.0,0.0,0.0,0.0,0.0,0.0,7.5846,0.8421,8.8861,1.7918,-0.901,0.0414,0.0,0.0,0.0,1.0,0.0,0.0,0.0,0.0088,0.0,0.0,0.0,0.0,0.0,0.0,0.0
A0132,0.2,0.2,0.0,0.2,0.2,0.0,0.0,0.0,0.2,0.0,0.0,0.0,0.8,0.2,0.0,0.4,0.6,0.0,0.0,0.0,1.0,0.0,0.0,0.0,7.2331,1.2387,8.0369,1.7918,-0.7528,0.4346,0.0,0.0,0.0,1.0,0.0,0.0,1.0,0.0416,0.0,0.0,0.0,0.04,0.2,0.0,0.0
A0105,0.0,0.2,0.2,0.4,0.0,0.2,0.0,0.0,0.0,0.0,0.0,0.0,0.0,0.4,1.0,0.2,0.0,0.8,0.0,0.0,0.0,0.0,0.0,0.0,6.9311,1.3683,7.9289,1.7918,-0.6313,0.5278,0.0,0.0,0.0,1.0,0.0,0.0,1.0,0.0484,0.0,0.0,0.0,0.0,0.2,0.0,0.0
A0109,0.4,0.2,0.2,0.2,0.0,0.0,0.0,0.0,0.0,0.0,0.0,0.0,0.2,0.6,0.4,1.0,0.0,0.0,0.0,0.0,0.0,0.0,0.0,0.0,6.2549,0.9077,8.6857,1.7918,-0.6631,0.3828,0.0,0.0,0.0,0.0,0.0,0.0,1.0,0.0,0.0,0.0,0.0,0.0,0.2,0.0,0.0
A0201,0.0,0.0,0.0,0.0,0.0,0.0,0.8889,0.1111,0.0,0.0,0.0,0.0,0.0,0.0,0.0,0.0,0.0,0.0,0.2222,0.1111,0.0,0.0,0.0,0.0,2.628,2.8733,3.0742,2.3026,-0.5,-0.866,0.0,0.0,1.0,1.0,0.0,0.0,8.0,0.1111,0.0,1.0,0.0,0.0667,1.0,0.0,0.0
A0535,0.0,0.2,0.2,0.0,0.2,0.0,0.0,0.0,0.2,0.0,0.0,0.2,0.0,0.6,0.8,0.0,0.2,0.0,0.0,0.0,1.0,0.0,0.0,0.4,8.8732,1.5724,5.8713,1.7918,-0.8224,-0.3346,0.0,0.0,0.0,1.0,0.0,0.7885,1.0,0.0,0.0,0.0,0.0,0.04,0.2,0.3942,0.1
A0468,0.2,0.2,0.0,0.0,0.2,0.2,0.2,0.0,0.0,0.0,0.0,0.0,0.6,0.2,0.0,0.0,0.4,1.0,0.8,0.0,0.0,0.0,0.0,0.0,6.363,1.1804,9.8494,1.7918,-0.7878,-0.1682,0.0,0.0,0.0,1.0,0.0,0.0,1.0,0.0332,0.0,0.0,0.0,0.04,0.2,0.0,0.0
A0183,0.4,0.4,0.0,0.2,0.0,0.0,0.0,0.0,0.0,0.0,0.0,0.0,0.4,0.2,0.0,0.8,0.0,0.0,0.0,0.0,0.0,0.0,0.0,0.0,5.8975,0.859,9.2201,1.7918,0.1932,-0.8381,0.0,0.0,0.0,0.0,0.0,0.0,0.0,0.0,0.0,0.0,0.0,0.0,0.0,0.0,0.0
A0153,0.4,0.0,0.2,0.0,0.2,0.2,0.0,0.0,0.0,0.0,0.0,0.0,0.8,0.0,0.2,0.0,0.6,0.4,0.0,0.0,0.0,0.0,0.0,0.0,7.723,0.7592,7.9411,1.7918,-0.7113,0.4664,0.0,0.0,0.0,1.0,0.0,0.0,0.0,0.0204,0.0,0.0,0.0,0.0,0.0,0.0,0.0
A0434,0.0,0.4,0.2,0.2,0.0,0.2,0.0,0.0,0.0,0.0,0.0,0.0,0.0,0.4,0.8,0.2,0.0,1.0,0.0,0.0,0.0,0.0,0.0,0.0,6.6743,1.1628,8.4202,1.7918,-0.2932,-0.8542,0.0,0.0,0.0,1.0,0.0,0.0,1.0,0.0452,0.0,0.0,0.0,0.04,0.2,0.0,0.0
A0425,0.6,0.0,0.0,0.0,0.0,0.4,0.0,0.0,0.0,0.0,0.0,0.0,0.6,0.0,0.0,0.0,0.0,0.2,0.0,0.0,0.0,0.0,0.0,0.0,6.5871,1.0311,9.2194,1.7918,-0.5796,0.721,0.0,0.0,0.0,1.0,0.0,0.0,1.0,0.0118,0.0,0.0,0.0,0.0,0.2,0.0,0.0
A0482,0.8,0.0,0.0,0.0,0.0,0.2,0.0,0.0,0.0,0.0,0.0,0.0,0.2,0.0,0.0,0.0,0.0,0.8,0.0,0.0,0.0,0.0,0.0,0.0,6.8209,0.8399,9.3497,1.7918,-0.9659,0.1553,0.0,0.0,0.0,1.0,0.0,0.0,0.0,0.0,0.0,0.0,0.0,0.04,0.04,0.0,0.0
A0419,0.2,0.0,0.2,0.0,0.0,0.0,0.6,0.0,0.0,0.0,0.0,0.0,0.8,0.0,0.2,0.0,0.0,0.0,0.4,0.0,0.0,0.0,0.0,0.0,7.2381,0.6179,8.6261,1.7918,-0.4629,-0.581,0.0,0.0,0.0,1.0,0.0,0.0,1.0,0.0,0.0,0.0,0.0,0.0,0.2,0.0,0.0
A0498,0.4,0.2,0.2,0.0,0.0,0.0,0.2,0.0,0.0,0.0,0.0,0.0,0.2,1.0,0.4,0.0,0.0,0.0,0.8,0.0,0.0,0.0,0.0,0.0,7.3148,0.7633,8.4154,1.7918,-0.776,-0.225,0.0,0.0,0.0,1.0,0.0,0.0,0.0,0.0,0.1,0.0,0.0,0.0,0.0,0.0,0.0
A0093,0.2,0.2,0.2,0.0,0.2,0.2,0.0,0.0,0.0,0.0,0.0,0.0,0.6,0.8,0.2,0.0,0.4,1.0,0.0,0.0,0.0,0.0,0.0,0.0,7.1254,0.7774,9.2417,1.7918,-0.2932,-0.8542,0.0,0.0,0.0,1.0,0.0,0.0,0.0,0.0362,0.0,0.0,0.0,0.0,0.0,0.0,0.0
A0078,0.6,0.0,0.0,0.0,0.0,0.4,0.0,0.0,0.0,0.0,0.0,0.0,0.2,0.0,0.0,0.0,0.0,0.6,0.0,0.0,0.0,0.0,0.0,0.0,7.9894,0.4946,8.8849,1.7918,-0.8224,0.0311,0.0,0.0,0.0,1.0,0.0,0.0,1.0,0.0582,0.0,0.0,0.0,0.0,0.2,0.0,0.0
A0029,0.2,0.0,0.2,0.2,0.0,0.2,0.2,0.0,0.0,0.0,0.0,0.0,0.6,0.0,0.2,0.4,0.0,0.8,1.0,0.0,0.0,0.0,0.0,0.0,6.6789,0.6635,8.7163,1.7918,-0.781,-0.2629,0.0,0.0,0.0,1.0,0.0,0.0,0.0,0.0,0.0,0.0,0.0,0.04,0.0056,0.0,0.0
A0254,0.0,0.0,0.0,0.0,0.0,0.0,0.0,0.0,0.0,0.0,0.0,1.0,0.0,0.0,0.0,0.0,0.0,0.0,0.0,0.0,0.0,0.0,0.0,0.2,10.7708,0.0362,7.45,1.7918,-0.0828,-0.3464,0.0,0.0,0.0,1.0,0.0,0.6931,1.0,0.5322,0.4,0.0,0.0,0.48,0.2,0.3466,0.5
A0464,0.4,0.0,0.0,0.0,0.2,0.2,0.0,0.0,0.2,0.0,0.0,0.0,0.2,0.0,0.0,0.0,1.0,0.8,0.0,0.0,0.6,0.0,0.0,0.0,7.179,1.1966,9.1088,1.7918,-0.4932,-0.425,0.0,0.0,0.0,1.0,0.0,0.0,1.0,0.0132,0.0,0.0,0.0,0.0,0.2,0.0,0.0
A0222,0.0,0.0,0.0,0.0,0.0,1.0,0.0,0.0,0.0,0.0,0.0,0.0,0.0,0.0,0.0,0.0,0.0,0.3333,0.0,0.0,0.0,0.0,0.0,0.0,9.882,0.2091,8.659,1.3863,-0.3392,0.9326,0.0,0.0,0.0,1.0,0.0,0.0,1.0,0.6273,0.0,0.0,0.0,0.0667,0.2,0.5,0.0
A0463,0.0,0.4,0.0,0.0,0.0,0.2,0.4,0.0,0.0,0.0,0.0,0.0,0.0,0.4,0.0,0.0,0.0,0.2,0.6,0.0,0.0,0.0,0.0,0.0,6.3304,0.2037,8.3633,1.7918,-0.7492,0.0214,0.0,0.0,0.0,2.0,0.0,0.0,0.0,0.0,0.0,0.0,0.0,0.0,0.0,0.0,0.0
A0007,0.4,0.2,0.2,0.2,0.0,0.0,0.0,0.0,0.0,0.0,0.0,0.0,0.2,0.8,0.4,1.0,0.0,0.0,0.0,0.0,0.0,0.0,0.0,0.0,6.3151,0.6791,8.0458,1.7918,-0.7727,-0.4899,0.0,0.0,0.0,0.0,0.0,0.0,1.0,0.0,0.0,0.0,0.0,0.0,0.2,0.0,0.0
A0362,0.0,0.2,0.2,0.2,0.0,0.0,0.2,0.2,0.0,0.0,0.0,0.0,0.0,0.2,0.6,0.8,0.0,0.0,0.4,1.0,0.0,0.0,0.0,0.0,6.6094,1.152,7.991,1.7918,0.1414,-0.9278,0.0,0.0,0.0,1.0,0.0,0.0,1.0,0.0186,0.0,0.0,0.0,0.16,0.2,0.0,0.0
A0135,0.4,0.2,0.2,0.0,0.0,0.0,0.2,0.0,0.0,0.0,0.0,0.0,0.4,0.2,1.0,0.0,0.0,0.0,0.8,0.0,0.0,0.0,0.0,0.0,7.0739,0.686,9.8461,1.7918,-0.6492,-0.5311,0.0,0.0,0.0,1.0,0.0,0.0,0.0,0.0,0.0,0.0,0.0,0.08,0.0,0.0,0.0
A0413,0.4,0.4,0.0,0.0,0.0,0.2,0.0,0.0,0.0,0.0,0.0,0.0,0.6,0.2,0.0,0.0,0.0,0.8,0.0,0.0,0.0,0.0,0.0,0.0,6.3196,1.249,8.0748,1.7918,-0.856,-0.1,0.0,0.0,0.0,1.0,0.0,0.0,1.0,0.0726,0.0,0.0,0.0,0.0,0.2,0.0,0.0
A0126,0.0,0.8,0.2,0.0,0.0,0.0,0.0,0.0,0.0,0.0,0.0,0.0,0.0,0.2,0.8,0.0,0.0,0.0,0.0,0.0,0.0,0.0,0.0,0.0,6.5459,0.99,8.8865,1.7918,-0.7449,-0.3146,0.0,0.0,0.0,0.0,0.0,0.0,3.0,0.0,0.0,0.0,0.0,0.0,0.6,0.0,0.0
A0418,0.0,0.6,0.0,0.0,0.2,0.2,0.0,0.0,0.0,0.0,0.0,0.0,0.0,0.6,0.0,0.0,0.2,0.4,0.0,0.0,0.0,0.0,0.0,0.0,6.7014,0.7727,7.9187,1.7918,-0.7596,-0.3828,0.0,0.0,0.0,1.0,0.0,0.0,0.0,0.0,0.0,0.0,0.0,0.04,0.0398,0.0,0.0
A0273,0.0,0.0,0.4,0.0,0.0,0.4,0.2,0.0,0.0,0.0,0.0,0.0,0.0,0.0,0.2,0.0,0.0,0.6,1.0,0.0,0.0,0.0,0.0,0.0,7.4196,1.3143,8.4576,1.7918,-0.5346,-0.6361,0.0,0.0,0.0,1.0,0.0,0.0,1.0,0.06,0.0,0.0,0.0,0.0,0.2,0.0,0.0
A0234,0.4,0.2,0.2,0.0,0.0,0.2,0.0,0.0,0.0,0.0,0.0,0.0,0.6,0.4,1.0,0.0,0.0,0.2,0.0,0.0,0.0,0.0,0.0,0.0,7.3217,0.7868,8.0722,1.7918,-0.4396,-0.5078,0.0,0.0,0.0,1.0,0.0,0.0,1.0,0.0,0.1,0.0,0.0,0.0,0.2,0.0,0.0
A0459,0.6,0.2,0.0,0.0,0.0,0.2,0.0,0.0,0.0,0.0,0.0,0.0,0.2,0.4,0.0,0.0,0.0,0.8,0.0,0.0,0.0,0.0,0.0,0.0,6.5955,0.8169,8.6347,1.7918,-0.7278,0.1414,0.0,0.0,0.0,1.0,0.0,0.0,0.0,0.0,0.0,0.0,0.0,0.0,0.0854,0.0,0.0
A0328,0.0,0.0,0.0,0.0,0.4,0.4,0.2,0.0,0.0,0.0,0.0,0.0,0.0,0.0,0.0,0.0,0.6,0.2,0.4,0.0,0.0,0.0,0.0,0.0,6.7853,1.2071,8.3929,1.7918,-0.7396,0.2518,0.0,0.0,0.0,2.0,0.0,0.0,0.0,0.0382,0.0,0.0,0.0,0.04,0.0058,0.0,0.0
A0285,0.4,0.2,0.0,0.0,0.0,0.4,0.0,0.0,0.0,0.0,0.0,0.0,0.6,0.2,0.0,0.0,0.0,0.4,0.0,0.0,0.0,0.0,0.0,0.0,6.9876,0.2267,8.9056,1.7918,0.8492,-0.4346,0.0,0.0,0.0,1.0,0.0,0.0,1.0,0.0,0.0,0.0,0.0,0.0,0.2,0.0,0.0
A0341,0.6,0.0,0.0,0.0,0.0,0.2,0.0,0.2,0.0,0.0,0.0,0.0,0.2,0.0,0.0,0.0,0.0,0.8,0.0,0.4,0.0,0.0,0.0,0.0,7.9749,1.8857,9.0652,1.7918,-0.4967,-0.7845,0.0,0.0,0.0,1.0,0.0,0.0,0.0,0.2,0.0,0.0,0.0,0.12,0.0436,0.0,0.0
A0038,0.2,0.4,0.0,0.0,0.0,0.0,0.2,0.0,0.2,0.0,0.0,0.0,0.2,0.4,0.0,0.0,0.0,0.0,1.0,0.0,0.8,0.0,0.0,0.0,7.045,1.2844,8.354,1.7918,-0.5864,0.7328,0.0,0.0,0.0,1.0,0.0,0.0,2.0,0.0014,0.0,0.0,0.0,0.04,0.4,0.0,0.0
A0509,0.4,0.2,0.2,0.0,0.0,0.2,0.0,0.0,0.0,0.0,0.0,0.0,0.4,0.6,0.8,0.0,0.0,0.2,0.0,0.0,0.0,0.0,0.0,0.0,6.5095,1.0653,8.7447,1.7918,-0.4828,-0.4828,0.0,0.0,0.0,1.0,0.0,0.0,1.0,0.0,0.0,0.0,0.0,0.0,0.2,0.0,0.0
A0005,0.2,0.2,0.0,0.0,0.2,0.0,0.2,0.0,0.2,0.0,0.0,0.0,0.8,0.6,0.0,0.0,0.4,0.0,1.0,0.0,0.2,0.0,0.0,0.0,7.023,0.5299,7.5369,1.7918,-0.6982,0.3664,0.0,0.0,0.0,1.0,0.0,0.0,0.0,0.0,0.0,0.0,0.0,0.08,0.022,0.0,0.0
A0502,0.4,0.0,0.2,0.2,0.0,0.0,0.0,0.2,0.0,0.0,0.0,0.0,0.2,0.0,0.6,1.0,0.0,0.0,0.0,0.4,0.0,0.0,0.0,0.0,7.6807,0.331,8.6608,1.7918,-0.6932,-0.425,0.0,0.0,0.0,1.0,0.0,0.0,0.0,0.0,0.0,0.0,0.0,0.0,0.0,0.0,0.0
A0450,0.2,0.6,0.0,0.0,0.0,0.0,0.2,0.0,0.0,0.0,0.0,0.0,0.2,0.4,0.0,0.0,0.0,0.0,0.8,0.0,0.0,0.0,0.0,0.0,4.9418,0.6433,8.8922,1.7918,-0.801,0.5182,0.0,0.0,0.0,1.0,0.0,0.0,0.0,0.0,0.0,0.0,0.0,0.04,0.0,0.0,0.0
A0534,0.4,0.2,0.0,0.2,0.0,0.0,0.2,0.0,0.0,0.0,0.0,0.0,0.6,0.4,0.0,0.2,0.0,0.0,0.8,0.0,0.0,0.0,0.0,0.0,6.9078,0.8978,5.6667,1.7918,-0.6449,0.5914,0.0,0.0,0.0,1.0,0.0,0.0,1.0,0.0,0.0,0.0,0.0,0.0,0.2,0.0,0.0
A0045,0.4,0.0,0.2,0.2,0.0,0.0,0.2,0.0,0.0,0.0,0.0,0.0,0.8,0.0,0.6,0.2,0.0,0.0,0.4,0.0,0.0,0.0,0.0,0.0,6.2293,0.7046,7.9889,1.7918,-0.0414,-0.901,0.0,0.0,0.0,1.0,0.0,0.0,0.0,0.0,0.0,0.0,0.0,0.0,0.0,0.0,0.0
A0039,0.0,0.2,0.2,0.0,0.4,0.2,0.0,0.0,0.0,0.0,0.0,0.0,0.0,0.6,0.4,0.0,0.2,0.8,0.0,0.0,0.0,0.0,0.0,0.0,7.4231,1.1729,7.8498,1.7918,-0.5767,0.4596,0.0,0.0,0.0,1.0,0.0,0.0,1.0,0.0,0.0,0.0,0.0,0.0,0.2,0.0,0.0
A0274,0.4,0.0,0.0,0.0,0.4,0.0,0.2,0.0,0.0,0.0,0.0,0.0,0.6,0.0,0.0,0.0,0.2,0.0,0.4,0.0,0.0,0.0,0.0,0.0,7.3694,0.8848,8.1022,1.7918,-0.5182,-0.5182,0.0,0.0,0.0,1.0,0.0,0.0,0.0,0.0,0.0,0.0,0.0,0.0,0.0,0.0,0.0
A0114,0.4,0.2,0.2,0.0,0.0,0.2,0.0,0.0,0.0,0.0,0.0,0.0,0.2,0.4,0.6,0.0,0.0,0.8,0.0,0.0,0.0,0.0,0.0,0.0,7.1407,0.5894,8.6096,1.7918,-0.6346,0.6093,0.0,0.0,0.0,1.0,0.0,0.0,1.0,0.0,0.0,0.0,0.0,0.0,0.2,0.0,0.0
A0386,0.2,0.0,0.0,0.0,0.0,0.6,0.2,0.0,0.0,0.0,0.0,0.0,1.0,0.0,0.0,0.0,0.0,0.2,0.6,0.0,0.0,0.0,0.0,0.0,7.332,1.1825,9.0407,1.7918,-0.8128,0.4214,0.0,0.0,0.0,1.0,0.0,0.0,0.0,0.0,0.0,0.0,0.0,0.04,0.0,0.0,0.0
A0307,0.2,0.2,0.0,0.0,0.2,0.4,0.0,0.0,0.0,0.0,0.0,0.0,1.0,0.8,0.0,0.0,0.4,0.2,0.0,0.0,0.0,0.0,0.0,0.0,6.5443,1.2477,9.1887,1.7918,-0.861,0.1586,0.0,0.0,0.0,1.0,0.0,0.0,0.0,0.0334,0.0,0.0,0.0,0.0,0.0268,0.0,0.0
A0217,0.6,0.0,0.0,0.0,0.0,0.2,0.0,0.2,0.0,0.0,0.0,0.0,0.4,0.0,0.0,0.0,0.0,0.2,0.0,1.0,0.0,0.0,0.0,0.0,6.9211,2.3043,7.9897,1.7918,-0.8664,-0.325,0.0,0.0,0.0,1.0,0.0,0.0,1.0,0.2,0.0,0.0,0.0,0.04,0.2,0.0,0.0
A0211,0.0,0.0,0.2,0.0,0.0,0.4,0.4,0.0,0.0,0.0,0.0,0.0,0.0,0.0,1.0,0.0,0.0,0.2,0.4,0.0,0.0,0.0,0.0,0.0,7.0584,0.9791,8.4175,1.7918,-0.656,-0.5828,0.0,0.0,0.0,1.0,0.0,0.0,1.0,0.0,0.0,0.0,0.0,0.0,0.2,0.0,0.0
A0181,0.8,0.0,0.2,0.0,0.0,0.0,0.0,0.0,0.0,0.0,0.0,0.0,0.2,0.0,0.4,0.0,0.0,0.0,0.0,0.0,0.0,0.0,0.0,0.0,6.5066,0.6493,8.3973,1.7918,-0.3449,0.4182,0.0,0.0,0.0,0.0,0.0,0.0,1.0,0.0,0.2,0.0,0.0,0.0,0.2,0.0,0.0
A0377,1.0,0.0,0.0,0.0,0.0,0.0,0.0,0.0,0.0,0.0,0.0,0.0,0.2,0.0,0.0,0.0,0.0,0.0,0.0,0.0,0.0,0.0,0.0,0.0,6.4733,0.4466,8.8492,1.7918,-0.3381,-0.6492,0.0,0.0,0.0,0.0,0.0,0.0,0.0,0.0,0.0,0.0,0.0,0.0,0.0486,0.0,0.0
A0192,0.2,0.2,0.4,0.0,0.0,0.0,0.2,0.0,0.0,0.0,0.0,0.0,0.4,0.8,0.6,0.0,0.0,0.0,0.2,0.0,0.0,0.0,0.0,0.0,7.481,0.7224,7.412,1.7918,-0.8078,-0.4664,0.0,0.0,0.0,1.0,0.0,0.0,1.0,0.0,0.0,0.0,0.0,0.0,0.2,0.0,0.0
A0280,0.6,0.0,0.0,0.0,0.0,0.2,0.2,0.0,0.0,0.0,0.0,0.0,0.2,0.0,0.0,0.0,0.0,0.4,1.0,0.0,0.0,0.0,0.0,0.0,6.1762,0.3469,8.4328,1.7918,-0.2518,-0.7396,0.0,0.0,0.0,1.0,0.0,0.0,0.0,0.0,0.0,0.0,0.0,0.0,0.0014,0.0,0.0
A0261,0.0,0.4,0.0,0.0,0.0,0.4,0.2,0.0,0.0,0.0,0.0,0.0,0.0,0.6,0.0,0.0,0.0,0.2,0.4,0.0,0.0,0.0,0.0,0.0,6.1002,1.3834,9.2025,1.7918,-0.6629,0.0482,0.0,0.0,0.0,1.0,0.0,0.0,0.0,0.0118,0.0,0.0,0.0,0.0,0.0,0.0,0.0
A0281,0.2,0.2,0.2,0.0,0.0,0.2,0.2,0.0,0.0,0.0,0.0,0.0,1.0,0.6,0.8,0.0,0.0,0.4,0.2,0.0,0.0,0.0,0.0,0.0,7.0361,0.8707,8.0286,1.7918,-0.9664,0.0482,0.0,0.0,0.0,1.0,0.0,0.0,2.0,0.0,0.0,0.0,0.0,0.0,0.4,0.0,0.0
A0379,0.0,0.2,0.0,0.2,0.0,0.6,0.0,0.0,0.0,0.0,0.0,0.0,0.0,0.6,0.0,0.4,0.0,0.2,0.0,0.0,0.0,0.0,0.0,0.0,6.9486,1.2137,7.3522,1.7918,-0.825,0.2932,0.0,0.0,0.0,1.0,0.0,0.0,1.0,0.0,0.0,0.0,0.0,0.0,0.2,0.0,0.0
A0025,0.0,0.4,0.2,0.0,0.0,0.4,0.0,0.0,0.0,0.0,0.0,0.0,0.0,0.4,0.2,0.0,0.0,0.6,0.0,0.0,0.0,0.0,0.0,0.0,6.6268,1.2659,8.442,1.7918,-0.6492,-0.5381,0.0,0.0,0.0,1.0,0.0,0.0,1.0,0.0446,0.0,0.0,0.0,0.0,0.2,0.0,0.0
A0517,0.4,0.2,0.2,0.0,0.0,0.2,0.0,0.0,0.0,0.0,0.0,0.0,0.6,0.4,1.0,0.0,0.0,0.2,0.0,0.0,0.0,0.0,0.0,0.0,7.256,0.906,7.3737,1.7918,-0.9078,0.1897,0.0,0.0,0.0,1.0,0.0,0.0,2.0,0.0,0.0,0.0,0.0,0.0,0.4,0.0,0.0
A0270,0.0,0.0,0.0,0.0,0.0,0.0,0.0,0.0,0.0,0.0,0.0,1.0,0.0,0.0,0.0,0.0,0.0,0.0,0.0,0.0,0.0,0.0,0.0,1.0,9.9958,0.0,0.0,0.6931,-0.9659,0.2588,0.0,0.0,0.0,1.0,0.0,2.5649,0.0,0.964,0.0,0.0,0.0,0.6,0.0,1.0,0.5
A0258,0.2,0.0,0.0,0.0,0.0,0.8,0.0,0.0,0.0,0.0,0.0,0.0,0.2,0.0,0.0,0.0,0.0,0.4,0.0,0.0,0.0,0.0,0.0,0.0,7.8164,0.7362,9.48,1.7918,-0.8078,-0.3629,0.0,0.0,0.0,2.0,0.0,0.0,0.0,0.063,0.0,0.0,0.0,0.04,0.0488,0.0,0.0
A0332,0.6,0.2,0.0,0.0,0.0,0.2,0.0,0.0,0.0,0.0,0.0,0.0,0.4,1.0,0.0,0.0,0.0,0.2,0.0,0.0,0.0,0.0,0.0,0.0,7.7189,1.0281,9.9732,1.7918,-0.5078,-0.3967,0.0,0.2,0.0,1.0,0.0,0.0,0.0,0.015,0.0,0.0,0.0,0.08,0.1736,0.0,0.0
A0330,0.4,0.2,0.0,0.0,0.0,0.2,0.2,0.0,0.0,0.0,0.0,0.0,0.2,1.0,0.0,0.0,0.0,0.4,0.8,0.0,0.0,0.0,0.0,0.0,6.9694,1.3578,9.0038,1.7918,-0.0132,0.0035,0.0,0.0,0.0,1.0,0.0,0.0,1.0,0.0536,0.3,0.0,0.0,0.08,0.2,0.0,0.0
A0556,0.1667,0.0,0.0,0.0,0.0,0.0,0.0,0.1667,0.1667,0.1667,0.1667,0.1667,1.0,0.0,0.0,0.0,0.0,0.0,0.0,0.5,0.8333,0.6667,0.3333,0.1667,8.5885,1.1351,10.8465,1.9459,-0.0,-0.5774,0.0,0.0,0.1667,2.0,0.1667,0.9163,3.0,0.3048,0.6667,0.1667,0.0,0.6667,0.6,1.0,0.4167
A0256,0.0,0.6,0.2,0.0,0.0,0.2,0.0,0.0,0.0,0.0,0.0,0.0,0.0,0.2,1.0,0.0,0.0,0.6,0.0,0.0,0.0,0.0,0.0,0.0,6.9387,0.9506,7.9565,1.7918,-0.6113,0.2932,0.0,0.0,0.0,1.0,0.0,0.0,0.0,0.0,0.0,0.0,0.0,0.0,0.0,0.0,0.0
A0397,0.2,0.2,0.0,0.0,0.0,0.4,0.2,0.0,0.0,0.0,0.0,0.0,0.8,0.4,0.0,0.0,0.0,0.6,0.2,0.0,0.0,0.0,0.0,0.0,6.0796,0.8948,9.4653,1.7918,-0.5381,0.7528,0.0,0.0,0.0,1.0,0.0,0.0,0.0,0.0,0.0,0.0,0.0,0.0,0.0706,0.0,0.0
A0191,0.2,0.4,0.4,0.0,0.0,0.0,0.0,0.0,0.0,0.0,0.0,0.0,0.6,0.2,0.4,0.0,0.0,0.0,0.0,0.0,0.0,0.0,0.0,0.0,6.1517,0.7027,8.9041,1.7918,-0.8078,0.2664,0.0,0.0,0.0,0.0,0.0,0.0,0.0,0.0,0.0,0.0,0.0,0.0,0.0,0.0,0.0
A0383,0.2,0.2,0.0,0.0,0.0,0.4,0.2,0.0,0.0,0.0,0.0,0.0,1.0,0.6,0.0,0.0,0.0,0.2,0.4,0.0,0.0,0.0,0.0,0.0,6.7155,0.9145,8.0566,1.7918,-0.6864,0.5596,0.0,0.0,0.0,1.0,0.0,0.0,0.0,0.0,0.0,0.0,0.0,0.0,0.0,0.0,0.0
A0474,0.6,0.0,0.2,0.0,0.0,0.2,0.0,0.0,0.0,0.0,0.0,0.0,0.2,0.0,0.8,0.0,0.0,1.0,0.0,0.0,0.0,0.0,0.0,0.0,6.3508,0.9746,8.0574,1.7918,-0.6449,-0.1414,0.0,0.0,0.0,1.0,0.0,0.0,0.0,0.0,0.0,0.0,0.0,0.0,0.0,0.0,0.0
A0302,0.6,0.0,0.0,0.0,0.0,0.4,0.0,0.0,0.0,0.0,0.0,0.0,0.2,0.0,0.0,0.0,0.0,0.4,0.0,0.0,0.0,0.0,0.0,0.0,6.0092,0.7557,8.8464,1.7918,-0.6699,-0.1518,0.0,0.0,0.0,1.0,0.0,0.0,0.0,0.0,0.0,0.0,0.0,0.0,0.0,0.0,0.0
A0317,0.2,0.0,0.0,0.0,0.4,0.0,0.4,0.0,0.0,0.0,0.0,0.0,0.2,0.0,0.0,0.0,0.4,0.0,0.6,0.0,0.0,0.0,0.0,0.0,7.122,1.1676,7.4178,1.7918,-0.6932,-0.5078,0.0,0.0,0.0,1.0,0.0,0.0,0.0,0.0028,0.0,0.0,0.0,0.24,0.0942,0.0,0.0
A0485,0.2,0.2,0.0,0.2,0.0,0.2,0.2,0.0,0.0,0.0,0.0,0.0,1.0,0.6,0.0,0.8,0.0,0.4,0.2,0.0,0.0,0.0,0.0,0.0,6.7494,0.9055,7.9139,1.7918,-0.7278,0.1414,0.0,0.0,0.0,1.0,0.0,0.0,0.0,0.0,0.0,0.0,0.0,0.0,0.0,0.0,0.0
A0441,0.0,0.2,0.0,0.0,0.2,0.4,0.2,0.0,0.0,0.0,0.0,0.0,0.0,0.4,0.0,0.0,0.2,0.8,0.6,0.0,0.0,0.0,0.0,0.0,6.5975,1.005,8.6005,1.7918,-0.7907,-0.2932,0.0,0.0,0.0,1.0,0.0,0.0,0.0,0.0,0.0,0.0,0.0,0.0,0.0,0.0,0.0
A0279,0.2,0.2,0.0,0.0,0.0,0.2,0.4,0.0,0.0,0.0,0.0,0.0,0.8,0.4,0.0,0.0,0.0,0.6,0.2,0.0,0.0,0.0,0.0,0.0,6.218,1.2787,8.4532,1.7918,-0.8396,0.225,0.0,0.0,0.0,1.0,0.0,0.0,0.0,0.0,0.0,0.0,0.0,0.0,0.0,0.0,0.0
A0483,0.4,0.2,0.0,0.2,0.0,0.2,0.0,0.0,0.0,0.0,0.0,0.0,0.2,0.4,0.0,1.0,0.0,0.6,0.0,0.0,0.0,0.0,0.0,0.0,7.1221,0.7705,8.3181,1.7918,-0.6914,0.2717,0.0,0.0,0.0,1.0,0.0,0.0,1.0,0.0,0.0,0.0,0.0,0.0,0.2,0.0,0.0
A0396,0.6,0.0,0.0,0.0,0.2,0.2,0.0,0.0,0.0,0.0,0.0,0.0,0.2,0.0,0.0,0.0,0.6,1.0,0.0,0.0,0.0,0.0,0.0,0.0,7.6488,0.5854,8.3676,1.7918,-0.9328,-0.2,0.0,0.0,0.0,1.0,0.0,0.0,1.0,0.0,0.0,0.0,0.0,0.0,0.2,0.0,0.0
A0275,0.0,0.6,0.0,0.0,0.0,0.4,0.0,0.0,0.0,0.0,0.0,0.0,0.0,0.2,0.0,0.0,0.0,0.8,0.0,0.0,0.0,0.0,0.0,0.0,6.9346,0.8902,8.364,1.7918,-0.4932,0.8542,0.0,0.0,0.0,2.0,0.0,0.0,1.0,0.0,0.0,0.0,0.0,0.0,0.2,0.0,0.0
A0055,0.0,0.6,0.2,0.0,0.0,0.2,0.0,0.0,0.0,0.0,0.0,0.0,0.0,0.2,0.8,0.0,0.0,0.6,0.0,0.0,0.0,0.0,0.0,0.0,7.8846,0.1176,7.9869,1.7918,-0.6664,-0.6078,0.0,0.0,0.0,1.0,0.0,0.0,0.0,0.0,0.0,0.0,0.0,0.04,0.0428,0.0,0.0
A0260,0.0,0.2,0.0,0.2,0.0,0.0,0.4,0.2,0.0,0.0,0.0,0.0,0.0,1.0,0.0,0.2,0.0,0.0,0.4,0.8,0.0,0.0,0.0,0.0,6.9568,1.564,7.9613,1.7918,-0.6492,0.4346,0.0,0.0,0.0,1.0,0.0,0.0,1.0,0.0416,0.0,0.0,0.0,0.08,0.2,0.0,0.0
A0127,0.2,0.6,0.0,0.0,0.0,0.0,0.0,0.0,0.0,0.0,0.2,0.0,0.2,0.6,0.0,0.0,0.0,0.0,0.0,0.0,0.0,0.0,0.4,0.0,7.0371,1.0033,8.6998,1.7918,-0.6692,0.3864,0.0,0.0,0.0,1.0,0.0,0.0,1.0,0.0536,0.0,0.0,0.0,0.2,0.2,0.0,0.2
A0359,0.2,0.4,0.0,0.0,0.0,0.4,0.0,0.0,0.0,0.0,0.0,0.0,0.8,0.2,0.0,0.0,0.0,0.6,0.0,0.0,0.0,0.0,0.0,0.0,6.27,1.1682,9.1726,1.7918,-0.6278,0.3546,0.0,0.0,0.0,1.0,0.0,0.0,0.0,0.0,0.0,0.0,0.0,0.0,0.0076,0.0,0.0
A0352,0.0,0.2,0.0,0.0,0.2,0.4,0.2,0.0,0.0,0.0,0.0,0.0,0.0,0.8,0.0,0.0,0.2,0.4,0.6,0.0,0.0,0.0,0.0,0.0,6.5489,1.1055,9.6652,1.7918,-0.6293,-0.2828,0.0,0.0,0.0,1.0,0.0,0.0,0.0,0.0354,0.0,0.0,0.0,0.04,0.0278,0.0,0.0
A0009,0.2,0.0,0.2,0.0,0.2,0.2,0.2,0.0,0.0,0.0,0.0,0.0,1.0,0.0,0.6,0.0,0.2,0.8,0.4,0.0,0.0,0.0,0.0,0.0,6.4709,0.3131,9.8931,1.7918,-0.6699,0.2346,0.0,0.0,0.0,1.0,0.0,0.0,0.0,0.0,0.0,0.0,0.0,0.08,0.0004,0.0,0.0
A0357,0.2,0.0,0.0,0.2,0.4,0.2,0.0,0.0,0.0,0.0,0.0,0.0,0.8,0.0,0.0,0.4,0.2,0.6,0.0,0.0,0.0,0.0,0.0,0.0,5.9903,0.8418,8.8174,1.7918,-0.3732,-0.4864,0.0,0.0,0.0,1.0,0.0,0.0,0.0,0.0,0.1,0.0,0.0,0.0,0.0,0.0,0.0
A0092,0.2,0.0,0.0,0.0,0.2,0.4,0.0,0.2,0.0,0.0,0.0,0.0,0.6,0.0,0.0,0.0,0.4,0.2,0.0,1.0,0.0,0.0,0.0,0.0,7.1801,1.014,10.1279,1.7918,-0.5864,0.3864,0.0,0.0,0.0,1.0,0.0,0.0,0.0,0.0,0.0,0.0,0.0,0.16,0.0,0.0,0.0
A0337,0.0,0.4,0.0,0.4,0.0,0.0,0.0,0.2,0.0,0.0,0.0,0.0,0.0,0.2,0.0,0.6,0.0,0.0,0.0,1.0,0.0,0.0,0.0,0.0,6.0976,0.9643,8.0408,1.7918,-0.6518,0.5396,0.0,0.0,0.0,1.0,0.0,0.0,0.0,0.0,0.0,0.0,0.0,0.12,0.1152,0.0,0.0
A0173,0.4,0.4,0.0,0.0,0.2,0.0,0.0,0.0,0.0,0.0,0.0,0.0,0.4,0.8,0.0,0.0,0.2,0.0,0.0,0.0,0.0,0.0,0.0,0.0,6.8166,0.8358,8.0605,1.7918,-0.8078,-0.4664,0.0,0.0,0.0,0.0,0.0,0.0,1.0,0.0,0.0,0.0,0.0,0.0,0.2,0.0,0.0
A0473,0.0,0.2,0.0,0.0,0.0,0.4,0.0,0.0,0.4,0.0,0.0,0.0,0.0,0.6,0.0,0.0,0.0,0.4,0.0,0.0,0.2,0.0,0.0,0.0,7.6194,0.9727,8.0715,1.7918,-0.8113,-0.0103,0.0,0.0,0.0,1.0,0.0,0.0,1.0,0.0,0.0,0.0,0.0,0.04,0.2,0.0,0.0
A0253,0.0,0.2,0.0,0.4,0.0,0.2,0.2,0.0,0.0,0.0,0.0,0.0,0.0,0.8,0.0,0.4,0.0,1.0,0.2,0.0,0.0,0.0,0.0,0.0,6.9947,1.1806,9.3667,1.7918,-0.7596,0.3828,0.0,0.0,0.0,1.0,0.0,0.0,1.0,0.0,0.0,0.0,0.0,0.16,0.2,0.0,0.0
A0272,0.0,0.4,0.0,0.0,0.4,0.2,0.0,0.0,0.0,0.0,0.0,0.0,0.0,0.2,0.0,0.0,0.6,0.4,0.0,0.0,0.0,0.0,0.0,0.0,5.8843,0.7033,8.0474,1.7918,-0.5414,-0.1414,0.0,0.0,0.0,1.0,0.0,0.0,0.0,0.0,0.0,0.0,0.0,0.0,0.0142,0.0,0.0
A0338,0.4,0.2,0.0,0.2,0.0,0.0,0.2,0.0,0.0,0.0,0.0,0.0,0.8,0.4,0.0,0.6,0.0,0.0,0.2,0.0,0.0,0.0,0.0,0.0,7.0992,0.8772,8.6955,1.7918,-0.8224,-0.0518,0.0,0.0,0.0,1.0,0.0,0.0,0.0,0.0,0.0,0.0,0.0,0.0,0.0,0.0,0.0
A0458,0.2,0.2,0.2,0.0,0.0,0.2,0.2,0.0,0.0,0.0,0.0,0.0,0.2,0.6,1.0,0.0,0.0,0.8,0.4,0.0,0.0,0.0,0.0,0.0,6.4054,0.9422,8.3558,1.7918,-0.861,-0.4414,0.0,0.0,0.0,1.0,0.0,0.0,1.0,0.0,0.0,0.0,0.0,0.12,0.2,0.0,0.0
A0047,0.2,0.2,0.0,0.2,0.0,0.0,0.2,0.0,0.2,0.0,0.0,0.0,0.6,0.8,0.0,1.0,0.0,0.0,0.2,0.0,0.4,0.0,0.0,0.0,7.7157,1.6179,9.4106,1.7918,-0.4146,-0.2146,0.0,0.0,0.0,1.0,0.0,0.0,0.0,0.2326,0.1,0.0,0.0,0.12,0.013,0.0,0.0
A0511,0.0,0.0,0.0,0.0,0.4,0.2,0.2,0.0,0.2,0.0,0.0,0.0,0.0,0.0,0.0,0.0,0.2,0.6,1.0,0.0,0.8,0.0,0.0,0.0,7.4019,1.007,8.6995,1.7918,-0.621,-0.1593,0.0,0.0,0.0,1.0,0.0,0.0,0.0,0.0672,0.1,0.0,0.0,0.16,0.0,0.0,0.0
A0144,0.0,0.2,0.2,0.0,0.2,0.2,0.2,0.0,0.0,0.0,0.0,0.0,0.0,0.4,0.6,0.0,0.8,0.2,1.0,0.0,0.0,0.0,0.0,0.0,7.5009,0.4644,7.2751,1.7918,-0.9142,-0.0379,0.0,0.0,0.0,1.0,0.0,0.0,1.0,0.0242,0.0,0.0,0.0,0.04,0.2,0.0,0.0
A0433,0.6,0.0,0.2,0.2,0.0,0.0,0.0,0.0,0.0,0.0,0.0,0.0,0.2,0.0,0.8,1.0,0.0,0.0,0.0,0.0,0.0,0.0,0.0,0.0,6.3466,0.6442,9.5751,1.7918,-0.8492,0.3311,0.0,0.0,0.0,0.0,0.0,0.0,0.0,0.0,0.0,0.0,0.0,0.04,0.0,0.0,0.0
A0327,0.8,0.0,0.0,0.0,0.0,0.0,0.0,0.0,0.2,0.0,0.0,0.0,0.2,0.0,0.0,0.0,0.0,0.0,0.0,0.0,0.4,0.0,0.0,0.0,8.219,0.695,9.4899,1.7918,-0.7596,0.4864,0.0,0.0,0.0,1.0,0.0,0.0,0.0,0.0682,0.0,0.0,0.0,0.08,0.0238,0.0,0.0
A0094,0.2,0.4,0.2,0.2,0.0,0.0,0.0,0.0,0.0,0.0,0.0,0.0,0.6,0.2,1.0,0.4,0.0,0.0,0.0,0.0,0.0,0.0,0.0,0.0,6.513,0.8753,9.0807,1.7918,-0.6664,0.6078,0.0,0.0,0.0,0.0,0.0,0.0,0.0,0.0,0.0,0.0,0.0,0.04,0.0796,0.0,0.0
A0128,0.2,0.0,0.0,0.4,0.2,0.2,0.0,0.0,0.0,0.0,0.0,0.0,0.8,0.0,0.0,0.6,0.4,0.2,0.0,0.0,0.0,0.0,0.0,0.0,6.7385,0.5968,7.9727,1.7918,-0.7878,-0.5146,0.0,0.0,0.0,1.0,0.0,0.0,0.0,0.0,0.0,0.0,0.0,0.16,0.0,0.0,0.0
A0236,0.0,0.0,0.0,0.0,0.0,0.0,0.0,0.0,0.0,0.0,0.0,1.0,0.0,0.0,0.0,0.0,0.0,0.0,0.0,0.0,0.0,0.0,0.0,0.2,10.7809,0.0141,7.0677,1.7918,0.32,0.0614,0.4,0.0,0.0,1.0,0.0,0.6931,0.0,0.9584,0.7,0.0,0.0,0.6,0.3376,0.3466,0.5
A0378,0.4,0.0,0.2,0.2,0.0,0.2,0.0,0.0,0.0,0.0,0.0,0.0,0.6,0.0,1.0,0.4,0.0,0.2,0.0,0.0,0.0,0.0,0.0,0.0,7.6233,1.3549,8.6555,1.7918,-0.6518,0.5396,0.0,0.0,0.0,1.0,0.0,0.0,1.0,0.0196,0.0,0.0,0.0,0.0,0.2,0.0,0.0
A0493,0.2,0.2,0.2,0.0,0.2,0.2,0.0,0.0,0.0,0.0,0.0,0.0,0.6,1.0,0.4,0.0,0.8,0.2,0.0,0.0,0.0,0.0,0.0,0.0,7.1644,0.4932,8.629,1.7918,-0.5596,0.2864,0.0,0.0,0.0,1.0,0.0,0.0,0.0,0.0,0.1,0.0,0.0,0.12,0.1592,0.0,0.0
A0156,0.6,0.0,0.0,0.0,0.0,0.0,0.0,0.0,0.4,0.0,0.0,0.0,0.4,0.0,0.0,0.0,0.0,0.0,0.0,0.0,0.2,0.0,0.0,0.0,7.7585,0.8636,9.6756,1.7918,-0.781,0.5664,0.0,0.0,0.0,1.0,0.0,0.0,0.0,0.0208,0.0,0.0,0.0,0.16,0.0,0.0,0.0
A0320,0.2,0.2,0.2,0.2,0.0,0.0,0.2,0.0,0.0,0.0,0.0,0.0,0.6,0.2,1.0,0.8,0.0,0.0,0.4,0.0,0.0,0.0,0.0,0.0,6.8637,0.627,9.4601,1.7918,-0.6982,0.3664,0.0,0.0,0.0,1.0,0.0,0.0,0.0,0.0,0.0,0.0,0.0,0.04,0.0796,0.0,0.0
A0286,0.0,0.2,0.0,0.0,0.4,0.2,0.0,0.2,0.0,0.0,0.0,0.0,0.0,0.2,0.0,0.0,0.4,0.6,0.0,1.0,0.0,0.0,0.0,0.0,7.8225,1.4351,9.0792,1.7918,-0.7714,0.2932,0.0,0.0,0.0,1.0,0.0,0.0,0.0,0.0876,0.0,0.0,0.0,0.04,0.0072,0.0,0.0
A0460,0.4,0.2,0.2,0.2,0.0,0.0,0.0,0.0,0.0,0.0,0.0,0.0,0.8,0.4,0.2,0.6,0.0,0.0,0.0,0.0,0.0,0.0,0.0,0.0,6.6635,0.9541,7.9921,1.7918,-0.8128,0.325,0.0,0.0,0.0,0.0,0.0,0.0,0.0,0.0,0.0,0.0,0.0,0.0,0.0,0.0,0.0
A0001,0.4,0.2,0.0,0.0,0.0,0.0,0.2,0.2,0.0,0.0,0.0,0.0,0.8,0.2,0.0,0.0,0.0,0.0,0.6,0.4,0.0,0.0,0.0,0.0,7.4575,1.0305,8.6887,1.7918,-0.3828,-0.8424,0.0,0.0,0.0,2.0,0.0,0.0,0.0,0.0546,0.0,0.0,0.0,0.16,0.0,0.0,0.0
A0015,0.4,0.4,0.0,0.0,0.2,0.0,0.0,0.0,0.0,0.0,0.0,0.0,0.4,0.2,0.0,0.0,0.8,0.0,0.0,0.0,0.0,0.0,0.0,0.0,6.1306,1.0232,8.0391,1.7918,-0.0172,-0.5596,0.0,0.0,0.0,0.0,0.0,0.0,0.0,0.0044,0.1,0.0,0.0,0.0,0.0,0.0,0.0
A0467,0.0,0.4,0.0,0.2,0.0,0.2,0.2,0.0,0.0,0.0,0.0,0.0,0.0,0.4,0.0,0.2,0.0,0.8,1.0,0.0,0.0,0.0,0.0,0.0,7.404,0.696,8.3681,1.7918,0.0786,-0.6796,0.0,0.0,0.0,1.0,0.0,0.0,0.0,0.0,0.0,0.0,0.0,0.04,0.0,0.0,0.0
A0306,0.0,0.0,0.2,0.2,0.2,0.2,0.2,0.0,0.0,0.0,0.0,0.0,0.0,0.0,0.8,0.4,0.6,1.0,0.2,0.0,0.0,0.0,0.0,0.0,7.1645,0.6947,7.3445,1.7918,-0.2449,-0.8742,0.0,0.0,0.0,1.0,0.0,0.0,1.0,0.0,0.0,0.0,0.0,0.04,0.2,0.0,0.0
A0365,0.4,0.0,0.0,0.0,0.0,0.2,0.4,0.0,0.0,0.0,0.0,0.0,0.2,0.0,0.0,0.0,0.0,0.4,0.8,0.0,0.0,0.0,0.0,0.0,7.3393,0.6962,9.0647,1.7918,0.0035,-0.8424,0.0,0.0,0.0,1.0,0.0,0.0,0.0,0.0,0.0,0.0,0.0,0.04,0.1304,0.0,0.0
A0138,0.4,0.2,0.2,0.0,0.0,0.0,0.2,0.0,0.0,0.0,0.0,0.0,0.2,1.0,0.8,0.0,0.0,0.0,0.4,0.0,0.0,0.0,0.0,0.0,6.483,0.7357,8.6315,1.7918,-0.4346,-0.4699,0.0,0.0,0.0,1.0,0.0,0.0,0.0,0.0,0.0,0.0,0.0,0.0,0.0,0.0,0.0
A0516,0.2,0.0,0.2,0.0,0.0,0.4,0.0,0.0,0.2,0.0,0.0,0.0,0.2,0.0,0.6,0.0,0.0,0.8,0.0,0.0,0.4,0.0,0.0,0.0,6.6716,1.3407,7.537,1.7918,0.1,-0.5596,0.0,0.0,0.0,1.0,0.0,0.0,0.0,0.1178,0.0,0.0,0.0,0.12,0.019,0.0,0.0
A0400,0.4,0.0,0.0,0.0,0.2,0.2,0.2,0.0,0.0,0.0,0.0,0.0,0.4,0.0,0.0,0.0,1.0,0.8,0.2,0.0,0.0,0.0,0.0,0.0,6.8224,1.2315,8.2971,1.7918,-0.1318,-0.6975,0.0,0.0,0.0,1.0,0.0,0.0,1.0,0.0706,0.0,0.0,0.0,0.04,0.2,0.0,0.0
A0289,0.4,0.4,0.0,0.0,0.2,0.0,0.0,0.0,0.0,0.0,0.0,0.0,0.2,0.4,0.0,0.0,0.8,0.0,0.0,0.0,0.0,0.0,0.0,0.0,6.3185,0.2408,8.3759,1.7918,0.1035,-0.9727,0.0,0.0,0.0,0.0,0.0,0.0,1.0,0.0,0.0,0.0,0.0,0.0,0.2,0.0,0.0
A0294,0.2,0.4,0.0,0.0,0.2,0.0,0.0,0.0,0.2,0.0,0.0,0.0,0.2,0.4,0.0,0.0,0.8,0.0,0.0,0.0,0.6,0.0,0.0,0.0,7.0978,1.2742,8.7045,1.7918,-0.4381,-0.7796,0.0,0.0,0.0,1.0,0.0,0.0,2.0,0.0384,0.0,0.0,0.0,0.0,0.4,0.0,0.0
A0059,0.0,0.4,0.0,0.0,0.2,0.2,0.0,0.2,0.0,0.0,0.0,0.0,0.0,0.4,0.0,0.0,0.2,0.8,0.0,0.6,0.0,0.0,0.0,0.0,7.1367,1.0139,8.3381,1.7918,0.801,-0.5182,0.0,0.0,0.0,1.0,0.0,0.0,0.0,0.0,0.0,0.0,0.0,0.16,0.0,0.0,0.0
A0107,0.0,0.6,0.0,0.0,0.2,0.0,0.2,0.0,0.0,0.0,0.0,0.0,0.0,0.2,0.0,0.0,0.8,0.0,0.4,0.0,0.0,0.0,0.0,0.0,6.5939,0.5066,8.8505,1.7918,0.4043,-0.776,0.0,0.0,0.0,1.0,0.0,0.0,0.0,0.0,0.0,0.0,0.0,0.04,0.0606,0.0,0.0
A0465,0.4,0.0,0.0,0.0,0.2,0.0,0.2,0.2,0.0,0.0,0.0,0.0,0.4,0.0,0.0,0.0,0.6,0.0,0.8,0.2,0.0,0.0,0.0,0.0,7.4208,1.3909,8.0105,1.7918,0.0414,-0.901,0.0,0.0,0.0,1.0,0.0,0.0,1.0,0.0742,0.0,0.0,0.0,0.04,0.2,0.0,0.0
A0446,0.4,0.2,0.0,0.0,0.0,0.0,0.2,0.2,0.0,0.0,0.0,0.0,0.6,0.8,0.0,0.0,0.0,0.0,0.2,0.4,0.0,0.0,0.0,0.0,6.6531,1.0787,8.3091,1.7918,-0.6631,-0.2035,0.0,0.0,0.0,1.0,0.0,0.0,1.0,0.0064,0.1,0.0,0.0,0.04,0.2,0.0,0.0
A0133,0.2,0.0,0.0,0.0,0.2,0.4,0.2,0.0,0.0,0.0,0.0,0.0,0.8,0.0,0.0,0.0,0.4,0.2,1.0,0.0,0.0,0.0,0.0,0.0,6.6119,1.017,5.3954,1.7918,-0.556,-0.756,0.0,0.0,0.0,1.0,0.0,0.0,1.0,0.0,0.0,0.0,0.0,0.24,0.2,0.0,0.0
A0295,0.6,0.0,0.0,0.0,0.0,0.2,0.2,0.0,0.0,0.0,0.0,0.0,0.2,0.0,0.0,0.0,0.0,0.6,0.8,0.0,0.0,0.0,0.0,0.0,5.8969,1.0191,8.0122,1.7918,-0.4596,-0.556,0.0,0.0,0.0,1.0,0.0,0.0,0.0,0.0,0.0,0.0,0.0,0.0,0.0,0.0,0.0
A0552,0.0,0.0,0.0,0.0,0.0,0.0,0.0,0.25,0.0,0.25,0.25,0.25,0.0,0.0,0.0,0.0,0.0,0.0,0.0,0.75,0.0,1.0,0.5,0.25,8.9113,0.4215,2.9374,1.6094,0.5,-0.866,0.0,0.0,0.25,2.0,0.25,1.2528,4.0,0.1088,0.0,0.25,0.0,0.65,0.8,1.0,0.625
A0309,0.4,0.0,0.0,0.0,0.0,0.4,0.0,0.0,0.0,0.0,0.0,0.2,0.2,0.0,0.0,0.0,0.0,0.4,0.0,0.0,0.0,0.0,0.0,1.0,7.8839,2.4987,8.5899,1.7918,-0.3864,-0.5864,0.0,0.0,0.0,1.0,0.0,0.5878,1.0,0.0,0.0,0.0,0.0,0.0,0.2,0.2939,0.1
A0494,0.8,0.0,0.2,0.0,0.0,0.0,0.0,0.0,0.0,0.0,0.0,0.0,0.2,0.0,0.8,0.0,0.0,0.0,0.0,0.0,0.0,0.0,0.0,0.0,6.191,0.7457,7.2687,1.7918,-0.8424,-0.4864,0.0,0.0,0.0,0.0,0.0,0.0,1.0,0.0,0.0,0.0,0.0,0.0,0.2792,0.0,0.0
A0353,0.0,0.6,0.2,0.0,0.0,0.0,0.0,0.0,0.2,0.0,0.0,0.0,0.0,0.4,0.6,0.0,0.0,0.0,0.0,0.0,0.2,0.0,0.0,0.0,6.8226,1.2943,8.4782,1.7918,-0.2346,-0.5664,0.0,0.0,0.0,1.0,0.0,0.0,0.0,0.016,0.0,0.0,0.0,0.04,0.0,0.0,0.0
A0174,0.0,0.2,0.0,0.0,0.2,0.4,0.0,0.2,0.0,0.0,0.0,0.0,0.0,0.8,0.0,0.0,0.4,0.2,0.0,0.6,0.0,0.0,0.0,0.0,7.4923,0.9942,7.4077,1.7918,-0.0379,-0.7278,0.0,0.0,0.0,1.0,0.0,0.0,0.0,0.0144,0.0,0.0,0.0,0.04,0.0,0.0,0.0
A0175,0.0,0.0,0.4,0.2,0.0,0.2,0.2,0.0,0.0,0.0,0.0,0.0,0.0,0.0,0.6,0.8,0.0,0.4,0.2,0.0,0.0,0.0,0.0,0.0,6.0181,0.9096,8.3392,1.7918,-0.5146,-0.3449,0.0,0.0,0.0,1.0,0.0,0.0,0.0,0.0,0.1,0.0,0.0,0.04,0.0,0.0,0.0
A0392,0.2,0.4,0.0,0.0,0.0,0.0,0.4,0.0,0.0,0.0,0.0,0.0,0.8,0.4,0.0,0.0,0.0,0.0,0.2,0.0,0.0,0.0,0.0,0.0,6.9265,1.0473,8.9144,1.7918,-0.3464,-0.7864,0.0,0.0,0.0,1.0,0.0,0.0,0.0,0.0002,0.0,0.0,0.0,0.0,0.0,0.0,0.0
A0096,0.4,0.0,0.2,0.0,0.0,0.2,0.0,0.2,0.0,0.0,0.0,0.0,0.8,0.0,0.2,0.0,0.0,0.6,0.0,0.4,0.0,0.0,0.0,0.0,7.2925,0.2941,8.7154,1.7918,0.2146,-0.7182,0.0,0.0,0.0,1.0,0.0,0.0,0.0,0.0,0.0,0.0,0.0,0.08,0.0,0.0,0.0
A0184,0.0,0.2,0.0,0.0,0.2,0.2,0.2,0.2,0.0,0.0,0.0,0.0,0.0,0.6,0.0,0.0,0.4,0.2,0.8,1.0,0.0,0.0,0.0,0.0,6.7229,1.2658,8.3956,1.7918,-0.6464,-0.5732,0.0,0.0,0.0,1.0,0.0,0.0,1.0,0.0,0.0,0.0,0.0,0.04,0.2,0.0,0.0
A0120,0.0,0.8,0.0,0.0,0.2,0.0,0.0,0.0,0.0,0.0,0.0,0.0,0.0,0.2,0.0,0.0,1.0,0.0,0.0,0.0,0.0,0.0,0.0,0.0,7.0805,1.1676,8.3731,1.7918,0.1035,-0.9727,0.0,0.0,0.0,0.0,0.0,0.0,1.0,0.0,0.0,0.0,0.0,0.0,0.2,0.0,0.0
A0238,0.6,0.0,0.2,0.0,0.2,0.0,0.0,0.0,0.0,0.0,0.0,0.0,0.2,0.0,0.8,0.0,1.0,0.0,0.0,0.0,0.0,0.0,0.0,0.0,7.0112,0.965,8.6305,1.7918,-0.1897,-0.7078,0.0,0.0,0.0,0.0,0.0,0.0,0.0,0.0,0.0,0.0,0.0,0.08,0.0736,0.0,0.0
A0044,0.4,0.4,0.0,0.0,0.2,0.0,0.0,0.0,0.0,0.0,0.0,0.0,0.2,0.4,0.0,0.0,0.6,0.0,0.0,0.0,0.0,0.0,0.0,0.0,6.9671,0.6493,9.2604,1.7918,-0.0353,-0.801,0.0,0.0,0.0,0.0,0.0,0.0,0.0,0.0,0.0,0.0,0.0,0.0,0.0,0.0,0.0
A0262,0.2,0.2,0.0,0.2,0.0,0.2,0.2,0.0,0.0,0.0,0.0,0.0,0.6,1.0,0.0,0.4,0.0,0.2,0.8,0.0,0.0,0.0,0.0,0.0,6.4106,0.966,8.881,1.7918,-0.7732,-0.3,0.0,0.0,0.0,1.0,0.0,0.0,0.0,0.0,0.0,0.0,0.0,0.0,0.0,0.0,0.0
A0208,0.0,0.0,0.0,0.0,0.0,0.0,0.9,0.1,0.0,0.0,0.0,0.0,0.0,0.0,0.0,0.0,0.0,0.0,0.2,0.1,0.0,0.0,0.0,0.0,2.6577,2.5723,3.0804,2.3979,-0.8501,0.5207,0.0,0.0,1.0,1.0,0.0,0.0,9.0,0.0466,0.05,1.0,0.0,0.6,1.0,0.0,0.0
A0068,0.4,0.0,0.0,0.0,0.4,0.2,0.0,0.0,0.0,0.0,0.0,0.0,0.2,0.0,0.0,0.0,0.8,0.6,0.0,0.0,0.0,0.0,0.0,0.0,7.0027,1.1289,7.5593,1.7918,-0.4982,-0.3664,0.0,0.0,0.0,1.0,0.0,0.0,2.0,0.1182,0.3,0.0,0.0,0.0,0.4,0.0,0.0
A0344,0.4,0.2,0.0,0.2,0.0,0.0,0.2,0.0,0.0,0.0,0.0,0.0,0.2,1.0,0.0,0.4,0.0,0.0,0.8,0.0,0.0,0.0,0.0,0.0,6.6956,0.9305,7.9813,1.7918,-0.4381,-0.5932,0.0,0.0,0.0,1.0,0.0,0.0,1.0,0.0,0.0,0.0,0.0,0.04,0.2,0.0,0.0
A0389,0.2,0.2,0.0,0.0,0.2,0.4,0.0,0.0,0.0,0.0,0.0,0.0,0.2,0.4,0.0,0.0,0.6,0.8,0.0,0.0,0.0,0.0,0.0,0.0,6.955,0.803,8.8815,1.7918,-0.2932,-0.9078,0.0,0.0,0.0,2.0,0.0,0.0,0.0,0.0,0.0,0.0,0.0,0.12,0.0,0.0,0.0
A0131,0.6,0.2,0.2,0.0,0.0,0.0,0.0,0.0,0.0,0.0,0.0,0.0,0.2,0.4,0.8,0.0,0.0,0.0,0.0,0.0,0.0,0.0,0.0,0.0,6.6234,0.6762,7.9522,1.7918,-0.4932,-0.425,0.0,0.0,0.0,0.0,0.0,0.0,0.0,0.0,0.2,0.0,0.0,0.0,0.0,0.0,0.0
A0027,0.0,0.4,0.0,0.0,0.0,0.6,0.0,0.0,0.0,0.0,0.0,0.0,0.0,0.2,0.0,0.0,0.0,0.4,0.0,0.0,0.0,0.0,0.0,0.0,6.239,1.111,8.3415,1.7918,-0.4629,-0.781,0.0,0.0,0.0,1.0,0.0,0.0,0.0,0.0046,0.0,0.0,0.0,0.0,0.0024,0.0,0.0
A0439,0.4,0.0,0.2,0.0,0.0,0.2,0.0,0.2,0.0,0.0,0.0,0.0,0.2,0.0,1.0,0.0,0.0,0.6,0.0,0.4,0.0,0.0,0.0,0.0,7.6602,1.0469,9.0742,1.7918,0.3982,-0.7796,0.0,0.0,0.0,1.0,0.0,0.0,0.0,0.0,0.0,0.0,0.0,0.0,0.0,0.0,0.0
A0514,0.0,0.0,0.2,0.0,0.2,0.4,0.2,0.0,0.0,0.0,0.0,0.0,0.0,0.0,0.2,0.0,0.4,0.6,0.8,0.0,0.0,0.0,0.0,0.0,7.1988,0.7383,9.2598,1.7918,0.0967,-0.721,0.0,0.0,0.0,2.0,0.0,0.0,0.0,0.0,0.0,0.0,0.0,0.0,0.0,0.0,0.0
A0515,0.6,0.0,0.4,0.0,0.0,0.0,0.0,0.0,0.0,0.0,0.0,0.0,0.4,0.0,0.2,0.0,0.0,0.0,0.0,0.0,0.0,0.0,0.0,0.0,6.1716,0.7049,9.0143,1.7918,0.7146,-0.3449,0.0,0.0,0.0,0.0,0.0,0.0,0.0,0.0,0.0,0.0,0.0,0.08,0.0294,0.0,0.0
A0246,0.2,0.4,0.2,0.0,0.2,0.0,0.0,0.0,0.0,0.0,0.0,0.0,1.0,0.2,0.8,0.0,0.6,0.0,0.0,0.0,0.0,0.0,0.0,0.0,6.0678,1.1395,8.8513,1.7918,-0.7346,-0.4361,0.0,0.0,0.0,0.0,0.0,0.0,1.0,0.0,0.0,0.0,0.0,0.0,0.2,0.0,0.0
A0364,0.4,0.0,0.2,0.0,0.2,0.0,0.2,0.0,0.0,0.0,0.0,0.0,0.2,0.0,0.6,0.0,0.8,0.0,0.4,0.0,0.0,0.0,0.0,0.0,7.0852,0.7456,8.4209,1.7918,-0.6499,0.2,0.0,0.0,0.0,1.0,0.0,0.0,0.0,0.0,0.0,0.0,0.0,0.04,0.0206,0.0,0.0
A0505,0.4,0.4,0.2,0.0,0.0,0.0,0.0,0.0,0.0,0.0,0.0,0.0,0.2,0.6,0.4,0.0,0.0,0.0,0.0,0.0,0.0,0.0,0.0,0.0,7.1605,0.936,9.3286,1.7918,-0.2414,-0.7975,0.0,0.0,0.0,0.0,0.0,0.0,0.0,0.0,0.0,0.0,0.0,0.0,0.0,0.0,0.0
A0326,0.2,0.0,0.2,0.0,0.2,0.2,0.0,0.2,0.0,0.0,0.0,0.0,0.2,0.0,0.4,0.0,0.8,0.6,0.0,1.0,0.0,0.0,0.0,0.0,6.822,1.3545,8.7243,1.7918,0.0,-0.7727,0.0,0.0,0.0,1.0,0.0,0.0,0.0,0.1334,0.0,0.0,0.0,0.16,0.0,0.0,0.0
A0190,0.0,0.0,0.0,0.0,0.0,0.0,0.0,0.0,0.0,0.0,0.0,1.0,0.0,0.0,0.0,0.0,0.0,0.0,0.0,0.0,0.0,0.0,0.0,1.0,9.6335,0.0,0.0,0.6931,-0.9659,0.2588,0.0,0.0,0.0,1.0,0.0,3.0445,2.0,0.801,0.0,0.0,0.0,0.6,0.4,1.0,0.5
A0204,0.0,0.0,0.0,0.0,0.0,0.0,0.0,0.25,0.0,0.5,0.0,0.25,0.0,0.0,0.0,0.0,0.0,0.0,0.0,0.5,0.0,0.75,0.0,0.25,9.8451,0.859,3.511,1.6094,0.7071,0.7071,1.0,1.0,1.0,1.0,0.25,0.6931,3.0,0.417,1.0,1.0,1.0,0.8,0.6,0.9716,0.625
A0194,0.0,0.8,0.0,0.0,0.0,0.2,0.0,0.0,0.0,0.0,0.0,0.0,0.0,0.2,0.0,0.0,0.0,0.8,0.0,0.0,0.0,0.0,0.0,0.0,6.7833,0.7759,8.6134,1.7918,-0.4828,-0.4828,0.0,0.0,0.0,1.0,0.0,0.0,1.0,0.0,0.0,0.0,0.0,0.0,0.2,0.0,0.0
A0006,0.6,0.4,0.0,0.0,0.0,0.0,0.0,0.0,0.0,0.0,0.0,0.0,0.4,0.2,0.0,0.0,0.0,0.0,0.0,0.0,0.0,0.0,0.0,0.0,6.5237,0.5794,7.9355,1.7918,-0.2864,-0.8424,0.0,0.0,0.0,0.0,0.0,0.0,1.0,0.0,0.0,0.0,0.0,0.04,0.2,0.0,0.0
A0440,0.0,0.4,0.2,0.0,0.0,0.0,0.2,0.0,0.2,0.0,0.0,0.0,0.0,0.2,1.0,0.0,0.0,0.0,0.8,0.0,0.4,0.0,0.0,0.0,7.1586,1.3741,9.6958,1.7918,0.1482,-0.5932,0.0,0.0,0.0,1.0,0.0,0.0,0.0,0.0786,0.0,0.0,0.0,0.16,0.0114,0.0,0.0
A0229,0.4,0.0,0.2,0.0,0.4,0.0,0.0,0.0,0.0,0.0,0.0,0.0,0.8,0.0,0.4,0.0,0.2,0.0,0.0,0.0,0.0,0.0,0.0,0.0,6.7445,0.7489,8.064,1.7918,-0.6967,-0.4381,0.0,0.0,0.0,0.0,0.0,0.0,0.0,0.0,0.0,0.0,0.0,0.0,0.0,0.0,0.0
A0366,0.6,0.2,0.0,0.0,0.0,0.0,0.2,0.0,0.0,0.0,0.0,0.0,0.2,1.0,0.0,0.0,0.0,0.0,0.6,0.0,0.0,0.0,0.0,0.0,6.9991,0.9039,8.5947,1.7918,0.2482,-0.5664,0.0,0.0,0.0,1.0,0.0,0.0,1.0,0.0,0.1,0.0,0.0,0.04,0.2,0.0,0.0
A0255,0.0,0.4,0.0,0.2,0.0,0.0,0.4,0.0,0.0,0.0,0.0,0.0,0.0,0.2,0.0,0.4,0.0,0.0,0.6,0.0,0.0,0.0,0.0,0.0,6.1719,0.7637,9.4676,1.7918,-0.6932,-0.3214,0.0,0.0,0.0,1.0,0.0,0.0,0.0,0.0,0.0,0.0,0.0,0.08,0.0028,0.0,0.0
A0157,0.2,0.0,0.0,0.2,0.0,0.4,0.0,0.0,0.2,0.0,0.0,0.0,0.8,0.0,0.0,0.4,0.0,0.2,0.0,0.0,1.0,0.0,0.0,0.0,7.3453,1.5951,7.4888,1.7918,-0.8796,-0.1214,0.0,0.0,0.0,1.0,0.0,0.0,1.0,0.1294,0.0,0.0,0.0,0.12,0.2,0.0,0.0
A0086,0.4,0.4,0.0,0.0,0.0,0.0,0.0,0.0,0.0,0.0,0.0,0.2,0.8,0.2,0.0,0.0,0.0,0.0,0.0,0.0,0.0,0.0,0.0,0.4,7.9546,2.3281,9.5841,1.7918,-0.6975,0.4146,0.0,0.0,0.0,1.0,0.0,0.3365,0.0,0.0,0.0,0.0,0.0,0.04,0.0,0.1682,0.1
A0035,0.8,0.0,0.2,0.0,0.0,0.0,0.0,0.0,0.0,0.0,0.0,0.0,0.4,0.0,0.2,0.0,0.0,0.0,0.0,0.0,0.0,0.0,0.0,0.0,6.4981,0.8076,8.6819,1.7918,-0.4182,-0.6278,0.0,0.0,0.0,0.0,0.0,0.0,0.0,0.0,0.0,0.0,0.0,0.0,0.0,0.0,0.0
A0351,0.2,0.0,0.0,0.0,0.2,0.6,0.0,0.0,0.0,0.0,0.0,0.0,0.2,0.0,0.0,0.0,1.0,0.4,0.0,0.0,0.0,0.0,0.0,0.0,7.6598,0.7943,8.4084,1.7918,-0.821,-0.3664,0.0,0.0,0.0,1.0,0.0,0.0,0.0,0.0,0.0,0.0,0.0,0.08,0.0,0.0,0.0
A0296,0.0,0.4,0.0,0.0,0.4,0.2,0.0,0.0,0.0,0.0,0.0,0.0,0.0,0.2,0.0,0.0,0.4,0.8,0.0,0.0,0.0,0.0,0.0,0.0,7.2652,0.6153,7.3862,1.7918,-0.2,-0.6828,0.0,0.0,0.0,1.0,0.0,0.0,1.0,0.0,0.0,0.0,0.0,0.0,0.2,0.0,0.0
A0405,0.4,0.2,0.0,0.2,0.0,0.2,0.0,0.0,0.0,0.0,0.0,0.0,0.2,1.0,0.0,0.4,0.0,0.8,0.0,0.0,0.0,0.0,0.0,0.0,6.6909,0.4331,8.329,1.7918,0.125,-0.8528,0.0,0.0,0.0,1.0,0.0,0.0,1.0,0.0,0.0,0.0,0.0,0.04,0.2,0.0,0.0
A0185,0.4,0.4,0.0,0.0,0.2,0.0,0.0,0.0,0.0,0.0,0.0,0.0,0.6,0.2,0.0,0.0,0.4,0.0,0.0,0.0,0.0,0.0,0.0,0.0,6.2179,0.6908,7.9707,1.7918,-0.325,-0.8664,0.0,0.0,0.0,0.0,0.0,0.0,1.0,0.0,0.0,0.0,0.0,0.0,0.2,0.0,0.0
A0551,0.0,0.0,0.0,0.0,0.0,0.2,0.0,0.2,0.0,0.2,0.2,0.2,0.0,0.0,0.0,0.0,0.0,1.0,0.0,0.6,0.0,0.8,0.4,0.2,8.4799,1.3887,10.8274,1.7918,0.5,-0.866,0.0,0.0,0.4,3.0,0.2,0.9555,3.0,0.4304,0.0,0.2,0.0,0.68,0.6,1.0,0.5
A0143,0.2,0.4,0.0,0.0,0.0,0.4,0.0,0.0,0.0,0.0,0.0,0.0,0.6,0.4,0.0,0.0,0.0,0.2,0.0,0.0,0.0,0.0,0.0,0.0,6.295,0.5107,8.2938,1.7918,-0.7278,-0.4878,0.0,0.0,0.0,1.0,0.0,0.0,0.0,0.0,0.0,0.0,0.0,0.0,0.0468,0.0,0.0
A0347,0.2,0.2,0.0,0.2,0.2,0.2,0.0,0.0,0.0,0.0,0.0,0.0,0.2,0.4,0.0,1.0,0.6,0.8,0.0,0.0,0.0,0.0,0.0,0.0,7.0944,0.2674,8.3118,1.7918,-0.3932,-0.3346,0.0,0.0,0.0,1.0,0.0,0.0,0.0,0.0,0.2,0.0,0.0,0.04,0.0,0.0,0.0
A0323,0.0,0.2,0.2,0.0,0.2,0.4,0.0,0.0,0.0,0.0,0.0,0.0,0.0,0.6,1.0,0.0,0.8,0.2,0.0,0.0,0.0,0.0,0.0,0.0,7.2169,1.0179,8.4503,1.7918,0.0518,-0.5396,0.0,0.0,0.0,2.0,0.0,0.0,0.0,0.0,0.1,0.0,0.0,0.0,0.0,0.0,0.0
A0560,0.0,0.0,0.0,0.0,0.0,0.0,0.0,0.25,0.0,0.25,0.25,0.25,0.0,0.0,0.0,0.0,0.0,0.0,0.0,0.75,0.0,1.0,0.5,0.25,9.0155,0.4156,2.8023,1.6094,0.5,-0.866,0.0,0.0,0.0,1.0,0.25,0.4055,3.0,0.0785,0.0,0.0,0.0,0.65,0.6,0.8277,0.625
A0412,0.2,0.4,0.2,0.0,0.0,0.2,0.0,0.0,0.0,0.0,0.0,0.0,0.2,0.4,1.0,0.0,0.0,0.6,0.0,0.0,0.0,0.0,0.0,0.0,6.6483,1.1315,8.0061,1.7918,-0.1932,-0.921,0.0,0.0,0.0,1.0,0.0,0.0,1.0,0.0254,0.0,0.0,0.0,0.0,0.39,0.0,0.0
A0121,0.8,0.0,0.0,0.0,0.0,0.0,0.0,0.0,0.2,0.0,0.0,0.0,0.2,0.0,0.0,0.0,0.0,0.0,0.0,0.0,0.4,0.0,0.0,0.0,7.1615,0.1326,7.8491,1.7918,-0.4464,-0.7596,0.0,0.0,0.0,1.0,0.0,0.0,0.0,0.0,0.0,0.0,0.0,0.04,0.0,0.0,0.0
A0166,0.2,0.2,0.0,0.0,0.0,0.4,0.2,0.0,0.0,0.0,0.0,0.0,1.0,0.6,0.0,0.0,0.0,0.4,0.2,0.0,0.0,0.0,0.0,0.0,6.2559,0.5254,8.4896,1.7918,-0.0897,-0.6381,0.0,0.0,0.0,1.0,0.0,0.0,1.0,0.0,0.0,0.0,0.0,0.0,0.2,0.0,0.0
A0350,0.0,0.2,0.2,0.2,0.4,0.0,0.0,0.0,0.0,0.0,0.0,0.0,0.0,0.6,0.2,1.0,0.4,0.0,0.0,0.0,0.0,0.0,0.0,0.0,6.7989,0.8754,8.7049,1.7918,-0.1518,-0.7128,0.0,0.0,0.0,0.0,0.0,0.0,1.0,0.0,0.0,0.0,0.0,0.12,0.2,0.0,0.0
A0050,0.2,0.0,0.0,0.0,0.2,0.2,0.4,0.0,0.0,0.0,0.0,0.0,0.2,0.0,0.0,0.0,0.4,1.0,0.6,0.0,0.0,0.0,0.0,0.0,6.0855,1.135,9.2402,1.7918,-0.6431,0.4381,0.0,0.0,0.0,1.0,0.0,0.0,0.0,0.0,0.0,0.0,0.0,0.04,0.0482,0.0,0.0
A0011,0.2,0.2,0.0,0.2,0.0,0.4,0.0,0.0,0.0,0.0,0.0,0.0,0.2,0.8,0.0,0.4,0.0,0.6,0.0,0.0,0.0,0.0,0.0,0.0,6.9533,0.7267,8.8578,1.7918,-0.0268,-0.8328,0.0,0.0,0.0,1.0,0.0,0.0,0.0,0.0,0.0,0.0,0.0,0.0,0.0,0.0,0.0
A0110,0.0,0.2,0.2,0.0,0.0,0.4,0.0,0.2,0.0,0.0,0.0,0.0,0.0,0.2,1.0,0.0,0.0,0.6,0.0,0.4,0.0,0.0,0.0,0.0,7.2754,0.8739,7.802,1.7918,-0.2835,-0.781,0.0,0.0,0.0,1.0,0.0,0.0,2.0,0.0094,0.0,0.0,0.0,0.0,0.4,0.0,0.0
A0374,0.8,0.0,0.0,0.0,0.2,0.0,0.0,0.0,0.0,0.0,0.0,0.0,0.4,0.0,0.0,0.0,0.2,0.0,0.0,0.0,0.0,0.0,0.0,0.0,6.8244,0.7937,9.6601,1.7918,-0.0614,-0.6664,0.0,0.0,0.0,0.0,0.0,0.0,0.0,0.0,0.0,0.0,0.0,0.0,0.0,0.0,0.0
A0221,0.0,0.0,0.2,0.0,0.2,0.2,0.2,0.2,0.0,0.0,0.0,0.0,0.0,0.0,0.4,0.0,0.6,0.8,0.2,1.0,0.0,0.0,0.0,0.0,7.3049,0.7122,9.4834,1.7918,-0.801,-0.3111,0.0,0.0,0.0,1.0,0.0,0.0,0.0,0.0938,0.0,0.0,0.0,0.28,0.2,0.0,0.0
A0080,0.2,0.0,0.0,0.4,0.0,0.0,0.2,0.0,0.2,0.0,0.0,0.0,0.8,0.0,0.0,0.2,0.0,0.0,0.4,0.0,0.6,0.0,0.0,0.0,6.2736,0.9765,7.942,1.7918,0.4449,-0.7914,0.0,0.0,0.0,1.0,0.0,0.0,0.0,0.0,0.0,0.0,0.0,0.08,0.0,0.0,0.0
A0223,0.4,0.4,0.0,0.0,0.0,0.0,0.2,0.0,0.0,0.0,0.0,0.0,0.2,0.8,0.0,0.0,0.0,0.0,0.6,0.0,0.0,0.0,0.0,0.0,6.2101,0.6201,8.6936,1.7918,-0.681,-0.3932,0.0,0.0,0.0,1.0,0.0,0.0,0.0,0.0,0.0,0.0,0.0,0.0,0.0576,0.0,0.0
A0349,0.2,0.0,0.4,0.0,0.2,0.0,0.0,0.0,0.2,0.0,0.0,0.0,0.4,0.0,0.6,0.0,0.2,0.0,0.0,0.0,0.8,0.0,0.0,0.0,6.8888,0.6178,9.0362,1.7918,-0.5975,-0.5243,0.0,0.0,0.0,1.0,0.0,0.0,1.0,0.0054,0.0,0.0,0.0,0.12,0.2,0.0,0.0
A0043,0.0,0.4,0.2,0.2,0.0,0.0,0.2,0.0,0.0,0.0,0.0,0.0,0.0,0.2,0.8,0.6,0.0,0.0,1.0,0.0,0.0,0.0,0.0,0.0,6.9215,1.1093,7.5169,1.7918,-0.0103,-0.8113,0.0,0.0,0.0,1.0,0.0,0.0,1.0,0.0,0.0,0.0,0.0,0.04,0.2,0.0,0.0
A0381,0.0,0.6,0.0,0.2,0.0,0.0,0.2,0.0,0.0,0.0,0.0,0.0,0.0,0.2,0.0,0.8,0.0,0.0,0.6,0.0,0.0,0.0,0.0,0.0,7.0009,0.5349,9.0723,1.7918,-0.4278,-0.701,0.0,0.0,0.0,1.0,0.0,0.0,0.0,0.0,0.0,0.0,0.0,0.04,0.0,0.0,0.0
A0506,0.4,0.4,0.0,0.0,0.2,0.0,0.0,0.0,0.0,0.0,0.0,0.0,0.2,0.4,0.0,0.0,0.6,0.0,0.0,0.0,0.0,0.0,0.0,0.0,6.6122,0.7168,8.3326,1.7918,-0.7243,-0.5975,0.0,0.0,0.0,0.0,0.0,0.0,1.0,0.0,0.0,0.0,0.0,0.04,0.2,0.0,0.0
A0176,0.2,0.2,0.2,0.0,0.2,0.2,0.0,0.0,0.0,0.0,0.0,0.0,0.6,0.2,0.8,0.0,1.0,0.4,0.0,0.0,0.0,0.0,0.0,0.0,7.4469,1.2091,8.2973,1.7918,-0.1429,-0.7596,0.0,0.0,0.0,1.0,0.0,0.0,0.0,0.0434,0.0,0.0,0.0,0.04,0.0,0.0,0.0
A0518,0.6,0.0,0.0,0.0,0.2,0.0,0.2,0.0,0.0,0.0,0.0,0.0,0.2,0.0,0.0,0.0,1.0,0.0,0.4,0.0,0.0,0.0,0.0,0.0,6.9034,0.543,9.2031,1.7918,-0.7492,0.0614,0.0,0.0,0.0,1.0,0.0,0.0,0.0,0.0,0.0,0.0,0.0,0.12,0.04,0.0,0.0
A0024,0.0,0.0,0.2,0.2,0.2,0.0,0.0,0.0,0.0,0.0,0.0,0.4,0.0,0.0,0.8,0.4,0.6,0.0,0.0,0.0,0.0,0.0,0.0,0.2,8.9534,3.1983,9.5871,1.7918,-0.18,0.2346,0.2,0.0,0.0,1.0,0.0,0.8755,0.0,0.0,0.2,0.0,0.0,0.08,0.1552,0.4377,0.2
A0030,0.4,0.0,0.0,0.4,0.0,0.0,0.2,0.0,0.0,0.0,0.0,0.0,0.2,0.0,0.0,0.4,0.0,0.0,1.0,0.0,0.0,0.0,0.0,0.0,7.0749,0.3783,8.8697,1.7918,-0.8078,-0.3629,0.0,0.0,0.0,1.0,0.0,0.0,0.0,0.0,0.0,0.0,0.0,0.0,0.0,0.0,0.0
A0443,0.2,0.6,0.0,0.0,0.0,0.2,0.0,0.0,0.0,0.0,0.0,0.0,1.0,0.2,0.0,0.0,0.0,0.6,0.0,0.0,0.0,0.0,0.0,0.0,6.0807,0.7524,8.6712,1.7918,-0.5485,0.1414,0.0,0.0,0.0,1.0,0.0,0.0,1.0,0.0,0.0,0.0,0.0,0.0,0.2,0.0,0.0
A0072,0.4,0.6,0.0,0.0,0.0,0.0,0.0,0.0,0.0,0.0,0.0,0.0,0.8,0.2,0.0,0.0,0.0,0.0,0.0,0.0,0.0,0.0,0.0,0.0,5.8641,0.8245,8.305,1.7918,-0.0379,-0.9278,0.0,0.0,0.0,0.0,0.0,0.0,1.0,0.0,0.0,0.0,0.0,0.0,0.2,0.0,0.0
A0067,0.8,0.0,0.0,0.0,0.2,0.0,0.0,0.0,0.0,0.0,0.0,0.0,0.2,0.0,0.0,0.0,0.8,0.0,0.0,0.0,0.0,0.0,0.0,0.0,7.4459,0.6177,8.6899,1.7918,-0.2414,-0.9146,0.0,0.0,0.0,0.0,0.0,0.0,1.0,0.0,0.0,0.0,0.0,0.0,0.2,0.0,0.0
A0438,0.0,0.0,0.6,0.0,0.4,0.0,0.0,0.0,0.0,0.0,0.0,0.0,0.0,0.0,0.4,0.0,0.2,0.0,0.0,0.0,0.0,0.0,0.0,0.0,7.4686,0.3409,8.0045,1.7918,-0.7864,0.2828,0.0,0.0,0.0,0.0,0.0,0.0,1.0,0.0,0.0,0.0,0.0,0.04,0.2,0.0,0.0
A0501,0.2,0.0,0.2,0.2,0.0,0.0,0.0,0.2,0.2,0.0,0.0,0.0,0.8,0.0,1.0,0.4,0.0,0.0,0.0,0.6,0.2,0.0,0.0,0.0,7.1597,1.2077,7.9439,1.7918,-0.2828,-0.7328,0.0,0.0,0.0,1.0,0.0,0.0,0.0,0.0784,0.0,0.0,0.0,0.12,0.0,0.0,0.0
A0371,0.4,0.2,0.0,0.2,0.0,0.0,0.2,0.0,0.0,0.0,0.0,0.0,0.2,0.6,0.0,0.4,0.0,0.0,1.0,0.0,0.0,0.0,0.0,0.0,6.67,0.7674,8.002,1.7918,-0.8664,-0.0214,0.0,0.0,0.0,1.0,0.0,0.0,2.0,0.0,0.0,0.0,0.0,0.0,0.4,0.0,0.0
A0207,0.2,0.2,0.2,0.0,0.2,0.0,0.2,0.0,0.0,0.0,0.0,0.0,0.8,1.0,0.4,0.0,0.6,0.0,0.2,0.0,0.0,0.0,0.0,0.0,6.8032,0.7832,8.3016,1.7918,-0.2932,-0.5078,0.0,0.0,0.0,1.0,0.0,0.0,0.0,0.0278,0.2,0.0,0.0,0.16,0.0032,0.0,0.0
A0343,0.0,0.0,0.0,0.0,0.0,0.0,0.0,0.0,0.0,0.0,0.0,1.0,0.0,0.0,0.0,0.0,0.0,0.0,0.0,0.0,0.0,0.0,0.0,0.5,12.6295,0.0517,9.6277,1.0986,-0.017,-0.1294,0.0,0.0,0.0,1.0,0.0,1.6094,1.0,0.9285,0.5,0.0,0.0,0.3,0.2,0.8047,0.5
A0390,0.0,0.0,0.0,0.0,0.0,0.6,0.4,0.0,0.0,0.0,0.0,0.0,0.0,0.0,0.0,0.0,0.0,0.2,0.4,0.0,0.0,0.0,0.0,0.0,7.0872,1.2364,8.4141,1.7918,-0.6596,0.6596,0.0,0.0,0.0,1.0,0.0,0.0,0.0,0.0,0.0,0.0,0.0,0.0,0.0,0.0,0.0
A0188,0.0,0.2,0.0,0.4,0.2,0.2,0.0,0.0,0.0,0.0,0.0,0.0,0.0,0.2,0.0,0.4,0.8,1.0,0.0,0.0,0.0,0.0,0.0,0.0,6.8937,1.2337,9.2397,1.7918,-0.6664,-0.4214,0.0,0.0,0.0,1.0,0.0,0.0,0.0,0.0186,0.0,0.0,0.0,0.08,0.065,0.0,0.0
A0508,0.2,0.2,0.0,0.0,0.0,0.2,0.0,0.0,0.4,0.0,0.0,0.0,0.6,0.8,0.0,0.0,0.0,1.0,0.0,0.0,0.2,0.0,0.0,0.0,6.9313,1.3063,8.6945,1.7918,-0.9078,-0.0103,0.0,0.0,0.0,1.0,0.0,0.0,0.0,0.0338,0.0,0.0,0.0,0.28,0.08,0.0,0.0
A0318,0.6,0.2,0.0,0.2,0.0,0.0,0.0,0.0,0.0,0.0,0.0,0.0,0.2,0.6,0.0,1.0,0.0,0.0,0.0,0.0,0.0,0.0,0.0,0.0,6.2683,0.6331,8.394,1.7918,-0.7707,0.1414,0.0,0.0,0.0,0.0,0.0,0.0,0.0,0.0,0.0,0.0,0.0,0.0,0.0,0.0,0.0
A0394,0.2,0.4,0.0,0.4,0.0,0.0,0.0,0.0,0.0,0.0,0.0,0.0,1.0,0.2,0.0,0.6,0.0,0.0,0.0,0.0,0.0,0.0,0.0,0.0,6.3122,0.738,9.9207,1.7918,-0.1035,-0.8692,0.0,0.0,0.0,0.0,0.0,0.0,0.0,0.0,0.0,0.0,0.0,0.12,0.04,0.0,0.0
A0361,0.2,0.2,0.0,0.0,0.2,0.2,0.0,0.2,0.0,0.0,0.0,0.0,0.6,0.4,0.0,0.0,0.8,1.0,0.0,0.2,0.0,0.0,0.0,0.0,7.1765,1.4142,8.6334,1.7918,-0.7914,-0.3414,0.0,0.0,0.0,1.0,0.0,0.0,0.0,0.15,0.0,0.0,0.0,0.0,0.0432,0.0,0.0
A0058,0.2,0.2,0.0,0.2,0.2,0.0,0.2,0.0,0.0,0.0,0.0,0.0,0.6,0.4,0.0,0.8,1.0,0.0,0.2,0.0,0.0,0.0,0.0,0.0,6.8006,0.696,7.9075,1.7918,-0.7113,-0.08,0.0,0.0,0.0,1.0,0.0,0.0,1.0,0.0,0.0,0.0,0.0,0.04,0.2,0.0,0.0
A0265,0.0,0.0,0.2,0.0,0.8,0.0,0.0,0.0,0.0,0.0,0.0,0.0,0.0,0.0,1.0,0.0,0.2,0.0,0.0,0.0,0.0,0.0,0.0,0.0,7.56,0.6607,9.0834,1.7918,-0.7864,-0.2828,0.0,0.0,0.0,0.0,0.0,0.0,0.0,0.0,0.0,0.0,0.0,0.0,0.0214,0.0,0.0
A0151,0.0,0.4,0.0,0.0,0.0,0.2,0.0,0.2,0.2,0.0,0.0,0.0,0.0,0.2,0.0,0.0,0.0,0.8,0.0,1.0,0.6,0.0,0.0,0.0,7.6698,1.2789,9.5741,1.7918,-0.7313,-0.5217,0.0,0.0,0.0,2.0,0.0,0.0,0.0,0.2114,0.0,0.0,0.0,0.16,0.1142,0.0,0.0
A0090,0.0,0.0,0.0,0.6,0.0,0.2,0.2,0.0,0.0,0.0,0.0,0.0,0.0,0.0,0.0,0.2,0.0,1.0,0.8,0.0,0.0,0.0,0.0,0.0,6.8544,1.2169,9.2239,1.7918,-0.4664,-0.525,0.0,0.0,0.0,1.0,0.0,0.0,0.0,0.0,0.0,0.0,0.0,0.04,0.16,0.0,0.0
A0148,0.2,0.0,0.4,0.2,0.0,0.2,0.0,0.0,0.0,0.0,0.0,0.0,0.2,0.0,0.6,0.4,0.0,0.8,0.0,0.0,0.0,0.0,0.0,0.0,7.3245,0.8983,8.4835,1.7918,-0.701,-0.0621,0.0,0.0,0.0,1.0,0.0,0.0,1.0,0.0376,0.0,0.0,0.0,0.08,0.2274,0.0,0.0
A0003,0.0,0.4,0.0,0.0,0.2,0.0,0.4,0.0,0.0,0.0,0.0,0.0,0.0,0.6,0.0,0.0,0.4,0.0,0.2,0.0,0.0,0.0,0.0,0.0,7.8636,0.236,8.6276,1.7918,-0.7845,-0.1932,0.0,0.0,0.0,1.0,0.0,0.0,1.0,0.0,0.0,0.0,0.0,0.04,0.2,0.0,0.0
A0088,0.0,0.2,0.0,0.0,0.2,0.0,0.6,0.0,0.0,0.0,0.0,0.0,0.0,0.8,0.0,0.0,0.4,0.0,0.2,0.0,0.0,0.0,0.0,0.0,6.8966,1.2703,9.3926,1.7918,-0.425,-0.2532,0.0,0.0,0.0,1.0,0.0,0.0,0.0,0.002,0.1,0.0,0.0,0.0,0.0338,0.0,0.0
A0496,0.4,0.2,0.2,0.0,0.2,0.0,0.0,0.0,0.0,0.0,0.0,0.0,0.4,0.8,1.0,0.0,0.2,0.0,0.0,0.0,0.0,0.0,0.0,0.0,7.21,0.7574,8.6483,1.7918,-0.7328,-0.5864,0.0,0.0,0.0,0.0,0.0,0.0,0.0,0.0,0.0,0.0,0.0,0.08,0.0,0.0,0.0
A0168,0.4,0.2,0.0,0.2,0.0,0.0,0.0,0.2,0.0,0.0,0.0,0.0,0.4,0.8,0.0,1.0,0.0,0.0,0.0,0.2,0.0,0.0,0.0,0.0,7.3695,1.0751,8.6634,1.7918,-0.6078,-0.7492,0.0,0.0,0.0,1.0,0.0,0.0,0.0,0.0258,0.0,0.0,0.0,0.04,0.0,0.0,0.0
A0119,0.0,0.0,0.8,0.2,0.0,0.0,0.0,0.0,0.0,0.0,0.0,0.0,0.0,0.0,0.2,1.0,0.0,0.0,0.0,0.0,0.0,0.0,0.0,0.0,6.3171,0.5016,7.9688,1.7918,-0.7146,0.105,0.0,0.0,0.0,0.0,0.0,0.0,1.0,0.0,0.0,0.0,0.0,0.0,0.2,0.0,0.0
A0427,0.2,0.6,0.0,0.0,0.0,0.2,0.0,0.0,0.0,0.0,0.0,0.0,0.2,0.4,0.0,0.0,0.0,0.6,0.0,0.0,0.0,0.0,0.0,0.0,5.5956,0.6075,8.4352,1.7918,-0.8045,0.1449,0.0,0.0,0.0,1.0,0.0,0.0,0.0,0.0,0.0,0.0,0.0,0.0,0.0,0.0,0.0
A0554,0.0,0.0,0.0,0.0,0.0,0.0,0.0,0.25,0.0,0.25,0.25,0.25,0.0,0.0,0.0,0.0,0.0,0.0,0.0,0.75,0.0,1.0,0.5,0.25,9.0546,0.3197,2.7473,1.6094,0.5,-0.866,0.0,0.0,0.25,3.0,0.25,0.8109,3.0,0.3193,1.0,0.0,0.0,0.8,0.7,1.0,0.625
A0004,0.8,0.0,0.2,0.0,0.0,0.0,0.0,0.0,0.0,0.0,0.0,0.0,0.4,0.0,0.2,0.0,0.0,0.0,0.0,0.0,0.0,0.0,0.0,0.0,6.3755,0.6245,8.0218,1.7918,-0.7692,0.456,0.0,0.0,0.0,0.0,0.0,0.0,1.0,0.0,0.0,0.0,0.0,0.0,0.2,0.0,0.0
A0099,0.2,0.0,0.0,0.0,0.2,0.4,0.2,0.0,0.0,0.0,0.0,0.0,0.8,0.0,0.0,0.0,1.0,0.2,0.4,0.0,0.0,0.0,0.0,0.0,7.3757,1.365,5.7243,1.7918,-0.7492,0.5043,0.0,0.0,0.0,1.0,0.0,0.0,2.0,0.0526,0.0,0.0,0.0,0.04,0.4,0.0,0.0
A0115,0.8,0.0,0.0,0.0,0.0,0.2,0.0,0.0,0.0,0.0,0.0,0.0,0.4,0.0,0.0,0.0,0.0,0.2,0.0,0.0,0.0,0.0,0.0,0.0,7.1525,0.7336,9.6649,1.7918,-0.8528,-0.2214,0.0,0.0,0.0,1.0,0.0,0.0,0.0,0.0568,0.0,0.0,0.0,0.04,0.0,0.0,0.0
A0297,0.2,0.2,0.0,0.0,0.2,0.4,0.0,0.0,0.0,0.0,0.0,0.0,0.8,1.0,0.0,0.0,0.4,0.2,0.0,0.0,0.0,0.0,0.0,0.0,6.8661,0.8746,9.2255,1.7918,-0.8078,0.3629,0.0,0.0,0.0,2.0,0.0,0.0,1.0,0.0,0.0,0.0,0.0,0.16,0.2,0.0,0.0
A0187,0.0,0.0,0.0,0.2,0.2,0.0,0.4,0.0,0.2,0.0,0.0,0.0,0.0,0.0,0.0,0.8,1.0,0.0,0.2,0.0,0.6,0.0,0.0,0.0,7.024,1.0643,9.0767,1.7918,-0.5932,-0.1482,0.0,0.0,0.0,1.0,0.0,0.0,0.0,0.0208,0.0,0.0,0.0,0.12,0.12,0.0,0.0
A0206,0.2,0.2,0.0,0.0,0.0,0.4,0.0,0.0,0.2,0.0,0.0,0.0,0.8,0.2,0.0,0.0,0.0,0.4,0.0,0.0,0.6,0.0,0.0,0.0,7.1687,0.9948,9.3628,1.7918,-0.4449,0.8742,0.0,0.0,0.0,1.0,0.0,0.0,0.0,0.0098,0.0,0.0,0.0,0.28,0.04,0.0,0.0
A0205,0.2,0.2,0.2,0.0,0.2,0.2,0.0,0.0,0.0,0.0,0.0,0.0,1.0,0.8,0.2,0.0,0.6,0.4,0.0,0.0,0.0,0.0,0.0,0.0,7.5062,0.634,8.8849,1.7918,-0.9146,0.2414,0.0,0.0,0.0,1.0,0.0,0.0,1.0,0.0198,0.0,0.0,0.0,0.04,0.2,0.0,0.0
A0165,0.2,0.2,0.2,0.2,0.0,0.2,0.0,0.0,0.0,0.0,0.0,0.0,0.2,1.0,0.4,0.6,0.0,0.8,0.0,0.0,0.0,0.0,0.0,0.0,6.7539,0.5762,8.3601,1.7918,-0.6113,0.4796,0.0,0.0,0.0,1.0,0.0,0.0,0.0,0.0,0.0,0.0,0.0,0.0,0.0,0.0,0.0
A0410,0.4,0.0,0.0,0.2,0.0,0.0,0.2,0.0,0.2,0.0,0.0,0.0,0.6,0.0,0.0,0.4,0.0,0.0,0.2,0.0,1.0,0.0,0.0,0.0,7.6624,1.1711,9.9237,1.7918,-0.6381,0.5796,0.0,0.0,0.0,1.0,0.0,0.0,1.0,0.0,0.0,0.0,0.0,0.08,0.2,0.0,0.0
A0118,0.2,0.0,0.0,0.0,0.0,0.2,0.6,0.0,0.0,0.0,0.0,0.0,0.4,0.0,0.0,0.0,0.0,1.0,0.2,0.0,0.0,0.0,0.0,0.0,6.4032,1.3149,8.8959,1.7918,-0.7492,0.4078,0.0,0.0,0.0,1.0,0.0,0.0,0.0,0.029,0.0,0.0,0.0,0.04,0.0392,0.0,0.0
A0435,0.2,0.4,0.0,0.0,0.0,0.0,0.2,0.0,0.2,0.0,0.0,0.0,0.8,0.2,0.0,0.0,0.0,0.0,0.4,0.0,1.0,0.0,0.0,0.0,6.8121,1.4517,8.622,1.7918,-0.8742,-0.0449,0.0,0.0,0.0,1.0,0.0,0.0,0.0,0.0422,0.0,0.0,0.0,0.04,0.0474,0.0,0.0
A0558,0.0,0.0,0.0,0.0,0.0,0.0,0.0,0.25,0.0,0.25,0.25,0.25,0.0,0.0,0.0,0.0,0.0,0.0,0.0,0.75,0.0,1.0,0.5,0.25,8.9647,0.5376,2.8381,1.6094,0.5,-0.866,0.0,0.0,0.0,1.0,0.25,0.6931,3.0,0.1693,1.0,0.0,0.0,0.8,0.6,0.9716,0.625
A0448,0.2,0.6,0.0,0.0,0.0,0.0,0.0,0.0,0.2,0.0,0.0,0.0,0.2,0.4,0.0,0.0,0.0,0.0,0.0,0.0,0.6,0.0,0.0,0.0,6.8601,0.8145,7.4671,1.7918,-0.781,-0.0629,0.0,0.0,0.0,1.0,0.0,0.0,2.0,0.0,0.0,0.0,0.0,0.0,0.4,0.0,0.0
A0018,0.4,0.0,0.2,0.0,0.0,0.4,0.0,0.0,0.0,0.0,0.0,0.0,0.4,0.0,0.2,0.0,0.0,0.8,0.0,0.0,0.0,0.0,0.0,0.0,6.8538,1.319,8.0169,1.7918,-0.4699,0.821,0.0,0.0,0.0,1.0,0.0,0.0,1.0,0.0454,0.0,0.0,0.0,0.0,0.2,0.0,0.0
A0407,0.2,0.2,0.2,0.0,0.0,0.0,0.2,0.0,0.0,0.0,0.0,0.2,0.4,0.8,1.0,0.0,0.0,0.0,0.2,0.0,0.0,0.0,0.0,0.6,7.9531,2.4174,8.8095,1.7918,-0.0732,-0.6596,0.0,0.0,0.0,1.0,0.0,0.6931,0.0,0.0,0.0,0.0,0.0,0.0,0.0156,0.3466,0.1
A0097,0.6,0.0,0.0,0.0,0.2,0.0,0.0,0.0,0.2,0.0,0.0,0.0,0.4,0.0,0.0,0.0,0.2,0.0,0.0,0.0,0.8,0.0,0.0,0.0,6.4636,1.1476,8.6206,1.7918,-0.1353,-0.8278,0.0,0.0,0.0,1.0,0.0,0.0,0.0,0.037,0.0,0.0,0.0,0.16,0.0,0.0,0.0
A0163,0.2,0.2,0.0,0.0,0.0,0.2,0.2,0.0,0.2,0.0,0.0,0.0,0.6,0.8,0.0,0.0,0.0,1.0,0.4,0.0,0.2,0.0,0.0,0.0,6.4833,0.6228,8.4304,1.7918,0.6864,-0.5596,0.0,0.0,0.0,1.0,0.0,0.0,0.0,0.0,0.0,0.0,0.0,0.0,0.02,0.0,0.0
A0510,0.4,0.0,0.4,0.0,0.0,0.0,0.2,0.0,0.0,0.0,0.0,0.0,0.4,0.0,0.6,0.0,0.0,0.0,0.2,0.0,0.0,0.0,0.0,0.0,7.0324,0.8446,9.0635,1.7918,0.3697,-0.6596,0.0,0.0,0.0,1.0,0.0,0.0,0.0,0.0,0.0,0.0,0.0,0.04,0.0262,0.0,0.0
A0269,0.0,0.0,0.0,0.2,0.2,0.4,0.2,0.0,0.0,0.0,0.0,0.0,0.0,0.0,0.0,0.4,1.0,0.2,0.8,0.0,0.0,0.0,0.0,0.0,6.1741,1.083,9.4768,1.7918,0.7664,-0.3518,0.0,0.0,0.0,2.0,0.0,0.0,1.0,0.0,0.2,0.0,0.0,0.2,0.2,0.0,0.0
A0082,0.6,0.2,0.0,0.0,0.0,0.2,0.0,0.0,0.0,0.0,0.0,0.0,0.4,0.6,0.0,0.0,0.0,0.2,0.0,0.0,0.0,0.0,0.0,0.0,6.3464,0.6053,7.3754,1.7918,-0.2767,-0.6864,0.0,0.0,0.0,1.0,0.0,0.0,0.0,0.0,0.0,0.0,0.0,0.0,0.3454,0.0,0.0
A0292,0.4,0.2,0.2,0.2,0.0,0.0,0.0,0.0,0.0,0.0,0.0,0.0,0.2,0.6,0.4,0.8,0.0,0.0,0.0,0.0,0.0,0.0,0.0,0.0,6.9791,0.9291,9.2039,1.7918,-0.2932,-0.7078,0.0,0.0,0.0,0.0,0.0,0.0,0.0,0.0,0.0,0.0,0.0,0.0,0.0324,0.0,0.0
A0424,0.0,0.0,0.0,0.0,0.0,1.0,0.0,0.0,0.0,0.0,0.0,0.0,0.0,0.0,0.0,0.0,0.0,1.0,0.0,0.0,0.0,0.0,0.0,0.0,9.3927,0.0,0.0,0.6931,-0.7071,-0.7071,0.0,0.0,1.0,1.0,0.0,0.0,0.0,0.5,0.0,1.0,0.0,0.2,0.778,0.0,0.0
A0244,0.4,0.0,0.0,0.0,0.2,0.2,0.2,0.0,0.0,0.0,0.0,0.0,0.2,0.0,0.0,0.0,0.8,0.6,0.4,0.0,0.0,0.0,0.0,0.0,7.2267,0.8054,9.0384,1.7918,-0.0932,-0.8113,0.0,0.0,0.0,1.0,0.0,0.0,1.0,0.0,0.0,0.0,0.0,0.24,0.2,0.0,0.0
A0271,0.8,0.0,0.0,0.2,0.0,0.0,0.0,0.0,0.0,0.0,0.0,0.0,0.2,0.0,0.0,1.0,0.0,0.0,0.0,0.0,0.0,0.0,0.0,0.0,5.9803,0.7256,8.8718,1.7918,0.2,-0.9328,0.0,0.0,0.0,0.0,0.0,0.0,1.0,0.0,0.0,0.0,0.0,0.16,0.2,0.0,0.0
A0057,0.6,0.2,0.0,0.0,0.0,0.0,0.2,0.0,0.0,0.0,0.0,0.0,0.2,0.6,0.0,0.0,0.0,0.0,0.4,0.0,0.0,0.0,0.0,0.0,7.0028,0.7796,9.8263,1.7918,0.0,-0.8,0.0,0.0,0.0,1.0,0.0,0.0,0.0,0.0,0.0,0.0,0.0,0.04,0.0662,0.0,0.0
A0152,0.4,0.0,0.0,0.0,0.2,0.4,0.0,0.0,0.0,0.0,0.0,0.0,0.2,0.0,0.0,0.0,0.8,0.6,0.0,0.0,0.0,0.0,0.0,0.0,7.3925,0.7995,8.3393,1.7918,-0.5278,-0.7278,0.0,0.0,0.0,1.0,0.0,0.0,0.0,0.0252,0.0,0.0,0.0,0.0,0.0,0.0,0.0
A0489,0.0,0.6,0.0,0.0,0.0,0.4,0.0,0.0,0.0,0.0,0.0,0.0,0.0,0.2,0.0,0.0,0.0,0.6,0.0,0.0,0.0,0.0,0.0,0.0,7.1242,0.7119,9.3742,1.7918,-0.0932,-0.6113,0.0,0.0,0.0,1.0,0.0,0.0,0.0,0.0,0.0,0.0,0.0,0.0,0.0,0.0,0.0
A0453,0.6,0.2,0.2,0.0,0.0,0.0,0.0,0.0,0.0,0.0,0.0,0.0,0.6,0.4,0.2,0.0,0.0,0.0,0.0,0.0,0.0,0.0,0.0,0.0,6.9583,0.5401,9.2586,1.7918,0.0579,-0.6796,0.0,0.0,0.0,0.0,0.0,0.0,0.0,0.0,0.0,0.0,0.0,0.0,0.0,0.0,0.0
A0481,0.6,0.2,0.0,0.0,0.0,0.0,0.0,0.0,0.2,0.0,0.0,0.0,0.2,0.4,0.0,0.0,0.0,0.0,0.0,0.0,1.0,0.0,0.0,0.0,6.1834,0.9706,9.0694,1.7918,-0.4932,-0.8542,0.0,0.0,0.0,1.0,0.0,0.0,0.0,0.0432,0.0,0.0,0.0,0.12,0.0012,0.0,0.0
A0065,0.6,0.4,0.0,0.0,0.0,0.0,0.0,0.0,0.0,0.0,0.0,0.0,0.4,0.2,0.0,0.0,0.0,0.0,0.0,0.0,0.0,0.0,0.0,0.0,7.0515,0.4575,7.341,1.7918,0.4146,-0.801,0.0,0.0,0.0,0.0,0.0,0.0,1.0,0.0,0.0,0.0,0.0,0.04,0.2,0.0,0.0
A0052,0.2,0.2,0.2,0.0,0.0,0.2,0.2,0.0,0.0,0.0,0.0,0.0,1.0,0.6,0.2,0.0,0.0,0.8,0.4,0.0,0.0,0.0,0.0,0.0,7.1229,0.2814,9.1045,1.7918,-0.5796,-0.1482,0.0,0.0,0.0,1.0,0.0,0.0,0.0,0.0,0.0,0.0,0.0,0.04,0.0612,0.0,0.0
A0242,0.2,0.0,0.2,0.2,0.2,0.0,0.0,0.0,0.2,0.0,0.0,0.0,0.2,0.0,1.0,0.4,0.8,0.0,0.0,0.0,0.6,0.0,0.0,0.0,7.0621,0.758,8.1119,1.7918,-0.2967,-0.7845,0.0,0.0,0.0,1.0,0.0,0.0,0.0,0.0,0.0,0.0,0.0,0.12,0.1754,0.0,0.0
A0331,0.2,0.4,0.0,0.0,0.2,0.0,0.0,0.0,0.2,0.0,0.0,0.0,0.4,0.2,0.0,0.0,1.0,0.0,0.0,0.0,0.8,0.0,0.0,0.0,6.4161,1.2503,9.0944,1.7918,-0.5078,-0.5361,0.0,0.0,0.0,1.0,0.0,0.0,0.0,0.1028,0.0,0.0,0.0,0.08,0.0,0.0,0.0
A0299,0.0,0.4,0.2,0.0,0.0,0.4,0.0,0.0,0.0,0.0,0.0,0.0,0.0,0.2,0.4,0.0,0.0,0.6,0.0,0.0,0.0,0.0,0.0,0.0,6.9223,1.1101,7.3564,1.7918,-0.5182,-0.3182,0.0,0.0,0.0,1.0,0.0,0.0,0.0,0.0,0.0,0.0,0.0,0.0,0.0,0.0,0.0
A0224,0.2,0.2,0.0,0.0,0.0,0.2,0.4,0.0,0.0,0.0,0.0,0.0,0.4,0.2,0.0,0.0,0.0,0.6,0.8,0.0,0.0,0.0,0.0,0.0,7.0554,0.9753,9.569,1.7918,-0.901,-0.1449,0.0,0.0,0.0,1.0,0.0,0.0,0.0,0.0,0.0,0.0,0.0,0.16,0.0314,0.0,0.0
A0210,0.4,0.6,0.0,0.0,0.0,0.0,0.0,0.0,0.0,0.0,0.0,0.0,0.6,0.2,0.0,0.0,0.0,0.0,0.0,0.0,0.0,0.0,0.0,0.0,5.8994,0.5239,9.3208,1.7918,-0.3146,-0.6914,0.0,0.0,0.0,0.0,0.0,0.0,0.0,0.0,0.0,0.0,0.0,0.0,0.1476,0.0,0.0
A0020,0.0,0.4,0.0,0.0,0.2,0.2,0.2,0.0,0.0,0.0,0.0,0.0,0.0,0.2,0.0,0.0,0.4,0.8,1.0,0.0,0.0,0.0,0.0,0.0,7.16,1.1633,9.0598,1.7918,-0.0482,-0.9128,0.0,0.0,0.0,1.0,0.0,0.0,0.0,0.0182,0.0,0.0,0.0,0.08,0.1084,0.0,0.0
A0298,0.0,0.2,0.0,0.0,0.2,0.4,0.2,0.0,0.0,0.0,0.0,0.0,0.0,1.0,0.0,0.0,0.4,0.6,0.2,0.0,0.0,0.0,0.0,0.0,6.7787,0.7404,8.6423,1.7918,-0.6878,-0.6878,0.0,0.0,0.0,1.0,0.0,0.0,1.0,0.0,0.0,0.0,0.0,0.04,0.2224,0.0,0.0
A0398,0.6,0.2,0.2,0.0,0.0,0.0,0.0,0.0,0.0,0.0,0.0,0.0,0.2,0.6,1.0,0.0,0.0,0.0,0.0,0.0,0.0,0.0,0.0,0.0,6.1344,0.9646,9.5722,1.7918,-0.7492,-0.6078,0.0,0.0,0.0,0.0,0.0,0.0,0.0,0.0,0.0,0.0,0.0,0.04,0.037,0.0,0.0
A0197,0.2,0.4,0.0,0.0,0.0,0.4,0.0,0.0,0.0,0.0,0.0,0.0,0.2,0.4,0.0,0.0,0.0,0.8,0.0,0.0,0.0,0.0,0.0,0.0,6.9191,0.563,9.0523,1.7918,-0.4596,-0.6596,0.0,0.0,0.0,1.0,0.0,0.0,0.0,0.0,0.0,0.0,0.0,0.0,0.0,0.0,0.0
A0499,0.4,0.0,0.0,0.0,0.0,0.2,0.4,0.0,0.0,0.0,0.0,0.0,0.6,0.0,0.0,0.0,0.0,0.8,0.2,0.0,0.0,0.0,0.0,0.0,7.2035,1.0972,7.4957,1.7918,-0.5346,-0.5932,0.0,0.0,0.0,1.0,0.0,0.0,0.0,0.0352,0.0,0.0,0.0,0.0,0.0158,0.0,0.0
A0102,0.4,0.4,0.2,0.0,0.0,0.0,0.0,0.0,0.0,0.0,0.0,0.0,0.8,0.2,0.6,0.0,0.0,0.0,0.0,0.0,0.0,0.0,0.0,0.0,6.6325,0.8411,8.8703,1.7918,0.2664,-0.8078,0.0,0.0,0.0,0.0,0.0,0.0,0.0,0.0,0.0,0.0,0.0,0.0,0.0,0.0,0.0
A0360,0.0,0.2,0.2,0.2,0.0,0.0,0.2,0.2,0.0,0.0,0.0,0.0,0.0,0.6,0.4,0.8,0.0,0.0,0.2,1.0,0.0,0.0,0.0,0.0,7.2934,0.8867,7.9516,1.7918,-0.8449,-0.1414,0.0,0.0,0.0,2.0,0.0,0.0,1.0,0.0,0.0,0.0,0.0,0.12,0.2,0.0,0.0
A0162,0.0,0.6,0.0,0.2,0.0,0.2,0.0,0.0,0.0,0.0,0.0,0.0,0.0,0.2,0.0,0.8,0.0,1.0,0.0,0.0,0.0,0.0,0.0,0.0,6.0555,1.2152,8.5775,1.7918,-0.776,-0.225,0.0,0.0,0.0,1.0,0.0,0.0,0.0,0.0208,0.0,0.0,0.0,0.04,0.197,0.0,0.0
A0336,0.4,0.6,0.0,0.0,0.0,0.0,0.0,0.0,0.0,0.0,0.0,0.0,0.2,0.4,0.0,0.0,0.0,0.0,0.0,0.0,0.0,0.0,0.0,0.0,7.1633,0.5012,9.17,1.7918,-0.6346,0.3664,0.0,0.0,0.0,0.0,0.0,0.0,0.0,0.0,0.0,0.0,0.0,0.08,0.093,0.0,0.0
A0075,0.2,0.0,0.2,0.4,0.2,0.0,0.0,0.0,0.0,0.0,0.0,0.0,0.2,0.0,1.0,0.4,0.6,0.0,0.0,0.0,0.0,0.0,0.0,0.0,6.5376,1.0866,9.2509,1.7918,-0.2449,-0.4878,0.0,0.0,0.0,0.0,0.0,0.0,0.0,0.0,0.1,0.0,0.0,0.08,0.04,0.0,0.0
A0449,0.4,0.2,0.2,0.2,0.0,0.0,0.0,0.0,0.0,0.0,0.0,0.0,0.6,0.2,0.4,1.0,0.0,0.0,0.0,0.0,0.0,0.0,0.0,0.0,6.352,0.4067,9.502,1.7918,-0.5664,0.581,0.0,0.0,0.0,0.0,0.0,0.0,0.0,0.0,0.0,0.0,0.0,0.12,0.0376,0.0,0.0
A0147,0.2,0.2,0.2,0.0,0.4,0.0,0.0,0.0,0.0,0.0,0.0,0.0,0.6,0.2,0.4,0.0,0.8,0.0,0.0,0.0,0.0,0.0,0.0,0.0,7.0554,0.618,7.9788,1.7918,-0.6975,-0.2146,0.0,0.0,0.0,0.0,0.0,0.0,0.0,0.0,0.0,0.0,0.0,0.0,0.0,0.0,0.0
A0251,0.2,0.0,0.0,0.2,0.0,0.6,0.0,0.0,0.0,0.0,0.0,0.0,0.2,0.0,0.0,0.8,0.0,0.4,0.0,0.0,0.0,0.0,0.0,0.0,7.3541,1.4283,8.3889,1.7918,-0.776,-0.4043,0.0,0.0,0.0,1.0,0.0,0.0,1.0,0.0446,0.0,0.0,0.0,0.04,0.2,0.0,0.0
A0444,0.4,0.0,0.0,0.0,0.0,0.2,0.2,0.2,0.0,0.0,0.0,0.0,0.4,0.0,0.0,0.0,0.0,0.6,0.8,0.2,0.0,0.0,0.0,0.0,7.6958,1.1895,8.3804,1.7918,-0.5449,0.0717,0.0,0.0,0.0,1.0,0.0,0.0,1.0,0.0566,0.2,0.0,0.0,0.12,0.2,0.0,0.0
A0010,0.2,0.0,0.4,0.0,0.4,0.0,0.0,0.0,0.0,0.0,0.0,0.0,1.0,0.0,0.2,0.0,0.4,0.0,0.0,0.0,0.0,0.0,0.0,0.0,7.3638,0.5541,8.6745,1.7918,-0.7182,0.1717,0.0,0.0,0.0,0.0,0.0,0.0,0.0,0.0,0.0,0.0,0.0,0.08,0.123,0.0,0.0
A0304,0.0,0.4,0.0,0.0,0.0,0.0,0.2,0.2,0.2,0.0,0.0,0.0,0.0,0.8,0.0,0.0,0.0,0.0,0.6,0.4,0.2,0.0,0.0,0.0,7.649,1.6947,7.3605,1.7918,-0.9664,-0.0482,0.0,0.0,0.0,1.0,0.0,0.0,2.0,0.187,0.0,0.0,0.0,0.0,0.4,0.0,0.0
A0116,0.2,0.4,0.2,0.2,0.0,0.0,0.0,0.0,0.0,0.0,0.0,0.0,1.0,0.2,0.6,0.8,0.0,0.0,0.0,0.0,0.0,0.0,0.0,0.0,6.7112,0.9444,8.3849,1.7918,-0.6182,0.6914,0.0,0.0,0.0,0.0,0.0,0.0,0.0,0.0,0.0,0.0,0.0,0.0,0.0,0.0,0.0
A0149,0.2,0.4,0.0,0.0,0.0,0.0,0.2,0.2,0.0,0.0,0.0,0.0,1.0,0.4,0.0,0.0,0.0,0.0,0.8,0.2,0.0,0.0,0.0,0.0,7.2471,1.5461,8.6442,1.7918,-0.3146,-0.7878,0.0,0.0,0.0,1.0,0.0,0.0,0.0,0.0738,0.0,0.0,0.0,0.08,0.05,0.0,0.0
A0225,0.6,0.4,0.0,0.0,0.0,0.0,0.0,0.0,0.0,0.0,0.0,0.0,0.6,0.2,0.0,0.0,0.0,0.0,0.0,0.0,0.0,0.0,0.0,0.0,7.2043,0.7385,9.0248,1.7918,-0.7078,0.3361,0.0,0.0,0.0,0.0,0.0,0.0,0.0,0.0,0.0,0.0,0.0,0.04,0.014,0.0,0.0
A0479,0.2,0.2,0.0,0.2,0.2,0.2,0.0,0.0,0.0,0.0,0.0,0.0,0.4,0.8,0.0,0.6,0.2,1.0,0.0,0.0,0.0,0.0,0.0,0.0,7.077,0.4138,7.9982,1.7918,-0.7727,0.2828,0.0,0.0,0.0,1.0,0.0,0.0,0.0,0.0,0.0,0.0,0.0,0.04,0.0,0.0,0.0
A0491,0.4,0.0,0.2,0.0,0.0,0.4,0.0,0.0,0.0,0.0,0.0,0.0,0.4,0.0,0.2,0.0,0.0,0.8,0.0,0.0,0.0,0.0,0.0,0.0,6.778,0.7355,8.6898,1.7918,-0.7596,-0.4864,0.0,0.0,0.0,1.0,0.0,0.0,0.0,0.0176,0.0,0.0,0.0,0.0,0.0,0.0,0.0
A0134,0.2,0.2,0.2,0.2,0.0,0.2,0.0,0.0,0.0,0.0,0.0,0.0,0.8,0.4,0.2,1.0,0.0,0.6,0.0,0.0,0.0,0.0,0.0,0.0,6.7595,0.7086,9.0572,1.7918,-0.5864,-0.3864,0.0,0.0,0.0,1.0,0.0,0.0,0.0,0.0,0.0,0.0,0.0,0.04,0.0168,0.0,0.0
A0462,0.0,0.2,0.2,0.0,0.0,0.2,0.2,0.0,0.2,0.0,0.0,0.0,0.0,0.6,0.8,0.0,0.0,0.2,1.0,0.0,0.4,0.0,0.0,0.0,7.4995,0.6463,8.9054,1.7918,-0.6796,-0.3285,0.0,0.0,0.0,1.0,0.0,0.0,0.0,0.0,0.0,0.0,0.0,0.28,0.08,0.0,0.0
A0339,0.2,0.4,0.0,0.0,0.0,0.2,0.2,0.0,0.0,0.0,0.0,0.0,0.2,0.6,0.0,0.0,0.0,0.4,1.0,0.0,0.0,0.0,0.0,0.0,7.4344,1.138,8.6886,1.7918,-0.8328,0.2767,0.0,0.0,0.0,1.0,0.0,0.0,0.0,0.038,0.0,0.0,0.0,0.04,0.0,0.0,0.0
A0445,0.2,0.0,0.2,0.0,0.2,0.0,0.2,0.0,0.2,0.0,0.0,0.0,1.0,0.0,0.6,0.0,0.8,0.0,0.4,0.0,0.2,0.0,0.0,0.0,6.9514,1.0313,9.4455,1.7918,-0.7664,0.2346,0.0,0.0,0.0,1.0,0.0,0.0,0.0,0.0,0.0,0.0,0.0,0.08,0.0,0.0,0.0
A0214,0.4,0.2,0.0,0.0,0.0,0.2,0.2,0.0,0.0,0.0,0.0,0.0,0.8,0.4,0.0,0.0,0.0,0.6,0.2,0.0,0.0,0.0,0.0,0.0,6.6329,0.7961,9.0939,1.7918,-0.781,0.3664,0.0,0.0,0.0,1.0,0.0,0.0,0.0,0.0,0.0,0.0,0.0,0.12,0.12,0.0,0.0
A0500,0.4,0.0,0.0,0.0,0.2,0.4,0.0,0.0,0.0,0.0,0.0,0.0,0.4,0.0,0.0,0.0,0.6,0.2,0.0,0.0,0.0,0.0,0.0,0.0,6.8526,1.0069,9.2003,1.7918,0.3828,-0.7596,0.0,0.0,0.0,1.0,0.0,0.0,0.0,0.0176,0.0,0.0,0.0,0.0,0.0094,0.0,0.0
A0477,0.0,0.2,0.2,0.2,0.2,0.2,0.0,0.0,0.0,0.0,0.0,0.0,0.0,0.6,0.8,0.2,1.0,0.4,0.0,0.0,0.0,0.0,0.0,0.0,6.7598,1.0228,9.6694,1.7918,-0.3132,-0.556,0.0,0.0,0.0,1.0,0.0,0.0,0.0,0.0,0.0,0.0,0.0,0.08,0.0066,0.0,0.0
A0129,0.6,0.0,0.0,0.0,0.0,0.4,0.0,0.0,0.0,0.0,0.0,0.0,0.4,0.0,0.0,0.0,0.0,0.2,0.0,0.0,0.0,0.0,0.0,0.0,7.3554,1.2306,8.8911,1.7918,0.0482,-0.9528,0.0,0.0,0.0,1.0,0.0,0.0,0.0,0.03,0.0,0.0,0.0,0.0,0.0002,0.0,0.0
A0028,0.0,0.0,0.0,0.0,0.0,1.0,0.0,0.0,0.0,0.0,0.0,0.0,0.0,0.0,0.0,0.0,0.0,0.3333,0.0,0.0,0.0,0.0,0.0,0.0,10.0522,0.1052,8.6606,1.3863,-0.3392,0.9326,0.0,0.0,0.0,1.0,0.0,0.0,0.0,0.8593,1.0,0.0,0.0,0.0667,0.0,0.5,0.0
A0456,0.2,0.2,0.2,0.0,0.0,0.2,0.0,0.2,0.0,0.0,0.0,0.0,0.4,0.6,0.2,0.0,0.0,1.0,0.0,0.8,0.0,0.0,0.0,0.0,7.2076,1.0355,8.8949,1.7918,-0.6796,-0.6113,0.0,0.0,0.0,1.0,0.0,0.0,1.0,0.0116,0.0,0.0,0.0,0.12,0.2,0.0,0.0
A0041,0.8,0.2,0.0,0.0,0.0,0.0,0.0,0.0,0.0,0.0,0.0,0.0,0.2,0.6,0.0,0.0,0.0,0.0,0.0,0.0,0.0,0.0,0.0,0.0,6.139,0.6151,9.2281,1.7918,-0.2518,-0.7396,0.0,0.0,0.0,0.0,0.0,0.0,1.0,0.0,0.0,0.0,0.0,0.0,0.2,0.0,0.0
A0103,0.4,0.0,0.0,0.0,0.0,0.0,0.4,0.0,0.2,0.0,0.0,0.0,0.8,0.0,0.0,0.0,0.0,0.0,0.2,0.0,0.4,0.0,0.0,0.0,7.0388,1.2339,8.3416,1.7918,-0.8128,0.525,0.0,0.0,0.0,1.0,0.0,0.0,1.0,0.0558,0.0,0.0,0.0,0.04,0.2,0.0,0.0
A0016,0.0,0.2,0.2,0.0,0.0,0.4,0.2,0.0,0.0,0.0,0.0,0.0,0.0,0.4,0.6,0.0,0.0,0.2,0.8,0.0,0.0,0.0,0.0,0.0,6.4499,0.8333,8.67,1.7918,-0.7113,-0.08,0.0,0.0,0.0,1.0,0.0,0.0,0.0,0.0242,0.0,0.0,0.0,0.0,0.0,0.0,0.0
A0382,0.6,0.4,0.0,0.0,0.0,0.0,0.0,0.0,0.0,0.0,0.0,0.0,0.4,0.2,0.0,0.0,0.0,0.0,0.0,0.0,0.0,0.0,0.0,0.0,7.0243,0.5294,9.3654,1.7918,-0.5182,-0.6146,0.0,0.0,0.0,0.0,0.0,0.0,0.0,0.0,0.0,0.0,0.0,0.04,0.08,0.0,0.0
A0104,0.4,0.0,0.2,0.0,0.2,0.2,0.0,0.0,0.0,0.0,0.0,0.0,0.2,0.0,0.8,0.0,0.4,0.6,0.0,0.0,0.0,0.0,0.0,0.0,7.6647,0.2487,8.3716,1.7918,0.0965,-0.9328,0.0,0.0,0.0,1.0,0.0,0.0,0.0,0.0,0.0,0.0,0.0,0.0,0.0,0.0,0.0
A0139,0.2,0.0,0.6,0.0,0.0,0.0,0.2,0.0,0.0,0.0,0.0,0.0,0.2,0.0,0.4,0.0,0.0,0.0,1.0,0.0,0.0,0.0,0.0,0.0,7.031,0.6688,9.1608,1.7918,-0.105,-0.5146,0.0,0.0,0.0,1.0,0.0,0.0,0.0,0.0,0.1,0.0,0.0,0.04,0.0,0.0,0.0
A0189,0.2,0.4,0.4,0.0,0.0,0.0,0.0,0.0,0.0,0.0,0.0,0.0,0.2,0.4,0.8,0.0,0.0,0.0,0.0,0.0,0.0,0.0,0.0,0.0,6.3505,0.5594,9.5816,1.7918,-0.1,-0.8424,0.0,0.0,0.0,0.0,0.0,0.0,0.0,0.0,0.0,0.0,0.0,0.04,0.08,0.0,0.0
A0429,0.4,0.2,0.0,0.0,0.0,0.4,0.0,0.0,0.0,0.0,0.0,0.0,0.4,0.2,0.0,0.0,0.0,0.6,0.0,0.0,0.0,0.0,0.0,0.0,6.6036,1.2742,9.4451,1.7918,-0.3664,-0.6346,0.0,0.0,0.0,1.0,0.0,0.0,0.0,0.0292,0.2,0.0,0.0,0.04,0.04,0.0,0.0
A0484,0.2,0.4,0.0,0.0,0.0,0.0,0.4,0.0,0.0,0.0,0.0,0.0,1.0,0.6,0.0,0.0,0.0,0.0,0.2,0.0,0.0,0.0,0.0,0.0,6.4444,0.9694,8.9003,1.7918,-0.6313,-0.6313,0.0,0.0,0.0,1.0,0.0,0.0,0.0,0.0018,0.0,0.0,0.0,0.04,0.0,0.0,0.0
A0130,0.2,0.4,0.0,0.2,0.0,0.2,0.0,0.0,0.0,0.0,0.0,0.0,0.4,0.2,0.0,0.8,0.0,1.0,0.0,0.0,0.0,0.0,0.0,0.0,6.7747,0.7432,9.0643,1.7918,-0.2518,-0.6361,0.0,0.0,0.0,1.0,0.0,0.0,1.0,0.0,0.0,0.0,0.0,0.16,0.2,0.0,0.0
A0550,0.0,0.0,0.0,0.0,0.0,0.0,0.0,0.0,0.0,0.0,1.0,0.0,0.0,0.0,0.0,0.0,0.0,0.0,0.0,0.0,0.0,0.0,0.2,0.0,10.2534,0.2785,10.1653,1.7918,0.8293,-0.2,0.2,0.0,0.0,1.0,0.0,0.0,0.0,0.0682,0.2,0.0,0.0,0.0,0.08,0.5,1.0
A0160,0.0,0.2,0.2,0.0,0.0,0.4,0.0,0.2,0.0,0.0,0.0,0.0,0.0,0.8,1.0,0.0,0.0,0.2,0.0,0.6,0.0,0.0,0.0,0.0,6.9217,0.7465,8.8912,1.7918,-0.7845,0.0897,0.0,0.0,0.0,1.0,0.0,0.0,0.0,0.0,0.0,0.0,0.0,0.16,0.0404,0.0,0.0
A0123,0.2,0.0,0.0,0.0,0.2,0.4,0.2,0.0,0.0,0.0,0.0,0.0,0.8,0.0,0.0,0.0,0.2,0.4,1.0,0.0,0.0,0.0,0.0,0.0,6.9367,0.93,9.0712,1.7918,-0.6492,0.7174,0.0,0.0,0.0,1.0,0.0,0.0,0.0,0.0,0.0,0.0,0.0,0.0,0.0,0.0,0.0
A0266,0.4,0.0,0.2,0.0,0.0,0.2,0.0,0.2,0.0,0.0,0.0,0.0,0.4,0.0,0.8,0.0,0.0,0.2,0.0,1.0,0.0,0.0,0.0,0.0,7.4799,0.6728,9.2228,1.7918,-0.5485,0.5278,0.0,0.0,0.0,1.0,0.0,0.0,0.0,0.0,0.0,0.0,0.0,0.16,0.06,0.0,0.0
A0549,0.0,0.0,0.0,0.0,0.0,0.0,0.0,0.0,0.0,0.0,1.0,0.0,0.0,0.0,0.0,0.0,0.0,0.0,0.0,0.0,0.0,0.0,0.1,0.0,9.1273,0.3009,9.7916,2.3979,0.393,-0.009,0.2,0.0,0.0,1.0,0.0,0.0,0.0,0.0498,0.3,0.0,0.0,0.3,0.38,0.5,1.0
A0070,0.0,0.2,0.4,0.0,0.2,0.0,0.2,0.0,0.0,0.0,0.0,0.0,0.0,0.2,0.6,0.0,0.4,0.0,0.8,0.0,0.0,0.0,0.0,0.0,6.3935,0.7018,8.9053,1.7918,-0.7914,0.3414,0.0,0.0,0.0,1.0,0.0,0.0,1.0,0.0,0.0,0.0,0.0,0.04,0.2,0.0,0.0
A0319,0.0,0.2,0.2,0.0,0.0,0.2,0.2,0.0,0.2,0.0,0.0,0.0,0.0,1.0,0.4,0.0,0.0,0.2,0.6,0.0,0.8,0.0,0.0,0.0,7.7857,0.5473,8.8911,1.7918,-0.7646,0.3449,0.0,0.0,0.0,1.0,0.0,0.0,0.0,0.0088,0.0,0.0,0.0,0.08,0.0,0.0,0.0
A0091,0.4,0.0,0.2,0.0,0.2,0.2,0.0,0.0,0.0,0.0,0.0,0.0,0.8,0.0,0.2,0.0,0.4,0.6,0.0,0.0,0.0,0.0,0.0,0.0,7.7512,1.1006,7.3794,1.7918,-0.6078,0.08,0.0,0.0,0.0,1.0,0.0,0.0,0.0,0.0272,0.0,0.0,0.0,0.0,0.0,0.0,0.0
A0507,0.4,0.2,0.2,0.0,0.0,0.2,0.0,0.0,0.0,0.0,0.0,0.0,0.4,1.0,0.6,0.0,0.0,0.2,0.0,0.0,0.0,0.0,0.0,0.0,7.5255,0.6443,10.1058,1.7918,-0.7727,-0.0,0.0,0.0,0.0,1.0,0.0,0.0,0.0,0.0,0.0,0.0,0.0,0.12,0.0,0.0,0.0
A0154,0.4,0.2,0.2,0.0,0.0,0.2,0.0,0.0,0.0,0.0,0.0,0.0,0.8,0.2,0.4,0.0,0.0,0.6,0.0,0.0,0.0,0.0,0.0,0.0,6.6365,0.838,7.9781,1.7918,-0.6182,0.0414,0.0,0.0,0.0,1.0,0.0,0.0,1.0,0.0,0.0,0.0,0.0,0.08,0.2,0.0,0.0
A0083,0.0,0.2,0.0,0.0,0.4,0.4,0.0,0.0,0.0,0.0,0.0,0.0,0.0,0.8,0.0,0.0,0.2,0.6,0.0,0.0,0.0,0.0,0.0,0.0,7.7227,0.6602,9.3799,1.7918,-0.3878,-0.4182,0.0,0.8,0.0,1.0,0.0,0.0,0.0,0.0,0.0,0.0,0.0,0.08,0.4012,0.0,0.0
A0037,0.6,0.0,0.0,0.2,0.2,0.0,0.0,0.0,0.0,0.0,0.0,0.0,0.2,0.0,0.0,0.6,0.4,0.0,0.0,0.0,0.0,0.0,0.0,0.0,5.8916,0.5226,8.4104,1.7918,-0.701,0.6278,0.0,0.0,0.0,0.0,0.0,0.0,1.0,0.0,0.0,0.0,0.0,0.12,0.2882,0.0,0.0
A0136,0.6,0.2,0.0,0.0,0.0,0.2,0.0,0.0,0.0,0.0,0.0,0.0,0.2,0.8,0.0,0.0,0.0,0.4,0.0,0.0,0.0,0.0,0.0,0.0,5.0666,0.4516,9.5811,1.7918,-0.7113,0.2235,0.0,0.0,0.0,1.0,0.0,0.0,0.0,0.0,0.0,0.0,0.0,0.04,0.0,0.0,0.0
A0355,0.4,0.2,0.0,0.0,0.0,0.0,0.0,0.0,0.4,0.0,0.0,0.0,0.6,0.4,0.0,0.0,0.0,0.0,0.0,0.0,0.2,0.0,0.0,0.0,7.5084,1.0693,8.4216,1.7918,-0.1697,-0.8596,0.0,0.0,0.0,2.0,0.0,0.0,0.0,0.0,0.0,0.0,0.0,0.16,0.0,0.0,0.0
A0250,0.4,0.2,0.0,0.2,0.0,0.0,0.2,0.0,0.0,0.0,0.0,0.0,0.6,0.2,0.0,1.0,0.0,0.0,0.4,0.0,0.0,0.0,0.0,0.0,6.5399,0.7142,9.5617,1.7918,0.6346,-0.5664,0.0,0.0,0.0,1.0,0.0,0.0,0.0,0.0,0.0,0.0,0.0,0.12,0.1918,0.0,0.0
A0311,0.2,0.0,0.0,0.0,0.0,0.2,0.6,0.0,0.0,0.0,0.0,0.0,0.8,0.0,0.0,0.0,0.0,0.4,0.2,0.0,0.0,0.0,0.0,0.0,6.323,1.2007,8.4245,1.7918,-0.8025,-0.3828,0.0,0.0,0.0,1.0,0.0,0.0,1.0,0.0,0.0,0.0,0.0,0.08,0.2,0.0,0.0
A0049,0.0,0.2,0.2,0.0,0.4,0.2,0.0,0.0,0.0,0.0,0.0,0.0,0.0,0.6,1.0,0.0,0.4,0.2,0.0,0.0,0.0,0.0,0.0,0.0,7.8445,0.9149,9.0581,1.7918,0.2449,-0.8742,0.0,0.0,0.0,1.0,0.0,0.0,0.0,0.021,0.0,0.0,0.0,0.0,0.0,0.0,0.0
A0455,0.4,0.0,0.0,0.0,0.0,0.2,0.0,0.0,0.0,0.2,0.2,0.0,0.2,0.0,0.0,0.0,0.0,1.0,0.0,0.0,0.0,0.8,0.4,0.0,7.6955,1.1908,9.1161,1.7918,-0.4664,-0.2214,0.0,0.0,0.0,1.0,0.0,0.0,0.0,0.1542,0.3,0.0,0.0,0.44,0.0858,0.0,0.4
A0012,0.4,0.0,0.2,0.2,0.0,0.2,0.0,0.0,0.0,0.0,0.0,0.0,0.8,0.0,0.2,0.6,0.0,0.4,0.0,0.0,0.0,0.0,0.0,0.0,7.1229,1.4718,7.7996,1.7918,0.1636,-0.656,0.0,0.0,0.0,1.0,0.0,0.0,1.0,0.0732,0.0,0.0,0.0,0.12,0.2352,0.0,0.0
A0169,0.2,0.4,0.2,0.0,0.0,0.2,0.0,0.0,0.0,0.0,0.0,0.0,1.0,0.2,0.6,0.0,0.0,0.8,0.0,0.0,0.0,0.0,0.0,0.0,6.6359,1.1228,9.5127,1.7918,-0.5914,0.1414,0.0,0.0,0.0,1.0,0.0,0.0,0.0,0.0644,0.2,0.0,0.0,0.12,0.2,0.0,0.0
A0101,0.8,0.2,0.0,0.0,0.0,0.0,0.0,0.0,0.0,0.0,0.0,0.0,0.2,1.0,0.0,0.0,0.0,0.0,0.0,0.0,0.0,0.0,0.0,0.0,6.5772,0.4919,8.863,1.7918,0.525,-0.8128,0.0,0.0,0.0,0.0,0.0,0.0,0.0,0.0,0.0,0.0,0.0,0.0,0.0136,0.0,0.0
A0376,0.4,0.2,0.2,0.0,0.0,0.0,0.0,0.0,0.0,0.2,0.0,0.0,0.8,0.2,0.4,0.0,0.0,0.0,0.0,0.0,0.0,0.6,0.0,0.0,6.6596,1.0545,9.4884,1.7918,-0.5278,-0.4243,0.0,0.0,0.0,1.0,0.0,0.0,1.0,0.0,0.0,0.0,0.0,0.08,0.2,0.0,0.2
A0548,0.0,0.0,0.0,0.0,0.0,0.0,0.0,0.0,0.0,0.0,1.0,0.0,0.0,0.0,0.0,0.0,0.0,0.0,0.0,0.0,0.0,0.0,0.1,0.0,9.5915,0.164,5.6139,2.3979,-0.1586,-0.8851,0.0,0.0,0.0,1.0,0.0,0.0,4.0,0.0,0.0,0.0,0.0,0.0,0.8,0.5,1.0
A0428,0.6,0.0,0.0,0.0,0.0,0.2,0.2,0.0,0.0,0.0,0.0,0.0,0.4,0.0,0.0,0.0,0.0,0.2,0.6,0.0,0.0,0.0,0.0,0.0,6.6372,1.2686,8.8655,1.7918,-0.7078,0.4396,0.0,0.0,0.0,1.0,0.0,0.0,1.0,0.0872,0.0,0.0,0.0,0.04,0.36,0.0,0.0
A0111,0.2,0.2,0.0,0.0,0.2,0.4,0.0,0.0,0.0,0.0,0.0,0.0,1.0,0.8,0.0,0.0,0.2,0.4,0.0,0.0,0.0,0.0,0.0,0.0,7.238,0.1311,8.057,1.7918,0.1,-0.7596,0.0,0.0,0.0,1.0,0.0,0.0,0.0,0.0,0.0,0.0,0.0,0.0,0.0884,0.0,0.0
A0017,0.2,0.0,0.0,0.2,0.0,0.0,0.2,0.4,0.0,0.0,0.0,0.0,1.0,0.0,0.0,0.2,0.0,0.0,0.8,0.4,0.0,0.0,0.0,0.0,6.6582,1.3989,8.8712,1.7918,-0.901,0.2414,0.0,0.0,0.0,2.0,0.0,0.0,0.0,0.076,0.0,0.0,0.0,0.28,0.0742,0.0,0.0
A0402,0.2,0.4,0.2,0.0,0.0,0.2,0.0,0.0,0.0,0.0,0.0,0.0,0.4,0.6,0.2,0.0,0.0,0.8,0.0,0.0,0.0,0.0,0.0,0.0,7.4217,0.9803,9.321,1.7918,-0.7878,-0.1682,0.0,0.0,0.0,1.0,0.0,0.0,0.0,0.0432,0.0,0.0,0.0,0.2,0.0,0.0,0.0
A0564,0.1818,0.0,0.0,0.0,0.0,0.5455,0.1818,0.0,0.0,0.0,0.0,0.0909,0.4545,0.0,0.0,0.0,0.0,0.0909,0.8182,0.0,0.0,0.0,0.0,0.3636,7.5423,1.3626,10.937,2.4849,0.0932,-0.0643,0.2727,0.0,0.0,1.0,0.0909,0.3747,0.0,0.0055,0.0909,0.0,0.0,0.0909,0.0,0.7328,0.0455
A0566,0.0625,0.0,0.0625,0.0625,0.0625,0.5,0.0625,0.0625,0.0625,0.0,0.0,0.0625,0.9375,0.0,0.75,0.875,1.0,0.0625,0.25,0.4375,0.1875,0.0,0.0,0.3125,7.4892,1.1748,10.835,2.8332,-0.357,-0.1738,0.0625,0.0,0.0,1.0,0.0625,0.4055,0.0,0.0132,0.0625,0.0,0.0,0.175,0.0448,0.734,0.0312
A0568,0.1579,0.0526,0.0526,0.0,0.0,0.4737,0.1579,0.0,0.0526,0.0,0.0,0.0526,0.8421,1.0,0.2632,0.0,0.0,0.1053,0.0526,0.0,0.3684,0.0,0.0,0.7368,7.1029,1.3393,10.8007,2.9957,-0.2525,-0.7347,0.0,0.0,0.0,1.0,0.0526,0.0513,0.0,0.0163,0.0789,0.0,0.0,0.1579,0.0012,0.552,0.0263
A0563,0.1111,0.0,0.0,0.0,0.1111,0.5556,0.0,0.0,0.0,0.0,0.0,0.2222,0.4444,0.0,0.0,0.0,1.0,0.1111,0.0,0.0,0.0,0.0,0.0,0.5556,8.0732,1.0089,10.8194,2.3026,-0.2303,0.245,0.3333,0.0,0.0,1.0,0.2222,0.7472,0.0,0.0,0.0,0.0,0.0,0.0222,0.0222,0.9847,0.1111
A0567,0.0769,0.0,0.0,0.0,0.0,0.6154,0.1538,0.0,0.0,0.0,0.0,0.1538,0.7692,0.0,0.0,0.0,0.0,0.0769,0.3077,0.0,0.0,0.0,0.0,0.2308,7.7994,1.2307,10.7752,2.6391,-0.2199,0.2158,0.0769,0.0,0.0,1.0,0.1538,0.5261,0.0,0.0002,0.0,0.0,0.0,0.0154,0.0788,0.84,0.0769
A0561,0.1429,0.0,0.0,0.0,0.1429,0.5714,0.0,0.0,0.0,0.0,0.0,0.1429,0.8571,0.0,0.0,0.0,0.1429,0.2857,0.0,0.0,0.0,0.0,0.0,0.5714,8.0332,0.8935,10.3879,2.0794,0.0276,0.0615,0.1429,0.0,0.0,1.0,0.1429,0.6931,1.0,0.0,0.0,0.0,0.0,0.0857,0.2,0.918,0.0714
A0562,0.1429,0.1429,0.0714,0.0,0.0714,0.4286,0.0714,0.0,0.0,0.0,0.0,0.0714,0.6429,0.1429,0.8571,0.0,0.4286,0.0714,0.2143,0.0,0.0,0.0,0.0,0.7857,7.6873,1.1765,10.7715,2.7081,-0.5526,-0.1659,0.1429,0.0,0.0,1.0,0.0714,0.2513,0.0,0.0036,0.0714,0.0,0.0,0.1714,0.0,0.6614,0.0357
A0565,0.1429,0.0,0.0,0.0,0.0,0.7143,0.0,0.0,0.0,0.0,0.0,0.1429,0.8571,0.0,0.0,0.0,0.0,0.1429,0.0,0.0,0.0,0.0,0.0,0.7143,8.0323,0.6567,9.4705,2.0794,0.0418,-0.101,0.1429,0.0,0.0,1.0,0.1429,0.619,0.0,0.0,0.0,0.0,0.0,0.0,0.0,0.8809,0.0714
